rgb,mask,steering
driving_model/sim_data/RGB\00000.png,driving_model/sim_data/masks\00000.png,0.0
driving_model/sim_data/RGB\00001.png,driving_model/sim_data/masks\00001.png,0.0
driving_model/sim_data/RGB\00002.png,driving_model/sim_data/masks\00002.png,0.0
driving_model/sim_data/RGB\00003.png,driving_model/sim_data/masks\00003.png,0.0
driving_model/sim_data/RGB\00004.png,driving_model/sim_data/masks\00004.png,0.0
driving_model/sim_data/RGB\00005.png,driving_model/sim_data/masks\00005.png,0.0
driving_model/sim_data/RGB\00006.png,driving_model/sim_data/masks\00006.png,0.0
driving_model/sim_data/RGB\00007.png,driving_model/sim_data/masks\00007.png,0.0
driving_model/sim_data/RGB\00008.png,driving_model/sim_data/masks\00008.png,0.0
driving_model/sim_data/RGB\00009.png,driving_model/sim_data/masks\00009.png,0.0
driving_model/sim_data/RGB\00010.png,driving_model/sim_data/masks\00010.png,0.0
driving_model/sim_data/RGB\00011.png,driving_model/sim_data/masks\00011.png,0.0
driving_model/sim_data/RGB\00012.png,driving_model/sim_data/masks\00012.png,0.0
driving_model/sim_data/RGB\00013.png,driving_model/sim_data/masks\00013.png,0.01131696067750454
driving_model/sim_data/RGB\00014.png,driving_model/sim_data/masks\00014.png,0.005835785996168852
driving_model/sim_data/RGB\00015.png,driving_model/sim_data/masks\00015.png,0.0026000256184488535
driving_model/sim_data/RGB\00016.png,driving_model/sim_data/masks\00016.png,0.0555446557700634
driving_model/sim_data/RGB\00017.png,driving_model/sim_data/masks\00017.png,0.041258081793785095
driving_model/sim_data/RGB\00018.png,driving_model/sim_data/masks\00018.png,0.008131303824484348
driving_model/sim_data/RGB\00019.png,driving_model/sim_data/masks\00019.png,-0.00042623281478881836
driving_model/sim_data/RGB\00020.png,driving_model/sim_data/masks\00020.png,0.0806594118475914
driving_model/sim_data/RGB\00021.png,driving_model/sim_data/masks\00021.png,0.06101982668042183
driving_model/sim_data/RGB\00022.png,driving_model/sim_data/masks\00022.png,0.029702793806791306
driving_model/sim_data/RGB\00023.png,driving_model/sim_data/masks\00023.png,0.019702043384313583
driving_model/sim_data/RGB\00024.png,driving_model/sim_data/masks\00024.png,0.0853554904460907
driving_model/sim_data/RGB\00025.png,driving_model/sim_data/masks\00025.png,0.06184569001197815
driving_model/sim_data/RGB\00026.png,driving_model/sim_data/masks\00026.png,0.02868792414665222
driving_model/sim_data/RGB\00027.png,driving_model/sim_data/masks\00027.png,0.005793396383523941
driving_model/sim_data/RGB\00028.png,driving_model/sim_data/masks\00028.png,-0.004856558050960302
driving_model/sim_data/RGB\00029.png,driving_model/sim_data/masks\00029.png,0.09185120463371277
driving_model/sim_data/RGB\00030.png,driving_model/sim_data/masks\00030.png,0.07009848952293396
driving_model/sim_data/RGB\00031.png,driving_model/sim_data/masks\00031.png,0.04087872430682182
driving_model/sim_data/RGB\00032.png,driving_model/sim_data/masks\00032.png,0.009337935596704483
driving_model/sim_data/RGB\00033.png,driving_model/sim_data/masks\00033.png,0.08342283219099045
driving_model/sim_data/RGB\00034.png,driving_model/sim_data/masks\00034.png,0.052600376307964325
driving_model/sim_data/RGB\00035.png,driving_model/sim_data/masks\00035.png,0.02195662446320057
driving_model/sim_data/RGB\00036.png,driving_model/sim_data/masks\00036.png,0.004922058433294296
driving_model/sim_data/RGB\00037.png,driving_model/sim_data/masks\00037.png,0.12386274337768555
driving_model/sim_data/RGB\00038.png,driving_model/sim_data/masks\00038.png,0.09890958666801453
driving_model/sim_data/RGB\00039.png,driving_model/sim_data/masks\00039.png,0.06868847459554672
driving_model/sim_data/RGB\00040.png,driving_model/sim_data/masks\00040.png,0.03440845012664795
driving_model/sim_data/RGB\00041.png,driving_model/sim_data/masks\00041.png,0.009259064681828022
driving_model/sim_data/RGB\00042.png,driving_model/sim_data/masks\00042.png,-0.0030533887911587954
driving_model/sim_data/RGB\00043.png,driving_model/sim_data/masks\00043.png,0.12522339820861816
driving_model/sim_data/RGB\00044.png,driving_model/sim_data/masks\00044.png,0.10079815238714218
driving_model/sim_data/RGB\00045.png,driving_model/sim_data/masks\00045.png,0.03661338612437248
driving_model/sim_data/RGB\00046.png,driving_model/sim_data/masks\00046.png,0.013849832117557526
driving_model/sim_data/RGB\00047.png,driving_model/sim_data/masks\00047.png,0.013849832117557526
driving_model/sim_data/RGB\00048.png,driving_model/sim_data/masks\00048.png,0.13001202046871185
driving_model/sim_data/RGB\00049.png,driving_model/sim_data/masks\00049.png,0.103630430996418
driving_model/sim_data/RGB\00050.png,driving_model/sim_data/masks\00050.png,0.07522407919168472
driving_model/sim_data/RGB\00051.png,driving_model/sim_data/masks\00051.png,0.03849545866250992
driving_model/sim_data/RGB\00052.png,driving_model/sim_data/masks\00052.png,0.009332012385129929
driving_model/sim_data/RGB\00053.png,driving_model/sim_data/masks\00053.png,0.08987229317426682
driving_model/sim_data/RGB\00054.png,driving_model/sim_data/masks\00054.png,0.05408886820077896
driving_model/sim_data/RGB\00055.png,driving_model/sim_data/masks\00055.png,0.03799958527088165
driving_model/sim_data/RGB\00056.png,driving_model/sim_data/masks\00056.png,0.019459959119558334
driving_model/sim_data/RGB\00057.png,driving_model/sim_data/masks\00057.png,0.008671287447214127
driving_model/sim_data/RGB\00058.png,driving_model/sim_data/masks\00058.png,0.09540845453739166
driving_model/sim_data/RGB\00059.png,driving_model/sim_data/masks\00059.png,0.09540845453739166
driving_model/sim_data/RGB\00060.png,driving_model/sim_data/masks\00060.png,0.06530210375785828
driving_model/sim_data/RGB\00061.png,driving_model/sim_data/masks\00061.png,0.000675298273563385
driving_model/sim_data/RGB\00062.png,driving_model/sim_data/masks\00062.png,0.11414128541946411
driving_model/sim_data/RGB\00063.png,driving_model/sim_data/masks\00063.png,0.08973658829927444
driving_model/sim_data/RGB\00064.png,driving_model/sim_data/masks\00064.png,0.06310109049081802
driving_model/sim_data/RGB\00065.png,driving_model/sim_data/masks\00065.png,0.010275349952280521
driving_model/sim_data/RGB\00066.png,driving_model/sim_data/masks\00066.png,-0.0017600483261048794
driving_model/sim_data/RGB\00067.png,driving_model/sim_data/masks\00067.png,0.126898393034935
driving_model/sim_data/RGB\00068.png,driving_model/sim_data/masks\00068.png,0.09946779906749725
driving_model/sim_data/RGB\00069.png,driving_model/sim_data/masks\00069.png,0.06838804483413696
driving_model/sim_data/RGB\00070.png,driving_model/sim_data/masks\00070.png,0.03361193835735321
driving_model/sim_data/RGB\00071.png,driving_model/sim_data/masks\00071.png,0.00061072688549757
driving_model/sim_data/RGB\00072.png,driving_model/sim_data/masks\00072.png,0.1263885200023651
driving_model/sim_data/RGB\00073.png,driving_model/sim_data/masks\00073.png,0.10214323550462723
driving_model/sim_data/RGB\00074.png,driving_model/sim_data/masks\00074.png,0.07007312029600143
driving_model/sim_data/RGB\00075.png,driving_model/sim_data/masks\00075.png,0.006478071212768555
driving_model/sim_data/RGB\00076.png,driving_model/sim_data/masks\00076.png,0.11392757296562195
driving_model/sim_data/RGB\00077.png,driving_model/sim_data/masks\00077.png,0.08761259913444519
driving_model/sim_data/RGB\00078.png,driving_model/sim_data/masks\00078.png,0.05184319242835045
driving_model/sim_data/RGB\00079.png,driving_model/sim_data/masks\00079.png,0.016303282231092453
driving_model/sim_data/RGB\00080.png,driving_model/sim_data/masks\00080.png,0.0060796006582677364
driving_model/sim_data/RGB\00081.png,driving_model/sim_data/masks\00081.png,0.12446735799312592
driving_model/sim_data/RGB\00082.png,driving_model/sim_data/masks\00082.png,0.0982164740562439
driving_model/sim_data/RGB\00083.png,driving_model/sim_data/masks\00083.png,0.03273799642920494
driving_model/sim_data/RGB\00084.png,driving_model/sim_data/masks\00084.png,0.006873831152915955
driving_model/sim_data/RGB\00085.png,driving_model/sim_data/masks\00085.png,-0.0029461104422807693
driving_model/sim_data/RGB\00086.png,driving_model/sim_data/masks\00086.png,0.12249471247196198
driving_model/sim_data/RGB\00087.png,driving_model/sim_data/masks\00087.png,0.09655862301588058
driving_model/sim_data/RGB\00088.png,driving_model/sim_data/masks\00088.png,0.030840180814266205
driving_model/sim_data/RGB\00089.png,driving_model/sim_data/masks\00089.png,0.007455911487340927
driving_model/sim_data/RGB\00090.png,driving_model/sim_data/masks\00090.png,-0.004396257922053337
driving_model/sim_data/RGB\00091.png,driving_model/sim_data/masks\00091.png,0.12942078709602356
driving_model/sim_data/RGB\00092.png,driving_model/sim_data/masks\00092.png,0.09919722378253937
driving_model/sim_data/RGB\00093.png,driving_model/sim_data/masks\00093.png,0.04376260191202164
driving_model/sim_data/RGB\00094.png,driving_model/sim_data/masks\00094.png,0.02329172194004059
driving_model/sim_data/RGB\00095.png,driving_model/sim_data/masks\00095.png,0.011277606710791588
driving_model/sim_data/RGB\00096.png,driving_model/sim_data/masks\00096.png,0.12936516106128693
driving_model/sim_data/RGB\00097.png,driving_model/sim_data/masks\00097.png,0.0714910700917244
driving_model/sim_data/RGB\00098.png,driving_model/sim_data/masks\00098.png,0.03662929683923721
driving_model/sim_data/RGB\00099.png,driving_model/sim_data/masks\00099.png,0.013481821864843369
driving_model/sim_data/RGB\00100.png,driving_model/sim_data/masks\00100.png,0.0034092171117663383
driving_model/sim_data/RGB\00101.png,driving_model/sim_data/masks\00101.png,0.07166226208209991
driving_model/sim_data/RGB\00102.png,driving_model/sim_data/masks\00102.png,0.04998303949832916
driving_model/sim_data/RGB\00103.png,driving_model/sim_data/masks\00103.png,0.02862294763326645
driving_model/sim_data/RGB\00104.png,driving_model/sim_data/masks\00104.png,0.005423160269856453
driving_model/sim_data/RGB\00105.png,driving_model/sim_data/masks\00105.png,0.0019149105064570904
driving_model/sim_data/RGB\00106.png,driving_model/sim_data/masks\00106.png,0.03733660280704498
driving_model/sim_data/RGB\00107.png,driving_model/sim_data/masks\00107.png,0.02811819314956665
driving_model/sim_data/RGB\00108.png,driving_model/sim_data/masks\00108.png,0.009828691370785236
driving_model/sim_data/RGB\00109.png,driving_model/sim_data/masks\00109.png,0.004498342052102089
driving_model/sim_data/RGB\00110.png,driving_model/sim_data/masks\00110.png,0.0011236548889428377
driving_model/sim_data/RGB\00111.png,driving_model/sim_data/masks\00111.png,0.059739790856838226
driving_model/sim_data/RGB\00112.png,driving_model/sim_data/masks\00112.png,0.046155355870723724
driving_model/sim_data/RGB\00113.png,driving_model/sim_data/masks\00113.png,0.01587471179664135
driving_model/sim_data/RGB\00114.png,driving_model/sim_data/masks\00114.png,0.001687993761152029
driving_model/sim_data/RGB\00115.png,driving_model/sim_data/masks\00115.png,-0.0012749714078381658
driving_model/sim_data/RGB\00116.png,driving_model/sim_data/masks\00116.png,0.07502012699842453
driving_model/sim_data/RGB\00117.png,driving_model/sim_data/masks\00117.png,0.05697494372725487
driving_model/sim_data/RGB\00118.png,driving_model/sim_data/masks\00118.png,0.021124670282006264
driving_model/sim_data/RGB\00119.png,driving_model/sim_data/masks\00119.png,0.010860182344913483
driving_model/sim_data/RGB\00120.png,driving_model/sim_data/masks\00120.png,0.0017275457503274083
driving_model/sim_data/RGB\00121.png,driving_model/sim_data/masks\00121.png,0.1248529702425003
driving_model/sim_data/RGB\00122.png,driving_model/sim_data/masks\00122.png,0.0790027529001236
driving_model/sim_data/RGB\00123.png,driving_model/sim_data/masks\00123.png,0.053951628506183624
driving_model/sim_data/RGB\00124.png,driving_model/sim_data/masks\00124.png,0.021396350115537643
driving_model/sim_data/RGB\00125.png,driving_model/sim_data/masks\00125.png,0.012529445812106133
driving_model/sim_data/RGB\00126.png,driving_model/sim_data/masks\00126.png,0.09758537262678146
driving_model/sim_data/RGB\00127.png,driving_model/sim_data/masks\00127.png,0.07816391438245773
driving_model/sim_data/RGB\00128.png,driving_model/sim_data/masks\00128.png,0.026310354471206665
driving_model/sim_data/RGB\00129.png,driving_model/sim_data/masks\00129.png,0.010725773870944977
driving_model/sim_data/RGB\00130.png,driving_model/sim_data/masks\00130.png,0.003429694566875696
driving_model/sim_data/RGB\00131.png,driving_model/sim_data/masks\00131.png,0.09603413194417953
driving_model/sim_data/RGB\00132.png,driving_model/sim_data/masks\00132.png,0.05558592081069946
driving_model/sim_data/RGB\00133.png,driving_model/sim_data/masks\00133.png,0.03583573177456856
driving_model/sim_data/RGB\00134.png,driving_model/sim_data/masks\00134.png,0.012329118326306343
driving_model/sim_data/RGB\00135.png,driving_model/sim_data/masks\00135.png,0.12414927780628204
driving_model/sim_data/RGB\00136.png,driving_model/sim_data/masks\00136.png,0.09503508359193802
driving_model/sim_data/RGB\00137.png,driving_model/sim_data/masks\00137.png,0.05703657492995262
driving_model/sim_data/RGB\00138.png,driving_model/sim_data/masks\00138.png,0.022984912618994713
driving_model/sim_data/RGB\00139.png,driving_model/sim_data/masks\00139.png,0.013497577980160713
driving_model/sim_data/RGB\00140.png,driving_model/sim_data/masks\00140.png,0.12739969789981842
driving_model/sim_data/RGB\00141.png,driving_model/sim_data/masks\00141.png,0.08214977383613586
driving_model/sim_data/RGB\00142.png,driving_model/sim_data/masks\00142.png,0.05564792826771736
driving_model/sim_data/RGB\00143.png,driving_model/sim_data/masks\00143.png,0.02555713802576065
driving_model/sim_data/RGB\00144.png,driving_model/sim_data/masks\00144.png,0.008298179134726524
driving_model/sim_data/RGB\00145.png,driving_model/sim_data/masks\00145.png,0.0029879179783165455
driving_model/sim_data/RGB\00146.png,driving_model/sim_data/masks\00146.png,0.09893973171710968
driving_model/sim_data/RGB\00147.png,driving_model/sim_data/masks\00147.png,0.05836900696158409
driving_model/sim_data/RGB\00148.png,driving_model/sim_data/masks\00148.png,0.01767854019999504
driving_model/sim_data/RGB\00149.png,driving_model/sim_data/masks\00149.png,0.010905347764492035
driving_model/sim_data/RGB\00150.png,driving_model/sim_data/masks\00150.png,0.1296718418598175
driving_model/sim_data/RGB\00151.png,driving_model/sim_data/masks\00151.png,0.08570249378681183
driving_model/sim_data/RGB\00152.png,driving_model/sim_data/masks\00152.png,0.044241949915885925
driving_model/sim_data/RGB\00153.png,driving_model/sim_data/masks\00153.png,0.03101147525012493
driving_model/sim_data/RGB\00154.png,driving_model/sim_data/masks\00154.png,0.012118062004446983
driving_model/sim_data/RGB\00155.png,driving_model/sim_data/masks\00155.png,0.09860754758119583
driving_model/sim_data/RGB\00156.png,driving_model/sim_data/masks\00156.png,0.06506303697824478
driving_model/sim_data/RGB\00157.png,driving_model/sim_data/masks\00157.png,0.04680400341749191
driving_model/sim_data/RGB\00158.png,driving_model/sim_data/masks\00158.png,0.0199265293776989
driving_model/sim_data/RGB\00159.png,driving_model/sim_data/masks\00159.png,0.008485732600092888
driving_model/sim_data/RGB\00160.png,driving_model/sim_data/masks\00160.png,0.10029253363609314
driving_model/sim_data/RGB\00161.png,driving_model/sim_data/masks\00161.png,0.08645247668027878
driving_model/sim_data/RGB\00162.png,driving_model/sim_data/masks\00162.png,0.044743284583091736
driving_model/sim_data/RGB\00163.png,driving_model/sim_data/masks\00163.png,0.01901707798242569
driving_model/sim_data/RGB\00164.png,driving_model/sim_data/masks\00164.png,0.012013991363346577
driving_model/sim_data/RGB\00165.png,driving_model/sim_data/masks\00165.png,0.09525616466999054
driving_model/sim_data/RGB\00166.png,driving_model/sim_data/masks\00166.png,0.06179419159889221
driving_model/sim_data/RGB\00167.png,driving_model/sim_data/masks\00167.png,0.043662309646606445
driving_model/sim_data/RGB\00168.png,driving_model/sim_data/masks\00168.png,0.016052382066845894
driving_model/sim_data/RGB\00169.png,driving_model/sim_data/masks\00169.png,0.12599745392799377
driving_model/sim_data/RGB\00170.png,driving_model/sim_data/masks\00170.png,0.08010496944189072
driving_model/sim_data/RGB\00171.png,driving_model/sim_data/masks\00171.png,0.04237361252307892
driving_model/sim_data/RGB\00172.png,driving_model/sim_data/masks\00172.png,0.030869051814079285
driving_model/sim_data/RGB\00173.png,driving_model/sim_data/masks\00173.png,0.012260980904102325
driving_model/sim_data/RGB\00174.png,driving_model/sim_data/masks\00174.png,0.13198868930339813
driving_model/sim_data/RGB\00175.png,driving_model/sim_data/masks\00175.png,0.09024373441934586
driving_model/sim_data/RGB\00176.png,driving_model/sim_data/masks\00176.png,0.053163204342126846
driving_model/sim_data/RGB\00177.png,driving_model/sim_data/masks\00177.png,0.026933716610074043
driving_model/sim_data/RGB\00178.png,driving_model/sim_data/masks\00178.png,0.019612332805991173
driving_model/sim_data/RGB\00179.png,driving_model/sim_data/masks\00179.png,0.13069890439510345
driving_model/sim_data/RGB\00180.png,driving_model/sim_data/masks\00180.png,0.08537409454584122
driving_model/sim_data/RGB\00181.png,driving_model/sim_data/masks\00181.png,0.06002349406480789
driving_model/sim_data/RGB\00182.png,driving_model/sim_data/masks\00182.png,-0.00788920372724533
driving_model/sim_data/RGB\00183.png,driving_model/sim_data/masks\00183.png,0.11663655936717987
driving_model/sim_data/RGB\00184.png,driving_model/sim_data/masks\00184.png,0.07506092637777328
driving_model/sim_data/RGB\00185.png,driving_model/sim_data/masks\00185.png,0.05446757376194
driving_model/sim_data/RGB\00186.png,driving_model/sim_data/masks\00186.png,0.023283284157514572
driving_model/sim_data/RGB\00187.png,driving_model/sim_data/masks\00187.png,0.009562847204506397
driving_model/sim_data/RGB\00188.png,driving_model/sim_data/masks\00188.png,0.09860440343618393
driving_model/sim_data/RGB\00189.png,driving_model/sim_data/masks\00189.png,0.0635339617729187
driving_model/sim_data/RGB\00190.png,driving_model/sim_data/masks\00190.png,0.03283816948533058
driving_model/sim_data/RGB\00191.png,driving_model/sim_data/masks\00191.png,0.014541121199727058
driving_model/sim_data/RGB\00192.png,driving_model/sim_data/masks\00192.png,0.010622010566294193
driving_model/sim_data/RGB\00193.png,driving_model/sim_data/masks\00193.png,0.08006974309682846
driving_model/sim_data/RGB\00194.png,driving_model/sim_data/masks\00194.png,0.06548190861940384
driving_model/sim_data/RGB\00195.png,driving_model/sim_data/masks\00195.png,0.02902420051395893
driving_model/sim_data/RGB\00196.png,driving_model/sim_data/masks\00196.png,0.012398400343954563
driving_model/sim_data/RGB\00197.png,driving_model/sim_data/masks\00197.png,0.13153868913650513
driving_model/sim_data/RGB\00198.png,driving_model/sim_data/masks\00198.png,0.08529491722583771
driving_model/sim_data/RGB\00199.png,driving_model/sim_data/masks\00199.png,0.060630012303590775
driving_model/sim_data/RGB\00200.png,driving_model/sim_data/masks\00200.png,0.020166225731372833
driving_model/sim_data/RGB\00201.png,driving_model/sim_data/masks\00201.png,0.008621366694569588
driving_model/sim_data/RGB\00202.png,driving_model/sim_data/masks\00202.png,0.12804439663887024
driving_model/sim_data/RGB\00203.png,driving_model/sim_data/masks\00203.png,0.07962989062070847
driving_model/sim_data/RGB\00204.png,driving_model/sim_data/masks\00204.png,0.04853329062461853
driving_model/sim_data/RGB\00205.png,driving_model/sim_data/masks\00205.png,0.022748228162527084
driving_model/sim_data/RGB\00206.png,driving_model/sim_data/masks\00206.png,0.014032780192792416
driving_model/sim_data/RGB\00207.png,driving_model/sim_data/masks\00207.png,0.09419219940900803
driving_model/sim_data/RGB\00208.png,driving_model/sim_data/masks\00208.png,0.0551287904381752
driving_model/sim_data/RGB\00209.png,driving_model/sim_data/masks\00209.png,0.03885328397154808
driving_model/sim_data/RGB\00210.png,driving_model/sim_data/masks\00210.png,0.015720494091510773
driving_model/sim_data/RGB\00211.png,driving_model/sim_data/masks\00211.png,0.006269622594118118
driving_model/sim_data/RGB\00212.png,driving_model/sim_data/masks\00212.png,0.1280238777399063
driving_model/sim_data/RGB\00213.png,driving_model/sim_data/masks\00213.png,0.08129257708787918
driving_model/sim_data/RGB\00214.png,driving_model/sim_data/masks\00214.png,0.05665084719657898
driving_model/sim_data/RGB\00215.png,driving_model/sim_data/masks\00215.png,0.019224148243665695
driving_model/sim_data/RGB\00216.png,driving_model/sim_data/masks\00216.png,0.12347337603569031
driving_model/sim_data/RGB\00217.png,driving_model/sim_data/masks\00217.png,0.09397616982460022
driving_model/sim_data/RGB\00218.png,driving_model/sim_data/masks\00218.png,0.04254818335175514
driving_model/sim_data/RGB\00219.png,driving_model/sim_data/masks\00219.png,0.020860157907009125
driving_model/sim_data/RGB\00220.png,driving_model/sim_data/masks\00220.png,0.012801065109670162
driving_model/sim_data/RGB\00221.png,driving_model/sim_data/masks\00221.png,0.12433189153671265
driving_model/sim_data/RGB\00222.png,driving_model/sim_data/masks\00222.png,0.08012861013412476
driving_model/sim_data/RGB\00223.png,driving_model/sim_data/masks\00223.png,0.03022412583231926
driving_model/sim_data/RGB\00224.png,driving_model/sim_data/masks\00224.png,0.024281181395053864
driving_model/sim_data/RGB\00225.png,driving_model/sim_data/masks\00225.png,0.009882737882435322
driving_model/sim_data/RGB\00226.png,driving_model/sim_data/masks\00226.png,0.09756691753864288
driving_model/sim_data/RGB\00227.png,driving_model/sim_data/masks\00227.png,0.08250609785318375
driving_model/sim_data/RGB\00228.png,driving_model/sim_data/masks\00228.png,0.03969154506921768
driving_model/sim_data/RGB\00229.png,driving_model/sim_data/masks\00229.png,0.013365465216338634
driving_model/sim_data/RGB\00230.png,driving_model/sim_data/masks\00230.png,0.008706682361662388
driving_model/sim_data/RGB\00231.png,driving_model/sim_data/masks\00231.png,0.09669440239667892
driving_model/sim_data/RGB\00232.png,driving_model/sim_data/masks\00232.png,0.05410296842455864
driving_model/sim_data/RGB\00233.png,driving_model/sim_data/masks\00233.png,0.03423812985420227
driving_model/sim_data/RGB\00234.png,driving_model/sim_data/masks\00234.png,0.01184605062007904
driving_model/sim_data/RGB\00235.png,driving_model/sim_data/masks\00235.png,0.003974825143814087
driving_model/sim_data/RGB\00236.png,driving_model/sim_data/masks\00236.png,0.09384462982416153
driving_model/sim_data/RGB\00237.png,driving_model/sim_data/masks\00237.png,0.07400419563055038
driving_model/sim_data/RGB\00238.png,driving_model/sim_data/masks\00238.png,0.03158528357744217
driving_model/sim_data/RGB\00239.png,driving_model/sim_data/masks\00239.png,0.0169527530670166
driving_model/sim_data/RGB\00240.png,driving_model/sim_data/masks\00240.png,0.11152197420597076
driving_model/sim_data/RGB\00241.png,driving_model/sim_data/masks\00241.png,0.08663669228553772
driving_model/sim_data/RGB\00242.png,driving_model/sim_data/masks\00242.png,0.03496427834033966
driving_model/sim_data/RGB\00243.png,driving_model/sim_data/masks\00243.png,0.029078930616378784
driving_model/sim_data/RGB\00244.png,driving_model/sim_data/masks\00244.png,0.01580727845430374
driving_model/sim_data/RGB\00245.png,driving_model/sim_data/masks\00245.png,0.12856736779212952
driving_model/sim_data/RGB\00246.png,driving_model/sim_data/masks\00246.png,0.08284652978181839
driving_model/sim_data/RGB\00247.png,driving_model/sim_data/masks\00247.png,0.056880488991737366
driving_model/sim_data/RGB\00248.png,driving_model/sim_data/masks\00248.png,0.020731132477521896
driving_model/sim_data/RGB\00249.png,driving_model/sim_data/masks\00249.png,0.11767598241567612
driving_model/sim_data/RGB\00250.png,driving_model/sim_data/masks\00250.png,0.06715503334999084
driving_model/sim_data/RGB\00251.png,driving_model/sim_data/masks\00251.png,0.04460597038269043
driving_model/sim_data/RGB\00252.png,driving_model/sim_data/masks\00252.png,0.024821441620588303
driving_model/sim_data/RGB\00253.png,driving_model/sim_data/masks\00253.png,0.005831080488860607
driving_model/sim_data/RGB\00254.png,driving_model/sim_data/masks\00254.png,0.002107711276039481
driving_model/sim_data/RGB\00255.png,driving_model/sim_data/masks\00255.png,0.09798815846443176
driving_model/sim_data/RGB\00256.png,driving_model/sim_data/masks\00256.png,0.07256411761045456
driving_model/sim_data/RGB\00257.png,driving_model/sim_data/masks\00257.png,0.05603034049272537
driving_model/sim_data/RGB\00258.png,driving_model/sim_data/masks\00258.png,0.022790247574448586
driving_model/sim_data/RGB\00259.png,driving_model/sim_data/masks\00259.png,0.013827746734023094
driving_model/sim_data/RGB\00260.png,driving_model/sim_data/masks\00260.png,0.0965438038110733
driving_model/sim_data/RGB\00261.png,driving_model/sim_data/masks\00261.png,0.07601791620254517
driving_model/sim_data/RGB\00262.png,driving_model/sim_data/masks\00262.png,0.023205652832984924
driving_model/sim_data/RGB\00263.png,driving_model/sim_data/masks\00263.png,0.012315681204199791
driving_model/sim_data/RGB\00264.png,driving_model/sim_data/masks\00264.png,0.12118010222911835
driving_model/sim_data/RGB\00265.png,driving_model/sim_data/masks\00265.png,0.09357710182666779
driving_model/sim_data/RGB\00266.png,driving_model/sim_data/masks\00266.png,0.04581734165549278
driving_model/sim_data/RGB\00267.png,driving_model/sim_data/masks\00267.png,0.04581734165549278
driving_model/sim_data/RGB\00268.png,driving_model/sim_data/masks\00268.png,0.006866101175546646
driving_model/sim_data/RGB\00269.png,driving_model/sim_data/masks\00269.png,-0.0015311171300709248
driving_model/sim_data/RGB\00270.png,driving_model/sim_data/masks\00270.png,0.11964519321918488
driving_model/sim_data/RGB\00271.png,driving_model/sim_data/masks\00271.png,0.07060089707374573
driving_model/sim_data/RGB\00272.png,driving_model/sim_data/masks\00272.png,0.04676119238138199
driving_model/sim_data/RGB\00273.png,driving_model/sim_data/masks\00273.png,0.027885662391781807
driving_model/sim_data/RGB\00274.png,driving_model/sim_data/masks\00274.png,0.008110534399747849
driving_model/sim_data/RGB\00275.png,driving_model/sim_data/masks\00275.png,0.1231313943862915
driving_model/sim_data/RGB\00276.png,driving_model/sim_data/masks\00276.png,0.09542440623044968
driving_model/sim_data/RGB\00277.png,driving_model/sim_data/masks\00277.png,0.048239655792713165
driving_model/sim_data/RGB\00278.png,driving_model/sim_data/masks\00278.png,0.029616735875606537
driving_model/sim_data/RGB\00279.png,driving_model/sim_data/masks\00279.png,0.11679135262966156
driving_model/sim_data/RGB\00280.png,driving_model/sim_data/masks\00280.png,0.08872956782579422
driving_model/sim_data/RGB\00281.png,driving_model/sim_data/masks\00281.png,0.02926192805171013
driving_model/sim_data/RGB\00282.png,driving_model/sim_data/masks\00282.png,0.017040040343999863
driving_model/sim_data/RGB\00283.png,driving_model/sim_data/masks\00283.png,0.11380541324615479
driving_model/sim_data/RGB\00284.png,driving_model/sim_data/masks\00284.png,0.09019799530506134
driving_model/sim_data/RGB\00285.png,driving_model/sim_data/masks\00285.png,0.04614986479282379
driving_model/sim_data/RGB\00286.png,driving_model/sim_data/masks\00286.png,0.11077892035245895
driving_model/sim_data/RGB\00287.png,driving_model/sim_data/masks\00287.png,0.08039084076881409
driving_model/sim_data/RGB\00288.png,driving_model/sim_data/masks\00288.png,0.030649583786725998
driving_model/sim_data/RGB\00289.png,driving_model/sim_data/masks\00289.png,0.007422487251460552
driving_model/sim_data/RGB\00290.png,driving_model/sim_data/masks\00290.png,0.04555780440568924
driving_model/sim_data/RGB\00291.png,driving_model/sim_data/masks\00291.png,0.011736704036593437
driving_model/sim_data/RGB\00292.png,driving_model/sim_data/masks\00292.png,0.01496292557567358
driving_model/sim_data/RGB\00293.png,driving_model/sim_data/masks\00293.png,-0.004205375909805298
driving_model/sim_data/RGB\00294.png,driving_model/sim_data/masks\00294.png,-0.007198726292699575
driving_model/sim_data/RGB\00295.png,driving_model/sim_data/masks\00295.png,-0.007086503319442272
driving_model/sim_data/RGB\00296.png,driving_model/sim_data/masks\00296.png,-0.0022436983417719603
driving_model/sim_data/RGB\00297.png,driving_model/sim_data/masks\00297.png,2.386484993621707e-05
driving_model/sim_data/RGB\00298.png,driving_model/sim_data/masks\00298.png,0.0023072233889251947
driving_model/sim_data/RGB\00299.png,driving_model/sim_data/masks\00299.png,0.0020752805285155773
driving_model/sim_data/RGB\00300.png,driving_model/sim_data/masks\00300.png,-0.0005828408757224679
driving_model/sim_data/RGB\00301.png,driving_model/sim_data/masks\00301.png,-0.0012311208993196487
driving_model/sim_data/RGB\00302.png,driving_model/sim_data/masks\00302.png,-0.0004775827983394265
driving_model/sim_data/RGB\00303.png,driving_model/sim_data/masks\00303.png,0.0002485241857357323
driving_model/sim_data/RGB\00304.png,driving_model/sim_data/masks\00304.png,0.0
driving_model/sim_data/RGB\00305.png,driving_model/sim_data/masks\00305.png,0.0
driving_model/sim_data/RGB\00306.png,driving_model/sim_data/masks\00306.png,0.0
driving_model/sim_data/RGB\00307.png,driving_model/sim_data/masks\00307.png,0.0
driving_model/sim_data/RGB\00308.png,driving_model/sim_data/masks\00308.png,0.0006155604496598244
driving_model/sim_data/RGB\00309.png,driving_model/sim_data/masks\00309.png,0.0006948008667677641
driving_model/sim_data/RGB\00310.png,driving_model/sim_data/masks\00310.png,-0.0002485241857357323
driving_model/sim_data/RGB\00311.png,driving_model/sim_data/masks\00311.png,0.0
driving_model/sim_data/RGB\00312.png,driving_model/sim_data/masks\00312.png,-0.0006220098002813756
driving_model/sim_data/RGB\00313.png,driving_model/sim_data/masks\00313.png,0.0002485241857357323
driving_model/sim_data/RGB\00314.png,driving_model/sim_data/masks\00314.png,-0.00043982735951431096
driving_model/sim_data/RGB\00315.png,driving_model/sim_data/masks\00315.png,0.00017573311924934387
driving_model/sim_data/RGB\00316.png,driving_model/sim_data/masks\00316.png,0.0006155604496598244
driving_model/sim_data/RGB\00317.png,driving_model/sim_data/masks\00317.png,0.000890448922291398
driving_model/sim_data/RGB\00318.png,driving_model/sim_data/masks\00318.png,-0.000304378685541451
driving_model/sim_data/RGB\00319.png,driving_model/sim_data/masks\00319.png,0.0
driving_model/sim_data/RGB\00320.png,driving_model/sim_data/masks\00320.png,0.0
driving_model/sim_data/RGB\00321.png,driving_model/sim_data/masks\00321.png,0.0
driving_model/sim_data/RGB\00322.png,driving_model/sim_data/masks\00322.png,0.0
driving_model/sim_data/RGB\00323.png,driving_model/sim_data/masks\00323.png,0.0
driving_model/sim_data/RGB\00324.png,driving_model/sim_data/masks\00324.png,-0.0006155604496598244
driving_model/sim_data/RGB\00325.png,driving_model/sim_data/masks\00325.png,-0.00043982735951431096
driving_model/sim_data/RGB\00326.png,driving_model/sim_data/masks\00326.png,0.00017573311924934387
driving_model/sim_data/RGB\00327.png,driving_model/sim_data/masks\00327.png,0.0006155604496598244
driving_model/sim_data/RGB\00328.png,driving_model/sim_data/masks\00328.png,-0.00017573311924934387
driving_model/sim_data/RGB\00329.png,driving_model/sim_data/masks\00329.png,0.0
driving_model/sim_data/RGB\00330.png,driving_model/sim_data/masks\00330.png,0.0
driving_model/sim_data/RGB\00331.png,driving_model/sim_data/masks\00331.png,0.0
driving_model/sim_data/RGB\00332.png,driving_model/sim_data/masks\00332.png,0.0
driving_model/sim_data/RGB\00333.png,driving_model/sim_data/masks\00333.png,0.0
driving_model/sim_data/RGB\00334.png,driving_model/sim_data/masks\00334.png,0.0
driving_model/sim_data/RGB\00335.png,driving_model/sim_data/masks\00335.png,0.0
driving_model/sim_data/RGB\00336.png,driving_model/sim_data/masks\00336.png,0.0
driving_model/sim_data/RGB\00337.png,driving_model/sim_data/masks\00337.png,0.0
driving_model/sim_data/RGB\00338.png,driving_model/sim_data/masks\00338.png,0.0
driving_model/sim_data/RGB\00339.png,driving_model/sim_data/masks\00339.png,0.0
driving_model/sim_data/RGB\00340.png,driving_model/sim_data/masks\00340.png,0.0
driving_model/sim_data/RGB\00341.png,driving_model/sim_data/masks\00341.png,0.0
driving_model/sim_data/RGB\00342.png,driving_model/sim_data/masks\00342.png,-0.0006155604496598244
driving_model/sim_data/RGB\00343.png,driving_model/sim_data/masks\00343.png,-0.00043982735951431096
driving_model/sim_data/RGB\00344.png,driving_model/sim_data/masks\00344.png,0.00017573311924934387
driving_model/sim_data/RGB\00345.png,driving_model/sim_data/masks\00345.png,0.0
driving_model/sim_data/RGB\00346.png,driving_model/sim_data/masks\00346.png,0.0006155604496598244
driving_model/sim_data/RGB\00347.png,driving_model/sim_data/masks\00347.png,0.00043982735951431096
driving_model/sim_data/RGB\00348.png,driving_model/sim_data/masks\00348.png,-0.00017573311924934387
driving_model/sim_data/RGB\00349.png,driving_model/sim_data/masks\00349.png,0.0
driving_model/sim_data/RGB\00350.png,driving_model/sim_data/masks\00350.png,0.0
driving_model/sim_data/RGB\00351.png,driving_model/sim_data/masks\00351.png,0.0
driving_model/sim_data/RGB\00352.png,driving_model/sim_data/masks\00352.png,-0.00017573311924934387
driving_model/sim_data/RGB\00353.png,driving_model/sim_data/masks\00353.png,0.0
driving_model/sim_data/RGB\00354.png,driving_model/sim_data/masks\00354.png,-0.000870533986017108
driving_model/sim_data/RGB\00355.png,driving_model/sim_data/masks\00355.png,0.0
driving_model/sim_data/RGB\00356.png,driving_model/sim_data/masks\00356.png,0.0
driving_model/sim_data/RGB\00357.png,driving_model/sim_data/masks\00357.png,-0.0006155604496598244
driving_model/sim_data/RGB\00358.png,driving_model/sim_data/masks\00358.png,0.00017573311924934387
driving_model/sim_data/RGB\00359.png,driving_model/sim_data/masks\00359.png,-0.0015078091528266668
driving_model/sim_data/RGB\00360.png,driving_model/sim_data/masks\00360.png,-0.0011981634888797998
driving_model/sim_data/RGB\00361.png,driving_model/sim_data/masks\00361.png,-0.00026409426936879754
driving_model/sim_data/RGB\00362.png,driving_model/sim_data/masks\00362.png,-0.0012311208993196487
driving_model/sim_data/RGB\00363.png,driving_model/sim_data/masks\00363.png,-0.0010249688057228923
driving_model/sim_data/RGB\00364.png,driving_model/sim_data/masks\00364.png,0.00035146623849868774
driving_model/sim_data/RGB\00365.png,driving_model/sim_data/masks\00365.png,0.0002485241857357323
driving_model/sim_data/RGB\00366.png,driving_model/sim_data/masks\00366.png,-0.00043982735951431096
driving_model/sim_data/RGB\00367.png,driving_model/sim_data/masks\00367.png,0.00017573311924934387
driving_model/sim_data/RGB\00368.png,driving_model/sim_data/masks\00368.png,0.0
driving_model/sim_data/RGB\00369.png,driving_model/sim_data/masks\00369.png,0.0
driving_model/sim_data/RGB\00370.png,driving_model/sim_data/masks\00370.png,0.0
driving_model/sim_data/RGB\00371.png,driving_model/sim_data/masks\00371.png,0.00017573311924934387
driving_model/sim_data/RGB\00372.png,driving_model/sim_data/masks\00372.png,0.006918863859027624
driving_model/sim_data/RGB\00373.png,driving_model/sim_data/masks\00373.png,0.0036910800263285637
driving_model/sim_data/RGB\00374.png,driving_model/sim_data/masks\00374.png,0.0026948077138513327
driving_model/sim_data/RGB\00375.png,driving_model/sim_data/masks\00375.png,0.0006104320636950433
driving_model/sim_data/RGB\00376.png,driving_model/sim_data/masks\00376.png,0.058479856699705124
driving_model/sim_data/RGB\00377.png,driving_model/sim_data/masks\00377.png,0.030137643218040466
driving_model/sim_data/RGB\00378.png,driving_model/sim_data/masks\00378.png,0.017733965069055557
driving_model/sim_data/RGB\00379.png,driving_model/sim_data/masks\00379.png,0.06116413325071335
driving_model/sim_data/RGB\00380.png,driving_model/sim_data/masks\00380.png,0.03842317312955856
driving_model/sim_data/RGB\00381.png,driving_model/sim_data/masks\00381.png,0.08534663170576096
driving_model/sim_data/RGB\00382.png,driving_model/sim_data/masks\00382.png,0.04053659364581108
driving_model/sim_data/RGB\00383.png,driving_model/sim_data/masks\00383.png,0.08269298076629639
driving_model/sim_data/RGB\00384.png,driving_model/sim_data/masks\00384.png,0.040685541927814484
driving_model/sim_data/RGB\00385.png,driving_model/sim_data/masks\00385.png,0.07812429219484329
driving_model/sim_data/RGB\00386.png,driving_model/sim_data/masks\00386.png,0.044795796275138855
driving_model/sim_data/RGB\00387.png,driving_model/sim_data/masks\00387.png,0.09213551878929138
driving_model/sim_data/RGB\00388.png,driving_model/sim_data/masks\00388.png,0.04492224380373955
driving_model/sim_data/RGB\00389.png,driving_model/sim_data/masks\00389.png,0.08556473255157471
driving_model/sim_data/RGB\00390.png,driving_model/sim_data/masks\00390.png,0.06469038128852844
driving_model/sim_data/RGB\00391.png,driving_model/sim_data/masks\00391.png,0.03323913365602493
driving_model/sim_data/RGB\00392.png,driving_model/sim_data/masks\00392.png,0.08544515818357468
driving_model/sim_data/RGB\00393.png,driving_model/sim_data/masks\00393.png,0.04876371845602989
driving_model/sim_data/RGB\00394.png,driving_model/sim_data/masks\00394.png,0.09194779396057129
driving_model/sim_data/RGB\00395.png,driving_model/sim_data/masks\00395.png,0.04366345331072807
driving_model/sim_data/RGB\00396.png,driving_model/sim_data/masks\00396.png,0.08528595417737961
driving_model/sim_data/RGB\00397.png,driving_model/sim_data/masks\00397.png,0.0635049045085907
driving_model/sim_data/RGB\00398.png,driving_model/sim_data/masks\00398.png,0.029874669387936592
driving_model/sim_data/RGB\00399.png,driving_model/sim_data/masks\00399.png,0.0828029215335846
driving_model/sim_data/RGB\00400.png,driving_model/sim_data/masks\00400.png,0.048801131546497345
driving_model/sim_data/RGB\00401.png,driving_model/sim_data/masks\00401.png,0.03431537747383118
driving_model/sim_data/RGB\00402.png,driving_model/sim_data/masks\00402.png,0.0644020363688469
driving_model/sim_data/RGB\00403.png,driving_model/sim_data/masks\00403.png,0.04869100823998451
driving_model/sim_data/RGB\00404.png,driving_model/sim_data/masks\00404.png,0.0854729562997818
driving_model/sim_data/RGB\00405.png,driving_model/sim_data/masks\00405.png,0.05023135617375374
driving_model/sim_data/RGB\00406.png,driving_model/sim_data/masks\00406.png,0.03601808845996857
driving_model/sim_data/RGB\00407.png,driving_model/sim_data/masks\00407.png,0.06656200438737869
driving_model/sim_data/RGB\00408.png,driving_model/sim_data/masks\00408.png,0.05048447474837303
driving_model/sim_data/RGB\00409.png,driving_model/sim_data/masks\00409.png,0.08864350616931915
driving_model/sim_data/RGB\00410.png,driving_model/sim_data/masks\00410.png,0.05266386643052101
driving_model/sim_data/RGB\00411.png,driving_model/sim_data/masks\00411.png,0.026943765580654144
driving_model/sim_data/RGB\00412.png,driving_model/sim_data/masks\00412.png,0.08566952496767044
driving_model/sim_data/RGB\00413.png,driving_model/sim_data/masks\00413.png,0.05218365415930748
driving_model/sim_data/RGB\00414.png,driving_model/sim_data/masks\00414.png,0.09865011274814606
driving_model/sim_data/RGB\00415.png,driving_model/sim_data/masks\00415.png,0.05475541204214096
driving_model/sim_data/RGB\00416.png,driving_model/sim_data/masks\00416.png,0.11981905251741409
driving_model/sim_data/RGB\00417.png,driving_model/sim_data/masks\00417.png,0.08620050549507141
driving_model/sim_data/RGB\00418.png,driving_model/sim_data/masks\00418.png,0.049029141664505005
driving_model/sim_data/RGB\00419.png,driving_model/sim_data/masks\00419.png,0.017003949731588364
driving_model/sim_data/RGB\00420.png,driving_model/sim_data/masks\00420.png,0.010894114151597023
driving_model/sim_data/RGB\00421.png,driving_model/sim_data/masks\00421.png,0.13942977786064148
driving_model/sim_data/RGB\00422.png,driving_model/sim_data/masks\00422.png,0.09130697697401047
driving_model/sim_data/RGB\00423.png,driving_model/sim_data/masks\00423.png,0.04293861612677574
driving_model/sim_data/RGB\00424.png,driving_model/sim_data/masks\00424.png,0.03685392439365387
driving_model/sim_data/RGB\00425.png,driving_model/sim_data/masks\00425.png,0.0845591351389885
driving_model/sim_data/RGB\00426.png,driving_model/sim_data/masks\00426.png,0.04980423301458359
driving_model/sim_data/RGB\00427.png,driving_model/sim_data/masks\00427.png,0.0899491012096405
driving_model/sim_data/RGB\00428.png,driving_model/sim_data/masks\00428.png,0.06311868876218796
driving_model/sim_data/RGB\00429.png,driving_model/sim_data/masks\00429.png,0.03379020467400551
driving_model/sim_data/RGB\00430.png,driving_model/sim_data/masks\00430.png,0.0661671906709671
driving_model/sim_data/RGB\00431.png,driving_model/sim_data/masks\00431.png,0.051877591758966446
driving_model/sim_data/RGB\00432.png,driving_model/sim_data/masks\00432.png,0.08905597776174545
driving_model/sim_data/RGB\00433.png,driving_model/sim_data/masks\00433.png,0.0661396011710167
driving_model/sim_data/RGB\00434.png,driving_model/sim_data/masks\00434.png,0.02934873476624489
driving_model/sim_data/RGB\00435.png,driving_model/sim_data/masks\00435.png,0.08727992326021194
driving_model/sim_data/RGB\00436.png,driving_model/sim_data/masks\00436.png,0.05386614799499512
driving_model/sim_data/RGB\00437.png,driving_model/sim_data/masks\00437.png,0.09260693937540054
driving_model/sim_data/RGB\00438.png,driving_model/sim_data/masks\00438.png,0.06967153400182724
driving_model/sim_data/RGB\00439.png,driving_model/sim_data/masks\00439.png,0.038368482142686844
driving_model/sim_data/RGB\00440.png,driving_model/sim_data/masks\00440.png,0.06292431056499481
driving_model/sim_data/RGB\00441.png,driving_model/sim_data/masks\00441.png,0.03593836724758148
driving_model/sim_data/RGB\00442.png,driving_model/sim_data/masks\00442.png,0.06624835729598999
driving_model/sim_data/RGB\00443.png,driving_model/sim_data/masks\00443.png,0.048988260328769684
driving_model/sim_data/RGB\00444.png,driving_model/sim_data/masks\00444.png,0.08917791396379471
driving_model/sim_data/RGB\00445.png,driving_model/sim_data/masks\00445.png,0.05479270592331886
driving_model/sim_data/RGB\00446.png,driving_model/sim_data/masks\00446.png,0.02709859237074852
driving_model/sim_data/RGB\00447.png,driving_model/sim_data/masks\00447.png,0.08431092649698257
driving_model/sim_data/RGB\00448.png,driving_model/sim_data/masks\00448.png,0.05170157179236412
driving_model/sim_data/RGB\00449.png,driving_model/sim_data/masks\00449.png,0.09177026152610779
driving_model/sim_data/RGB\00450.png,driving_model/sim_data/masks\00450.png,0.05336485058069229
driving_model/sim_data/RGB\00451.png,driving_model/sim_data/masks\00451.png,0.09042086452245712
driving_model/sim_data/RGB\00452.png,driving_model/sim_data/masks\00452.png,0.06790988147258759
driving_model/sim_data/RGB\00453.png,driving_model/sim_data/masks\00453.png,0.03801487386226654
driving_model/sim_data/RGB\00454.png,driving_model/sim_data/masks\00454.png,0.12800855934619904
driving_model/sim_data/RGB\00455.png,driving_model/sim_data/masks\00455.png,0.07952191680669785
driving_model/sim_data/RGB\00456.png,driving_model/sim_data/masks\00456.png,0.041903965175151825
driving_model/sim_data/RGB\00457.png,driving_model/sim_data/masks\00457.png,0.01730351708829403
driving_model/sim_data/RGB\00458.png,driving_model/sim_data/masks\00458.png,0.010087922215461731
driving_model/sim_data/RGB\00459.png,driving_model/sim_data/masks\00459.png,0.08478716760873795
driving_model/sim_data/RGB\00460.png,driving_model/sim_data/masks\00460.png,0.07289466261863708
driving_model/sim_data/RGB\00461.png,driving_model/sim_data/masks\00461.png,0.033812619745731354
driving_model/sim_data/RGB\00462.png,driving_model/sim_data/masks\00462.png,0.016565032303333282
driving_model/sim_data/RGB\00463.png,driving_model/sim_data/masks\00463.png,0.007395463064312935
driving_model/sim_data/RGB\00464.png,driving_model/sim_data/masks\00464.png,0.12439665198326111
driving_model/sim_data/RGB\00465.png,driving_model/sim_data/masks\00465.png,0.06456814706325531
driving_model/sim_data/RGB\00466.png,driving_model/sim_data/masks\00466.png,0.026825612410902977
driving_model/sim_data/RGB\00467.png,driving_model/sim_data/masks\00467.png,0.01511135883629322
driving_model/sim_data/RGB\00468.png,driving_model/sim_data/masks\00468.png,0.006302302703261375
driving_model/sim_data/RGB\00469.png,driving_model/sim_data/masks\00469.png,0.09315847605466843
driving_model/sim_data/RGB\00470.png,driving_model/sim_data/masks\00470.png,0.07227589190006256
driving_model/sim_data/RGB\00471.png,driving_model/sim_data/masks\00471.png,0.016674548387527466
driving_model/sim_data/RGB\00472.png,driving_model/sim_data/masks\00472.png,0.011000285856425762
driving_model/sim_data/RGB\00473.png,driving_model/sim_data/masks\00473.png,0.12463396787643433
driving_model/sim_data/RGB\00474.png,driving_model/sim_data/masks\00474.png,0.09631379693746567
driving_model/sim_data/RGB\00475.png,driving_model/sim_data/masks\00475.png,0.063548244535923
driving_model/sim_data/RGB\00476.png,driving_model/sim_data/masks\00476.png,0.017564382404088974
driving_model/sim_data/RGB\00477.png,driving_model/sim_data/masks\00477.png,0.006479181349277496
driving_model/sim_data/RGB\00478.png,driving_model/sim_data/masks\00478.png,0.09266025573015213
driving_model/sim_data/RGB\00479.png,driving_model/sim_data/masks\00479.png,0.06778077036142349
driving_model/sim_data/RGB\00480.png,driving_model/sim_data/masks\00480.png,0.030852310359477997
driving_model/sim_data/RGB\00481.png,driving_model/sim_data/masks\00481.png,0.0019977414049208164
driving_model/sim_data/RGB\00482.png,driving_model/sim_data/masks\00482.png,-0.0013039243640378118
driving_model/sim_data/RGB\00483.png,driving_model/sim_data/masks\00483.png,0.133991077542305
driving_model/sim_data/RGB\00484.png,driving_model/sim_data/masks\00484.png,0.06748444586992264
driving_model/sim_data/RGB\00485.png,driving_model/sim_data/masks\00485.png,0.03463393449783325
driving_model/sim_data/RGB\00486.png,driving_model/sim_data/masks\00486.png,0.012000282295048237
driving_model/sim_data/RGB\00487.png,driving_model/sim_data/masks\00487.png,0.08850498497486115
driving_model/sim_data/RGB\00488.png,driving_model/sim_data/masks\00488.png,0.06210743635892868
driving_model/sim_data/RGB\00489.png,driving_model/sim_data/masks\00489.png,0.03137966990470886
driving_model/sim_data/RGB\00490.png,driving_model/sim_data/masks\00490.png,0.010190267115831375
driving_model/sim_data/RGB\00491.png,driving_model/sim_data/masks\00491.png,-0.0008266712538897991
driving_model/sim_data/RGB\00492.png,driving_model/sim_data/masks\00492.png,0.12023348361253738
driving_model/sim_data/RGB\00493.png,driving_model/sim_data/masks\00493.png,0.09653618931770325
driving_model/sim_data/RGB\00494.png,driving_model/sim_data/masks\00494.png,0.06622383743524551
driving_model/sim_data/RGB\00495.png,driving_model/sim_data/masks\00495.png,0.014216942712664604
driving_model/sim_data/RGB\00496.png,driving_model/sim_data/masks\00496.png,0.014216942712664604
driving_model/sim_data/RGB\00497.png,driving_model/sim_data/masks\00497.png,0.004856929183006287
driving_model/sim_data/RGB\00498.png,driving_model/sim_data/masks\00498.png,0.12874819338321686
driving_model/sim_data/RGB\00499.png,driving_model/sim_data/masks\00499.png,0.10336020588874817
driving_model/sim_data/RGB\00500.png,driving_model/sim_data/masks\00500.png,0.06107531115412712
driving_model/sim_data/RGB\00501.png,driving_model/sim_data/masks\00501.png,0.020213931798934937
driving_model/sim_data/RGB\00502.png,driving_model/sim_data/masks\00502.png,0.10599315911531448
driving_model/sim_data/RGB\00503.png,driving_model/sim_data/masks\00503.png,0.0763336718082428
driving_model/sim_data/RGB\00504.png,driving_model/sim_data/masks\00504.png,0.00820203684270382
driving_model/sim_data/RGB\00505.png,driving_model/sim_data/masks\00505.png,0.004098929464817047
driving_model/sim_data/RGB\00506.png,driving_model/sim_data/masks\00506.png,-0.0007880611810833216
driving_model/sim_data/RGB\00507.png,driving_model/sim_data/masks\00507.png,0.12604928016662598
driving_model/sim_data/RGB\00508.png,driving_model/sim_data/masks\00508.png,0.10305146872997284
driving_model/sim_data/RGB\00509.png,driving_model/sim_data/masks\00509.png,0.05171102657914162
driving_model/sim_data/RGB\00510.png,driving_model/sim_data/masks\00510.png,0.009028781205415726
driving_model/sim_data/RGB\00511.png,driving_model/sim_data/masks\00511.png,0.10243016481399536
driving_model/sim_data/RGB\00512.png,driving_model/sim_data/masks\00512.png,0.07768808305263519
driving_model/sim_data/RGB\00513.png,driving_model/sim_data/masks\00513.png,0.049738943576812744
driving_model/sim_data/RGB\00514.png,driving_model/sim_data/masks\00514.png,0.0006737960502505302
driving_model/sim_data/RGB\00515.png,driving_model/sim_data/masks\00515.png,-0.0017576634418219328
driving_model/sim_data/RGB\00516.png,driving_model/sim_data/masks\00516.png,0.1266920119524002
driving_model/sim_data/RGB\00517.png,driving_model/sim_data/masks\00517.png,0.1054423600435257
driving_model/sim_data/RGB\00518.png,driving_model/sim_data/masks\00518.png,0.05901855602860451
driving_model/sim_data/RGB\00519.png,driving_model/sim_data/masks\00519.png,0.013472603633999825
driving_model/sim_data/RGB\00520.png,driving_model/sim_data/masks\00520.png,0.10508698970079422
driving_model/sim_data/RGB\00521.png,driving_model/sim_data/masks\00521.png,0.08113822340965271
driving_model/sim_data/RGB\00522.png,driving_model/sim_data/masks\00522.png,0.0490603931248188
driving_model/sim_data/RGB\00523.png,driving_model/sim_data/masks\00523.png,0.013827362097799778
driving_model/sim_data/RGB\00524.png,driving_model/sim_data/masks\00524.png,-0.006917966064065695
driving_model/sim_data/RGB\00525.png,driving_model/sim_data/masks\00525.png,-0.012619750574231148
driving_model/sim_data/RGB\00526.png,driving_model/sim_data/masks\00526.png,0.1330428421497345
driving_model/sim_data/RGB\00527.png,driving_model/sim_data/masks\00527.png,0.10776083916425705
driving_model/sim_data/RGB\00528.png,driving_model/sim_data/masks\00528.png,0.06951475888490677
driving_model/sim_data/RGB\00529.png,driving_model/sim_data/masks\00529.png,0.027718426659703255
driving_model/sim_data/RGB\00530.png,driving_model/sim_data/masks\00530.png,0.0034958934411406517
driving_model/sim_data/RGB\00531.png,driving_model/sim_data/masks\00531.png,0.11678481847047806
driving_model/sim_data/RGB\00532.png,driving_model/sim_data/masks\00532.png,0.09286944568157196
driving_model/sim_data/RGB\00533.png,driving_model/sim_data/masks\00533.png,0.0588470883667469
driving_model/sim_data/RGB\00534.png,driving_model/sim_data/masks\00534.png,0.018744755536317825
driving_model/sim_data/RGB\00535.png,driving_model/sim_data/masks\00535.png,-0.004352419171482325
driving_model/sim_data/RGB\00536.png,driving_model/sim_data/masks\00536.png,0.11096565425395966
driving_model/sim_data/RGB\00537.png,driving_model/sim_data/masks\00537.png,0.08737382292747498
driving_model/sim_data/RGB\00538.png,driving_model/sim_data/masks\00538.png,0.04879998043179512
driving_model/sim_data/RGB\00539.png,driving_model/sim_data/masks\00539.png,0.01470026932656765
driving_model/sim_data/RGB\00540.png,driving_model/sim_data/masks\00540.png,-0.001955778803676367
driving_model/sim_data/RGB\00541.png,driving_model/sim_data/masks\00541.png,0.11633574962615967
driving_model/sim_data/RGB\00542.png,driving_model/sim_data/masks\00542.png,0.09355125576257706
driving_model/sim_data/RGB\00543.png,driving_model/sim_data/masks\00543.png,0.05919145792722702
driving_model/sim_data/RGB\00544.png,driving_model/sim_data/masks\00544.png,0.01724100299179554
driving_model/sim_data/RGB\00545.png,driving_model/sim_data/masks\00545.png,-0.008403847925364971
driving_model/sim_data/RGB\00546.png,driving_model/sim_data/masks\00546.png,0.06182229146361351
driving_model/sim_data/RGB\00547.png,driving_model/sim_data/masks\00547.png,0.05273200944066048
driving_model/sim_data/RGB\00548.png,driving_model/sim_data/masks\00548.png,0.10140644013881683
driving_model/sim_data/RGB\00549.png,driving_model/sim_data/masks\00549.png,0.06954628229141235
driving_model/sim_data/RGB\00550.png,driving_model/sim_data/masks\00550.png,0.028993921354413033
driving_model/sim_data/RGB\00551.png,driving_model/sim_data/masks\00551.png,0.08459910750389099
driving_model/sim_data/RGB\00552.png,driving_model/sim_data/masks\00552.png,0.06011231988668442
driving_model/sim_data/RGB\00553.png,driving_model/sim_data/masks\00553.png,0.08418623358011246
driving_model/sim_data/RGB\00554.png,driving_model/sim_data/masks\00554.png,0.05064968764781952
driving_model/sim_data/RGB\00555.png,driving_model/sim_data/masks\00555.png,0.022080563008785248
driving_model/sim_data/RGB\00556.png,driving_model/sim_data/masks\00556.png,0.07482357323169708
driving_model/sim_data/RGB\00557.png,driving_model/sim_data/masks\00557.png,0.05071001872420311
driving_model/sim_data/RGB\00558.png,driving_model/sim_data/masks\00558.png,0.03562628850340843
driving_model/sim_data/RGB\00559.png,driving_model/sim_data/masks\00559.png,0.06234065070748329
driving_model/sim_data/RGB\00560.png,driving_model/sim_data/masks\00560.png,0.09765502065420151
driving_model/sim_data/RGB\00561.png,driving_model/sim_data/masks\00561.png,0.06249541416764259
driving_model/sim_data/RGB\00562.png,driving_model/sim_data/masks\00562.png,0.03267858922481537
driving_model/sim_data/RGB\00563.png,driving_model/sim_data/masks\00563.png,0.07698909193277359
driving_model/sim_data/RGB\00564.png,driving_model/sim_data/masks\00564.png,0.05469343066215515
driving_model/sim_data/RGB\00565.png,driving_model/sim_data/masks\00565.png,0.03462503105401993
driving_model/sim_data/RGB\00566.png,driving_model/sim_data/masks\00566.png,0.05879007279872894
driving_model/sim_data/RGB\00567.png,driving_model/sim_data/masks\00567.png,0.035714708268642426
driving_model/sim_data/RGB\00568.png,driving_model/sim_data/masks\00568.png,0.08100469410419464
driving_model/sim_data/RGB\00569.png,driving_model/sim_data/masks\00569.png,0.057034313678741455
driving_model/sim_data/RGB\00570.png,driving_model/sim_data/masks\00570.png,0.08079216629266739
driving_model/sim_data/RGB\00571.png,driving_model/sim_data/masks\00571.png,0.05919848755002022
driving_model/sim_data/RGB\00572.png,driving_model/sim_data/masks\00572.png,0.09051941335201263
driving_model/sim_data/RGB\00573.png,driving_model/sim_data/masks\00573.png,0.06632499396800995
driving_model/sim_data/RGB\00574.png,driving_model/sim_data/masks\00574.png,0.04543052241206169
driving_model/sim_data/RGB\00575.png,driving_model/sim_data/masks\00575.png,0.0653330385684967
driving_model/sim_data/RGB\00576.png,driving_model/sim_data/masks\00576.png,0.04236114025115967
driving_model/sim_data/RGB\00577.png,driving_model/sim_data/masks\00577.png,0.06078706309199333
driving_model/sim_data/RGB\00578.png,driving_model/sim_data/masks\00578.png,0.0407329797744751
driving_model/sim_data/RGB\00579.png,driving_model/sim_data/masks\00579.png,0.06967137008905411
driving_model/sim_data/RGB\00580.png,driving_model/sim_data/masks\00580.png,0.05276556685566902
driving_model/sim_data/RGB\00581.png,driving_model/sim_data/masks\00581.png,0.02409433014690876
driving_model/sim_data/RGB\00582.png,driving_model/sim_data/masks\00582.png,0.08743496239185333
driving_model/sim_data/RGB\00583.png,driving_model/sim_data/masks\00583.png,0.0680982917547226
driving_model/sim_data/RGB\00584.png,driving_model/sim_data/masks\00584.png,0.09680226445198059
driving_model/sim_data/RGB\00585.png,driving_model/sim_data/masks\00585.png,0.058666013181209564
driving_model/sim_data/RGB\00586.png,driving_model/sim_data/masks\00586.png,0.042948152869939804
driving_model/sim_data/RGB\00587.png,driving_model/sim_data/masks\00587.png,0.08670994639396667
driving_model/sim_data/RGB\00588.png,driving_model/sim_data/masks\00588.png,0.05043904483318329
driving_model/sim_data/RGB\00589.png,driving_model/sim_data/masks\00589.png,0.0950707271695137
driving_model/sim_data/RGB\00590.png,driving_model/sim_data/masks\00590.png,0.05067780613899231
driving_model/sim_data/RGB\00591.png,driving_model/sim_data/masks\00591.png,0.03233540803194046
driving_model/sim_data/RGB\00592.png,driving_model/sim_data/masks\00592.png,0.05791950225830078
driving_model/sim_data/RGB\00593.png,driving_model/sim_data/masks\00593.png,0.04930844157934189
driving_model/sim_data/RGB\00594.png,driving_model/sim_data/masks\00594.png,0.035572588443756104
driving_model/sim_data/RGB\00595.png,driving_model/sim_data/masks\00595.png,0.06609214097261429
driving_model/sim_data/RGB\00596.png,driving_model/sim_data/masks\00596.png,0.03486594557762146
driving_model/sim_data/RGB\00597.png,driving_model/sim_data/masks\00597.png,0.08665890991687775
driving_model/sim_data/RGB\00598.png,driving_model/sim_data/masks\00598.png,0.04629211127758026
driving_model/sim_data/RGB\00599.png,driving_model/sim_data/masks\00599.png,0.08547458052635193
driving_model/sim_data/RGB\00600.png,driving_model/sim_data/masks\00600.png,0.06509122252464294
driving_model/sim_data/RGB\00601.png,driving_model/sim_data/masks\00601.png,0.03570917993783951
driving_model/sim_data/RGB\00602.png,driving_model/sim_data/masks\00602.png,0.06441962718963623
driving_model/sim_data/RGB\00603.png,driving_model/sim_data/masks\00603.png,0.05447643995285034
driving_model/sim_data/RGB\00604.png,driving_model/sim_data/masks\00604.png,0.09036067128181458
driving_model/sim_data/RGB\00605.png,driving_model/sim_data/masks\00605.png,0.04881427064538002
driving_model/sim_data/RGB\00606.png,driving_model/sim_data/masks\00606.png,0.09334740042686462
driving_model/sim_data/RGB\00607.png,driving_model/sim_data/masks\00607.png,0.04394114762544632
driving_model/sim_data/RGB\00608.png,driving_model/sim_data/masks\00608.png,0.08831026405096054
driving_model/sim_data/RGB\00609.png,driving_model/sim_data/masks\00609.png,0.06641028076410294
driving_model/sim_data/RGB\00610.png,driving_model/sim_data/masks\00610.png,0.031865354627370834
driving_model/sim_data/RGB\00611.png,driving_model/sim_data/masks\00611.png,0.083890400826931
driving_model/sim_data/RGB\00612.png,driving_model/sim_data/masks\00612.png,0.04624960571527481
driving_model/sim_data/RGB\00613.png,driving_model/sim_data/masks\00613.png,0.02924005314707756
driving_model/sim_data/RGB\00614.png,driving_model/sim_data/masks\00614.png,0.06293579190969467
driving_model/sim_data/RGB\00615.png,driving_model/sim_data/masks\00615.png,0.03503350540995598
driving_model/sim_data/RGB\00616.png,driving_model/sim_data/masks\00616.png,0.03503350540995598
driving_model/sim_data/RGB\00617.png,driving_model/sim_data/masks\00617.png,0.09430229663848877
driving_model/sim_data/RGB\00618.png,driving_model/sim_data/masks\00618.png,0.04006585851311684
driving_model/sim_data/RGB\00619.png,driving_model/sim_data/masks\00619.png,0.08597509562969208
driving_model/sim_data/RGB\00620.png,driving_model/sim_data/masks\00620.png,0.045749153941869736
driving_model/sim_data/RGB\00621.png,driving_model/sim_data/masks\00621.png,0.0673520416021347
driving_model/sim_data/RGB\00622.png,driving_model/sim_data/masks\00622.png,0.04455845057964325
driving_model/sim_data/RGB\00623.png,driving_model/sim_data/masks\00623.png,0.08781412243843079
driving_model/sim_data/RGB\00624.png,driving_model/sim_data/masks\00624.png,0.0657469779253006
driving_model/sim_data/RGB\00625.png,driving_model/sim_data/masks\00625.png,0.03265207260847092
driving_model/sim_data/RGB\00626.png,driving_model/sim_data/masks\00626.png,0.11662013083696365
driving_model/sim_data/RGB\00627.png,driving_model/sim_data/masks\00627.png,0.061019450426101685
driving_model/sim_data/RGB\00628.png,driving_model/sim_data/masks\00628.png,0.008296740241348743
driving_model/sim_data/RGB\00629.png,driving_model/sim_data/masks\00629.png,-0.0024179485626518726
driving_model/sim_data/RGB\00630.png,driving_model/sim_data/masks\00630.png,0.021471958607435226
driving_model/sim_data/RGB\00631.png,driving_model/sim_data/masks\00631.png,0.011932107619941235
driving_model/sim_data/RGB\00632.png,driving_model/sim_data/masks\00632.png,-0.0032161760609596968
driving_model/sim_data/RGB\00633.png,driving_model/sim_data/masks\00633.png,-0.004580705892294645
driving_model/sim_data/RGB\00634.png,driving_model/sim_data/masks\00634.png,-0.0034368433989584446
driving_model/sim_data/RGB\00635.png,driving_model/sim_data/masks\00635.png,0.005719504319131374
driving_model/sim_data/RGB\00636.png,driving_model/sim_data/masks\00636.png,0.004983862861990929
driving_model/sim_data/RGB\00637.png,driving_model/sim_data/masks\00637.png,0.000908377580344677
driving_model/sim_data/RGB\00638.png,driving_model/sim_data/masks\00638.png,0.000703921657986939
driving_model/sim_data/RGB\00639.png,driving_model/sim_data/masks\00639.png,0.00026409426936879754
driving_model/sim_data/RGB\00640.png,driving_model/sim_data/masks\00640.png,0.0
driving_model/sim_data/RGB\00641.png,driving_model/sim_data/masks\00641.png,0.0
driving_model/sim_data/RGB\00642.png,driving_model/sim_data/masks\00642.png,-0.0003078351728618145
driving_model/sim_data/RGB\00643.png,driving_model/sim_data/masks\00643.png,8.781160431681201e-05
driving_model/sim_data/RGB\00644.png,driving_model/sim_data/masks\00644.png,0.0
driving_model/sim_data/RGB\00645.png,driving_model/sim_data/masks\00645.png,-0.0003078351728618145
driving_model/sim_data/RGB\00646.png,driving_model/sim_data/masks\00646.png,8.781160431681201e-05
driving_model/sim_data/RGB\00647.png,driving_model/sim_data/masks\00647.png,-0.0003078351728618145
driving_model/sim_data/RGB\00648.png,driving_model/sim_data/masks\00648.png,-0.0003475331177469343
driving_model/sim_data/RGB\00649.png,driving_model/sim_data/masks\00649.png,-0.0001836508308770135
driving_model/sim_data/RGB\00650.png,driving_model/sim_data/masks\00650.png,0.0
driving_model/sim_data/RGB\00651.png,driving_model/sim_data/masks\00651.png,0.0
driving_model/sim_data/RGB\00652.png,driving_model/sim_data/masks\00652.png,0.0
driving_model/sim_data/RGB\00653.png,driving_model/sim_data/masks\00653.png,0.0003078351728618145
driving_model/sim_data/RGB\00654.png,driving_model/sim_data/masks\00654.png,-8.781160431681201e-05
driving_model/sim_data/RGB\00655.png,driving_model/sim_data/masks\00655.png,0.0
driving_model/sim_data/RGB\00656.png,driving_model/sim_data/masks\00656.png,0.0
driving_model/sim_data/RGB\00657.png,driving_model/sim_data/masks\00657.png,0.0
driving_model/sim_data/RGB\00658.png,driving_model/sim_data/masks\00658.png,0.0
driving_model/sim_data/RGB\00659.png,driving_model/sim_data/masks\00659.png,0.0
driving_model/sim_data/RGB\00660.png,driving_model/sim_data/masks\00660.png,-0.0003078351728618145
driving_model/sim_data/RGB\00661.png,driving_model/sim_data/masks\00661.png,-0.0004090018628630787
driving_model/sim_data/RGB\00662.png,driving_model/sim_data/masks\00662.png,-0.00038109204615466297
driving_model/sim_data/RGB\00663.png,driving_model/sim_data/masks\00663.png,-0.0002832505269907415
driving_model/sim_data/RGB\00664.png,driving_model/sim_data/masks\00664.png,-0.0001836508308770135
driving_model/sim_data/RGB\00665.png,driving_model/sim_data/masks\00665.png,0.0
driving_model/sim_data/RGB\00666.png,driving_model/sim_data/masks\00666.png,0.0
driving_model/sim_data/RGB\00667.png,driving_model/sim_data/masks\00667.png,0.0
driving_model/sim_data/RGB\00668.png,driving_model/sim_data/masks\00668.png,0.0
driving_model/sim_data/RGB\00669.png,driving_model/sim_data/masks\00669.png,0.0
driving_model/sim_data/RGB\00670.png,driving_model/sim_data/masks\00670.png,0.0
driving_model/sim_data/RGB\00671.png,driving_model/sim_data/masks\00671.png,0.0
driving_model/sim_data/RGB\00672.png,driving_model/sim_data/masks\00672.png,0.0
driving_model/sim_data/RGB\00673.png,driving_model/sim_data/masks\00673.png,0.0
driving_model/sim_data/RGB\00674.png,driving_model/sim_data/masks\00674.png,0.0
driving_model/sim_data/RGB\00675.png,driving_model/sim_data/masks\00675.png,0.0
driving_model/sim_data/RGB\00676.png,driving_model/sim_data/masks\00676.png,0.0
driving_model/sim_data/RGB\00677.png,driving_model/sim_data/masks\00677.png,0.0003078351728618145
driving_model/sim_data/RGB\00678.png,driving_model/sim_data/masks\00678.png,0.00022002359037287533
driving_model/sim_data/RGB\00679.png,driving_model/sim_data/masks\00679.png,0.0
driving_model/sim_data/RGB\00680.png,driving_model/sim_data/masks\00680.png,0.0
driving_model/sim_data/RGB\00681.png,driving_model/sim_data/masks\00681.png,0.0
driving_model/sim_data/RGB\00682.png,driving_model/sim_data/masks\00682.png,0.0
driving_model/sim_data/RGB\00683.png,driving_model/sim_data/masks\00683.png,0.0
driving_model/sim_data/RGB\00684.png,driving_model/sim_data/masks\00684.png,0.0006220098002813756
driving_model/sim_data/RGB\00685.png,driving_model/sim_data/masks\00685.png,0.0
driving_model/sim_data/RGB\00686.png,driving_model/sim_data/masks\00686.png,0.0
driving_model/sim_data/RGB\00687.png,driving_model/sim_data/masks\00687.png,0.0
driving_model/sim_data/RGB\00688.png,driving_model/sim_data/masks\00688.png,-0.00043982735951431096
driving_model/sim_data/RGB\00689.png,driving_model/sim_data/masks\00689.png,-0.0006155604496598244
driving_model/sim_data/RGB\00690.png,driving_model/sim_data/masks\00690.png,0.00017573311924934387
driving_model/sim_data/RGB\00691.png,driving_model/sim_data/masks\00691.png,0.0002485241857357323
driving_model/sim_data/RGB\00692.png,driving_model/sim_data/masks\00692.png,0.0
driving_model/sim_data/RGB\00693.png,driving_model/sim_data/masks\00693.png,0.0
driving_model/sim_data/RGB\00694.png,driving_model/sim_data/masks\00694.png,0.03460906073451042
driving_model/sim_data/RGB\00695.png,driving_model/sim_data/masks\00695.png,0.019700340926647186
driving_model/sim_data/RGB\00696.png,driving_model/sim_data/masks\00696.png,0.01216205209493637
driving_model/sim_data/RGB\00697.png,driving_model/sim_data/masks\00697.png,-0.0003531291149556637
driving_model/sim_data/RGB\00698.png,driving_model/sim_data/masks\00698.png,-0.0008242614567279816
driving_model/sim_data/RGB\00699.png,driving_model/sim_data/masks\00699.png,0.07654570788145065
driving_model/sim_data/RGB\00700.png,driving_model/sim_data/masks\00700.png,0.04135982692241669
driving_model/sim_data/RGB\00701.png,driving_model/sim_data/masks\00701.png,0.016505545005202293
driving_model/sim_data/RGB\00702.png,driving_model/sim_data/masks\00702.png,0.051842112094163895
driving_model/sim_data/RGB\00703.png,driving_model/sim_data/masks\00703.png,0.04071461036801338
driving_model/sim_data/RGB\00704.png,driving_model/sim_data/masks\00704.png,0.07968132197856903
driving_model/sim_data/RGB\00705.png,driving_model/sim_data/masks\00705.png,0.047124139964580536
driving_model/sim_data/RGB\00706.png,driving_model/sim_data/masks\00706.png,0.06530468910932541
driving_model/sim_data/RGB\00707.png,driving_model/sim_data/masks\00707.png,0.03270702809095383
driving_model/sim_data/RGB\00708.png,driving_model/sim_data/masks\00708.png,0.07990124821662903
driving_model/sim_data/RGB\00709.png,driving_model/sim_data/masks\00709.png,0.04238344356417656
driving_model/sim_data/RGB\00710.png,driving_model/sim_data/masks\00710.png,0.05734389275312424
driving_model/sim_data/RGB\00711.png,driving_model/sim_data/masks\00711.png,0.045415882021188736
driving_model/sim_data/RGB\00712.png,driving_model/sim_data/masks\00712.png,0.07973707467317581
driving_model/sim_data/RGB\00713.png,driving_model/sim_data/masks\00713.png,0.042987652122974396
driving_model/sim_data/RGB\00714.png,driving_model/sim_data/masks\00714.png,0.03595833107829094
driving_model/sim_data/RGB\00715.png,driving_model/sim_data/masks\00715.png,0.05703581124544144
driving_model/sim_data/RGB\00716.png,driving_model/sim_data/masks\00716.png,0.04432050138711929
driving_model/sim_data/RGB\00717.png,driving_model/sim_data/masks\00717.png,0.06259411573410034
driving_model/sim_data/RGB\00718.png,driving_model/sim_data/masks\00718.png,0.029837151989340782
driving_model/sim_data/RGB\00719.png,driving_model/sim_data/masks\00719.png,0.07888626307249069
driving_model/sim_data/RGB\00720.png,driving_model/sim_data/masks\00720.png,0.04197767749428749
driving_model/sim_data/RGB\00721.png,driving_model/sim_data/masks\00721.png,0.08104688674211502
driving_model/sim_data/RGB\00722.png,driving_model/sim_data/masks\00722.png,0.06261790543794632
driving_model/sim_data/RGB\00723.png,driving_model/sim_data/masks\00723.png,0.03389204666018486
driving_model/sim_data/RGB\00724.png,driving_model/sim_data/masks\00724.png,0.0772596076130867
driving_model/sim_data/RGB\00725.png,driving_model/sim_data/masks\00725.png,0.05970199406147003
driving_model/sim_data/RGB\00726.png,driving_model/sim_data/masks\00726.png,0.0942455306649208
driving_model/sim_data/RGB\00727.png,driving_model/sim_data/masks\00727.png,0.05521358549594879
driving_model/sim_data/RGB\00728.png,driving_model/sim_data/masks\00728.png,0.08416561037302017
driving_model/sim_data/RGB\00729.png,driving_model/sim_data/masks\00729.png,0.06297987699508667
driving_model/sim_data/RGB\00730.png,driving_model/sim_data/masks\00730.png,0.03214588761329651
driving_model/sim_data/RGB\00731.png,driving_model/sim_data/masks\00731.png,0.061334043741226196
driving_model/sim_data/RGB\00732.png,driving_model/sim_data/masks\00732.png,0.0489068329334259
driving_model/sim_data/RGB\00733.png,driving_model/sim_data/masks\00733.png,0.025889158248901367
driving_model/sim_data/RGB\00734.png,driving_model/sim_data/masks\00734.png,0.08166079223155975
driving_model/sim_data/RGB\00735.png,driving_model/sim_data/masks\00735.png,0.04248487204313278
driving_model/sim_data/RGB\00736.png,driving_model/sim_data/masks\00736.png,0.03450789675116539
driving_model/sim_data/RGB\00737.png,driving_model/sim_data/masks\00737.png,0.0642114207148552
driving_model/sim_data/RGB\00738.png,driving_model/sim_data/masks\00738.png,0.12186241894960403
driving_model/sim_data/RGB\00739.png,driving_model/sim_data/masks\00739.png,0.09461277723312378
driving_model/sim_data/RGB\00740.png,driving_model/sim_data/masks\00740.png,0.04480443149805069
driving_model/sim_data/RGB\00741.png,driving_model/sim_data/masks\00741.png,0.02437049150466919
driving_model/sim_data/RGB\00742.png,driving_model/sim_data/masks\00742.png,0.015464000403881073
driving_model/sim_data/RGB\00743.png,driving_model/sim_data/masks\00743.png,0.005378917325288057
driving_model/sim_data/RGB\00744.png,driving_model/sim_data/masks\00744.png,0.13619659841060638
driving_model/sim_data/RGB\00745.png,driving_model/sim_data/masks\00745.png,0.09484323859214783
driving_model/sim_data/RGB\00746.png,driving_model/sim_data/masks\00746.png,0.05653653293848038
driving_model/sim_data/RGB\00747.png,driving_model/sim_data/masks\00747.png,0.027078812941908836
driving_model/sim_data/RGB\00748.png,driving_model/sim_data/masks\00748.png,0.08191477507352829
driving_model/sim_data/RGB\00749.png,driving_model/sim_data/masks\00749.png,0.047055501490831375
driving_model/sim_data/RGB\00750.png,driving_model/sim_data/masks\00750.png,0.0836435928940773
driving_model/sim_data/RGB\00751.png,driving_model/sim_data/masks\00751.png,0.06001948192715645
driving_model/sim_data/RGB\00752.png,driving_model/sim_data/masks\00752.png,0.035908292979002
driving_model/sim_data/RGB\00753.png,driving_model/sim_data/masks\00753.png,0.06443940103054047
driving_model/sim_data/RGB\00754.png,driving_model/sim_data/masks\00754.png,0.04003405198454857
driving_model/sim_data/RGB\00755.png,driving_model/sim_data/masks\00755.png,0.08184018731117249
driving_model/sim_data/RGB\00756.png,driving_model/sim_data/masks\00756.png,0.047945305705070496
driving_model/sim_data/RGB\00757.png,driving_model/sim_data/masks\00757.png,0.08605917543172836
driving_model/sim_data/RGB\00758.png,driving_model/sim_data/masks\00758.png,0.06562940776348114
driving_model/sim_data/RGB\00759.png,driving_model/sim_data/masks\00759.png,0.03445945680141449
driving_model/sim_data/RGB\00760.png,driving_model/sim_data/masks\00760.png,0.06461188942193985
driving_model/sim_data/RGB\00761.png,driving_model/sim_data/masks\00761.png,0.03422551974654198
driving_model/sim_data/RGB\00762.png,driving_model/sim_data/masks\00762.png,0.08228553831577301
driving_model/sim_data/RGB\00763.png,driving_model/sim_data/masks\00763.png,0.04709279164671898
driving_model/sim_data/RGB\00764.png,driving_model/sim_data/masks\00764.png,0.08380912989377975
driving_model/sim_data/RGB\00765.png,driving_model/sim_data/masks\00765.png,0.06376972049474716
driving_model/sim_data/RGB\00766.png,driving_model/sim_data/masks\00766.png,0.02891560271382332
driving_model/sim_data/RGB\00767.png,driving_model/sim_data/masks\00767.png,0.0633709728717804
driving_model/sim_data/RGB\00768.png,driving_model/sim_data/masks\00768.png,0.04859292134642601
driving_model/sim_data/RGB\00769.png,driving_model/sim_data/masks\00769.png,0.07986917346715927
driving_model/sim_data/RGB\00770.png,driving_model/sim_data/masks\00770.png,0.04138708859682083
driving_model/sim_data/RGB\00771.png,driving_model/sim_data/masks\00771.png,0.08401955664157867
driving_model/sim_data/RGB\00772.png,driving_model/sim_data/masks\00772.png,0.06321721524000168
driving_model/sim_data/RGB\00773.png,driving_model/sim_data/masks\00773.png,0.033003538846969604
driving_model/sim_data/RGB\00774.png,driving_model/sim_data/masks\00774.png,0.060953401029109955
driving_model/sim_data/RGB\00775.png,driving_model/sim_data/masks\00775.png,0.043549057096242905
driving_model/sim_data/RGB\00776.png,driving_model/sim_data/masks\00776.png,0.13085947930812836
driving_model/sim_data/RGB\00777.png,driving_model/sim_data/masks\00777.png,0.08130456507205963
driving_model/sim_data/RGB\00778.png,driving_model/sim_data/masks\00778.png,0.04346833750605583
driving_model/sim_data/RGB\00779.png,driving_model/sim_data/masks\00779.png,0.016060758382081985
driving_model/sim_data/RGB\00780.png,driving_model/sim_data/masks\00780.png,0.013632455840706825
driving_model/sim_data/RGB\00781.png,driving_model/sim_data/masks\00781.png,0.06611663103103638
driving_model/sim_data/RGB\00782.png,driving_model/sim_data/masks\00782.png,0.03950337693095207
driving_model/sim_data/RGB\00783.png,driving_model/sim_data/masks\00783.png,0.0180512685328722
driving_model/sim_data/RGB\00784.png,driving_model/sim_data/masks\00784.png,0.008305147290229797
driving_model/sim_data/RGB\00785.png,driving_model/sim_data/masks\00785.png,0.005795877892524004
driving_model/sim_data/RGB\00786.png,driving_model/sim_data/masks\00786.png,0.06712611019611359
driving_model/sim_data/RGB\00787.png,driving_model/sim_data/masks\00787.png,0.0431816503405571
driving_model/sim_data/RGB\00788.png,driving_model/sim_data/masks\00788.png,0.021458569914102554
driving_model/sim_data/RGB\00789.png,driving_model/sim_data/masks\00789.png,0.014433830976486206
driving_model/sim_data/RGB\00790.png,driving_model/sim_data/masks\00790.png,0.0071390606462955475
driving_model/sim_data/RGB\00791.png,driving_model/sim_data/masks\00791.png,0.08779996633529663
driving_model/sim_data/RGB\00792.png,driving_model/sim_data/masks\00792.png,0.056365881115198135
driving_model/sim_data/RGB\00793.png,driving_model/sim_data/masks\00793.png,0.04068651795387268
driving_model/sim_data/RGB\00794.png,driving_model/sim_data/masks\00794.png,0.01600111834704876
driving_model/sim_data/RGB\00795.png,driving_model/sim_data/masks\00795.png,0.1207195520401001
driving_model/sim_data/RGB\00796.png,driving_model/sim_data/masks\00796.png,0.07949230074882507
driving_model/sim_data/RGB\00797.png,driving_model/sim_data/masks\00797.png,0.044054485857486725
driving_model/sim_data/RGB\00798.png,driving_model/sim_data/masks\00798.png,0.021453162655234337
driving_model/sim_data/RGB\00799.png,driving_model/sim_data/masks\00799.png,0.014668881893157959
driving_model/sim_data/RGB\00800.png,driving_model/sim_data/masks\00800.png,0.006527159363031387
driving_model/sim_data/RGB\00801.png,driving_model/sim_data/masks\00801.png,0.09959657490253448
driving_model/sim_data/RGB\00802.png,driving_model/sim_data/masks\00802.png,0.06783187389373779
driving_model/sim_data/RGB\00803.png,driving_model/sim_data/masks\00803.png,0.05206992104649544
driving_model/sim_data/RGB\00804.png,driving_model/sim_data/masks\00804.png,0.02539641410112381
driving_model/sim_data/RGB\00805.png,driving_model/sim_data/masks\00805.png,0.12934790551662445
driving_model/sim_data/RGB\00806.png,driving_model/sim_data/masks\00806.png,0.09857489913702011
driving_model/sim_data/RGB\00807.png,driving_model/sim_data/masks\00807.png,0.06085086241364479
driving_model/sim_data/RGB\00808.png,driving_model/sim_data/masks\00808.png,0.029147610068321228
driving_model/sim_data/RGB\00809.png,driving_model/sim_data/masks\00809.png,0.013401865027844906
driving_model/sim_data/RGB\00810.png,driving_model/sim_data/masks\00810.png,0.009666629135608673
driving_model/sim_data/RGB\00811.png,driving_model/sim_data/masks\00811.png,0.09884480386972427
driving_model/sim_data/RGB\00812.png,driving_model/sim_data/masks\00812.png,0.07594844698905945
driving_model/sim_data/RGB\00813.png,driving_model/sim_data/masks\00813.png,0.030232323333621025
driving_model/sim_data/RGB\00814.png,driving_model/sim_data/masks\00814.png,0.0059717618860304356
driving_model/sim_data/RGB\00815.png,driving_model/sim_data/masks\00815.png,0.0937364399433136
driving_model/sim_data/RGB\00816.png,driving_model/sim_data/masks\00816.png,0.060052625834941864
driving_model/sim_data/RGB\00817.png,driving_model/sim_data/masks\00817.png,0.04463041201233864
driving_model/sim_data/RGB\00818.png,driving_model/sim_data/masks\00818.png,0.02231375128030777
driving_model/sim_data/RGB\00819.png,driving_model/sim_data/masks\00819.png,0.009594290517270565
driving_model/sim_data/RGB\00820.png,driving_model/sim_data/masks\00820.png,0.10039862245321274
driving_model/sim_data/RGB\00821.png,driving_model/sim_data/masks\00821.png,0.06889396160840988
driving_model/sim_data/RGB\00822.png,driving_model/sim_data/masks\00822.png,0.03659769520163536
driving_model/sim_data/RGB\00823.png,driving_model/sim_data/masks\00823.png,0.02669215388596058
driving_model/sim_data/RGB\00824.png,driving_model/sim_data/masks\00824.png,0.011384926736354828
driving_model/sim_data/RGB\00825.png,driving_model/sim_data/masks\00825.png,0.09980227798223495
driving_model/sim_data/RGB\00826.png,driving_model/sim_data/masks\00826.png,0.06090979278087616
driving_model/sim_data/RGB\00827.png,driving_model/sim_data/masks\00827.png,0.02905835583806038
driving_model/sim_data/RGB\00828.png,driving_model/sim_data/masks\00828.png,0.017160020768642426
driving_model/sim_data/RGB\00829.png,driving_model/sim_data/masks\00829.png,0.12917710840702057
driving_model/sim_data/RGB\00830.png,driving_model/sim_data/masks\00830.png,0.08119602501392365
driving_model/sim_data/RGB\00831.png,driving_model/sim_data/masks\00831.png,0.056923821568489075
driving_model/sim_data/RGB\00832.png,driving_model/sim_data/masks\00832.png,0.02130134031176567
driving_model/sim_data/RGB\00833.png,driving_model/sim_data/masks\00833.png,0.006831052713096142
driving_model/sim_data/RGB\00834.png,driving_model/sim_data/masks\00834.png,0.12540698051452637
driving_model/sim_data/RGB\00835.png,driving_model/sim_data/masks\00835.png,0.08310698717832565
driving_model/sim_data/RGB\00836.png,driving_model/sim_data/masks\00836.png,0.04252998158335686
driving_model/sim_data/RGB\00837.png,driving_model/sim_data/masks\00837.png,0.017307236790657043
driving_model/sim_data/RGB\00838.png,driving_model/sim_data/masks\00838.png,0.011380733922123909
driving_model/sim_data/RGB\00839.png,driving_model/sim_data/masks\00839.png,0.1327185481786728
driving_model/sim_data/RGB\00840.png,driving_model/sim_data/masks\00840.png,0.09035000950098038
driving_model/sim_data/RGB\00841.png,driving_model/sim_data/masks\00841.png,0.0519263818860054
driving_model/sim_data/RGB\00842.png,driving_model/sim_data/masks\00842.png,0.022167040035128593
driving_model/sim_data/RGB\00843.png,driving_model/sim_data/masks\00843.png,0.015544372610747814
driving_model/sim_data/RGB\00844.png,driving_model/sim_data/masks\00844.png,0.09830042719841003
driving_model/sim_data/RGB\00845.png,driving_model/sim_data/masks\00845.png,0.0539797879755497
driving_model/sim_data/RGB\00846.png,driving_model/sim_data/masks\00846.png,0.03804461285471916
driving_model/sim_data/RGB\00847.png,driving_model/sim_data/masks\00847.png,0.016926763579249382
driving_model/sim_data/RGB\00848.png,driving_model/sim_data/masks\00848.png,0.007792428135871887
driving_model/sim_data/RGB\00849.png,driving_model/sim_data/masks\00849.png,0.09929422289133072
driving_model/sim_data/RGB\00850.png,driving_model/sim_data/masks\00850.png,0.05273979529738426
driving_model/sim_data/RGB\00851.png,driving_model/sim_data/masks\00851.png,0.041541412472724915
driving_model/sim_data/RGB\00852.png,driving_model/sim_data/masks\00852.png,0.014799420721828938
driving_model/sim_data/RGB\00853.png,driving_model/sim_data/masks\00853.png,0.12961015105247498
driving_model/sim_data/RGB\00854.png,driving_model/sim_data/masks\00854.png,0.09910954535007477
driving_model/sim_data/RGB\00855.png,driving_model/sim_data/masks\00855.png,0.06312832236289978
driving_model/sim_data/RGB\00856.png,driving_model/sim_data/masks\00856.png,0.02974236011505127
driving_model/sim_data/RGB\00857.png,driving_model/sim_data/masks\00857.png,0.013047070242464542
driving_model/sim_data/RGB\00858.png,driving_model/sim_data/masks\00858.png,0.09707708656787872
driving_model/sim_data/RGB\00859.png,driving_model/sim_data/masks\00859.png,0.08120627701282501
driving_model/sim_data/RGB\00860.png,driving_model/sim_data/masks\00860.png,0.037754569202661514
driving_model/sim_data/RGB\00861.png,driving_model/sim_data/masks\00861.png,0.01606508158147335
driving_model/sim_data/RGB\00862.png,driving_model/sim_data/masks\00862.png,0.010948564857244492
driving_model/sim_data/RGB\00863.png,driving_model/sim_data/masks\00863.png,0.09775442630052567
driving_model/sim_data/RGB\00864.png,driving_model/sim_data/masks\00864.png,0.07608866691589355
driving_model/sim_data/RGB\00865.png,driving_model/sim_data/masks\00865.png,0.02927795797586441
driving_model/sim_data/RGB\00866.png,driving_model/sim_data/masks\00866.png,0.009274681098759174
driving_model/sim_data/RGB\00867.png,driving_model/sim_data/masks\00867.png,0.005187235772609711
driving_model/sim_data/RGB\00868.png,driving_model/sim_data/masks\00868.png,0.12885361909866333
driving_model/sim_data/RGB\00869.png,driving_model/sim_data/masks\00869.png,0.07471831142902374
driving_model/sim_data/RGB\00870.png,driving_model/sim_data/masks\00870.png,0.03245503082871437
driving_model/sim_data/RGB\00871.png,driving_model/sim_data/masks\00871.png,0.01600603200495243
driving_model/sim_data/RGB\00872.png,driving_model/sim_data/masks\00872.png,0.12740996479988098
driving_model/sim_data/RGB\00873.png,driving_model/sim_data/masks\00873.png,0.09831371158361435
driving_model/sim_data/RGB\00874.png,driving_model/sim_data/masks\00874.png,0.060328979045152664
driving_model/sim_data/RGB\00875.png,driving_model/sim_data/masks\00875.png,0.03989637270569801
driving_model/sim_data/RGB\00876.png,driving_model/sim_data/masks\00876.png,0.014575311914086342
driving_model/sim_data/RGB\00877.png,driving_model/sim_data/masks\00877.png,0.008419427089393139
driving_model/sim_data/RGB\00878.png,driving_model/sim_data/masks\00878.png,0.10330396890640259
driving_model/sim_data/RGB\00879.png,driving_model/sim_data/masks\00879.png,0.08057878166437149
driving_model/sim_data/RGB\00880.png,driving_model/sim_data/masks\00880.png,0.050503555685281754
driving_model/sim_data/RGB\00881.png,driving_model/sim_data/masks\00881.png,0.012919943779706955
driving_model/sim_data/RGB\00882.png,driving_model/sim_data/masks\00882.png,0.12300378084182739
driving_model/sim_data/RGB\00883.png,driving_model/sim_data/masks\00883.png,0.0962890163064003
driving_model/sim_data/RGB\00884.png,driving_model/sim_data/masks\00884.png,0.0675487220287323
driving_model/sim_data/RGB\00885.png,driving_model/sim_data/masks\00885.png,0.03401736915111542
driving_model/sim_data/RGB\00886.png,driving_model/sim_data/masks\00886.png,0.0016915290616452694
driving_model/sim_data/RGB\00887.png,driving_model/sim_data/masks\00887.png,0.12669920921325684
driving_model/sim_data/RGB\00888.png,driving_model/sim_data/masks\00888.png,0.10048679262399673
driving_model/sim_data/RGB\00889.png,driving_model/sim_data/masks\00889.png,0.05706875026226044
driving_model/sim_data/RGB\00890.png,driving_model/sim_data/masks\00890.png,0.03780557960271835
driving_model/sim_data/RGB\00891.png,driving_model/sim_data/masks\00891.png,0.018325533717870712
driving_model/sim_data/RGB\00892.png,driving_model/sim_data/masks\00892.png,0.007488396484404802
driving_model/sim_data/RGB\00893.png,driving_model/sim_data/masks\00893.png,0.1286516785621643
driving_model/sim_data/RGB\00894.png,driving_model/sim_data/masks\00894.png,0.06746795028448105
driving_model/sim_data/RGB\00895.png,driving_model/sim_data/masks\00895.png,0.03155289962887764
driving_model/sim_data/RGB\00896.png,driving_model/sim_data/masks\00896.png,0.004792400635778904
driving_model/sim_data/RGB\00897.png,driving_model/sim_data/masks\00897.png,0.11365239322185516
driving_model/sim_data/RGB\00898.png,driving_model/sim_data/masks\00898.png,0.08800128847360611
driving_model/sim_data/RGB\00899.png,driving_model/sim_data/masks\00899.png,0.05294035002589226
driving_model/sim_data/RGB\00900.png,driving_model/sim_data/masks\00900.png,0.020956719294190407
driving_model/sim_data/RGB\00901.png,driving_model/sim_data/masks\00901.png,-0.0018258458003401756
driving_model/sim_data/RGB\00902.png,driving_model/sim_data/masks\00902.png,-0.009386427700519562
driving_model/sim_data/RGB\00903.png,driving_model/sim_data/masks\00903.png,-0.009386427700519562
driving_model/sim_data/RGB\00904.png,driving_model/sim_data/masks\00904.png,0.1323550045490265
driving_model/sim_data/RGB\00905.png,driving_model/sim_data/masks\00905.png,0.11378601938486099
driving_model/sim_data/RGB\00906.png,driving_model/sim_data/masks\00906.png,0.07741905748844147
driving_model/sim_data/RGB\00907.png,driving_model/sim_data/masks\00907.png,0.035520605742931366
driving_model/sim_data/RGB\00908.png,driving_model/sim_data/masks\00908.png,0.007119555026292801
driving_model/sim_data/RGB\00909.png,driving_model/sim_data/masks\00909.png,0.12013617902994156
driving_model/sim_data/RGB\00910.png,driving_model/sim_data/masks\00910.png,0.09321614354848862
driving_model/sim_data/RGB\00911.png,driving_model/sim_data/masks\00911.png,0.05485226958990097
driving_model/sim_data/RGB\00912.png,driving_model/sim_data/masks\00912.png,0.011317967437207699
driving_model/sim_data/RGB\00913.png,driving_model/sim_data/masks\00913.png,-0.016156403347849846
driving_model/sim_data/RGB\00914.png,driving_model/sim_data/masks\00914.png,0.11405500769615173
driving_model/sim_data/RGB\00915.png,driving_model/sim_data/masks\00915.png,0.09702260792255402
driving_model/sim_data/RGB\00916.png,driving_model/sim_data/masks\00916.png,0.06641246378421783
driving_model/sim_data/RGB\00917.png,driving_model/sim_data/masks\00917.png,0.030893150717020035
driving_model/sim_data/RGB\00918.png,driving_model/sim_data/masks\00918.png,0.005237421952188015
driving_model/sim_data/RGB\00919.png,driving_model/sim_data/masks\00919.png,0.11880923807621002
driving_model/sim_data/RGB\00920.png,driving_model/sim_data/masks\00920.png,0.09372197091579437
driving_model/sim_data/RGB\00921.png,driving_model/sim_data/masks\00921.png,0.059362560510635376
driving_model/sim_data/RGB\00922.png,driving_model/sim_data/masks\00922.png,0.021283242851495743
driving_model/sim_data/RGB\00923.png,driving_model/sim_data/masks\00923.png,-0.001942954957485199
driving_model/sim_data/RGB\00924.png,driving_model/sim_data/masks\00924.png,0.1142866238951683
driving_model/sim_data/RGB\00925.png,driving_model/sim_data/masks\00925.png,0.09121967107057571
driving_model/sim_data/RGB\00926.png,driving_model/sim_data/masks\00926.png,0.05659418925642967
driving_model/sim_data/RGB\00927.png,driving_model/sim_data/masks\00927.png,0.012670233845710754
driving_model/sim_data/RGB\00928.png,driving_model/sim_data/masks\00928.png,0.004389900714159012
driving_model/sim_data/RGB\00929.png,driving_model/sim_data/masks\00929.png,0.12103554606437683
driving_model/sim_data/RGB\00930.png,driving_model/sim_data/masks\00930.png,0.09270918369293213
driving_model/sim_data/RGB\00931.png,driving_model/sim_data/masks\00931.png,0.053527384996414185
driving_model/sim_data/RGB\00932.png,driving_model/sim_data/masks\00932.png,0.011929379776120186
driving_model/sim_data/RGB\00933.png,driving_model/sim_data/masks\00933.png,-0.009888208471238613
driving_model/sim_data/RGB\00934.png,driving_model/sim_data/masks\00934.png,0.11339457333087921
driving_model/sim_data/RGB\00935.png,driving_model/sim_data/masks\00935.png,0.08782345801591873
driving_model/sim_data/RGB\00936.png,driving_model/sim_data/masks\00936.png,0.05511578917503357
driving_model/sim_data/RGB\00937.png,driving_model/sim_data/masks\00937.png,0.020173855125904083
driving_model/sim_data/RGB\00938.png,driving_model/sim_data/masks\00938.png,0.000576394610106945
driving_model/sim_data/RGB\00939.png,driving_model/sim_data/masks\00939.png,0.11906471848487854
driving_model/sim_data/RGB\00940.png,driving_model/sim_data/masks\00940.png,0.0956265926361084
driving_model/sim_data/RGB\00941.png,driving_model/sim_data/masks\00941.png,0.05971556156873703
driving_model/sim_data/RGB\00942.png,driving_model/sim_data/masks\00942.png,0.017937544733285904
driving_model/sim_data/RGB\00943.png,driving_model/sim_data/masks\00943.png,-0.006812658626586199
driving_model/sim_data/RGB\00944.png,driving_model/sim_data/masks\00944.png,0.1162305697798729
driving_model/sim_data/RGB\00945.png,driving_model/sim_data/masks\00945.png,0.09301483631134033
driving_model/sim_data/RGB\00946.png,driving_model/sim_data/masks\00946.png,0.06022171676158905
driving_model/sim_data/RGB\00947.png,driving_model/sim_data/masks\00947.png,0.06022171676158905
driving_model/sim_data/RGB\00948.png,driving_model/sim_data/masks\00948.png,0.027209293097257614
driving_model/sim_data/RGB\00949.png,driving_model/sim_data/masks\00949.png,0.0036755893379449844
driving_model/sim_data/RGB\00950.png,driving_model/sim_data/masks\00950.png,0.11819524317979813
driving_model/sim_data/RGB\00951.png,driving_model/sim_data/masks\00951.png,0.0965404286980629
driving_model/sim_data/RGB\00952.png,driving_model/sim_data/masks\00952.png,0.04870428144931793
driving_model/sim_data/RGB\00953.png,driving_model/sim_data/masks\00953.png,0.0034435875713825226
driving_model/sim_data/RGB\00954.png,driving_model/sim_data/masks\00954.png,-0.01723340153694153
driving_model/sim_data/RGB\00955.png,driving_model/sim_data/masks\00955.png,0.11923098564147949
driving_model/sim_data/RGB\00956.png,driving_model/sim_data/masks\00956.png,0.0989290326833725
driving_model/sim_data/RGB\00957.png,driving_model/sim_data/masks\00957.png,0.06790772080421448
driving_model/sim_data/RGB\00958.png,driving_model/sim_data/masks\00958.png,0.03307599574327469
driving_model/sim_data/RGB\00959.png,driving_model/sim_data/masks\00959.png,0.011093344539403915
driving_model/sim_data/RGB\00960.png,driving_model/sim_data/masks\00960.png,0.12275496125221252
driving_model/sim_data/RGB\00961.png,driving_model/sim_data/masks\00961.png,0.0956999734044075
driving_model/sim_data/RGB\00962.png,driving_model/sim_data/masks\00962.png,0.05547082796692848
driving_model/sim_data/RGB\00963.png,driving_model/sim_data/masks\00963.png,0.006440980359911919
driving_model/sim_data/RGB\00964.png,driving_model/sim_data/masks\00964.png,-0.015673983842134476
driving_model/sim_data/RGB\00965.png,driving_model/sim_data/masks\00965.png,0.08793528378009796
driving_model/sim_data/RGB\00966.png,driving_model/sim_data/masks\00966.png,0.046800076961517334
driving_model/sim_data/RGB\00967.png,driving_model/sim_data/masks\00967.png,0.015050621703267097
driving_model/sim_data/RGB\00968.png,driving_model/sim_data/masks\00968.png,0.016362596303224564
driving_model/sim_data/RGB\00969.png,driving_model/sim_data/masks\00969.png,-0.0016026115044951439
driving_model/sim_data/RGB\00970.png,driving_model/sim_data/masks\00970.png,0.003463120199739933
driving_model/sim_data/RGB\00971.png,driving_model/sim_data/masks\00971.png,0.0004359377780929208
driving_model/sim_data/RGB\00972.png,driving_model/sim_data/masks\00972.png,-0.002141423989087343
driving_model/sim_data/RGB\00973.png,driving_model/sim_data/masks\00973.png,-0.0029411078430712223
driving_model/sim_data/RGB\00974.png,driving_model/sim_data/masks\00974.png,0.005346168298274279
driving_model/sim_data/RGB\00975.png,driving_model/sim_data/masks\00975.png,0.004332331009209156
driving_model/sim_data/RGB\00976.png,driving_model/sim_data/masks\00976.png,0.001969490200281143
driving_model/sim_data/RGB\00977.png,driving_model/sim_data/masks\00977.png,0.0020088597666472197
driving_model/sim_data/RGB\00978.png,driving_model/sim_data/masks\00978.png,-0.0008786656544543803
driving_model/sim_data/RGB\00979.png,driving_model/sim_data/masks\00979.png,0.000870533986017108
driving_model/sim_data/RGB\00980.png,driving_model/sim_data/masks\00980.png,0.0009825967717915773
driving_model/sim_data/RGB\00981.png,driving_model/sim_data/masks\00981.png,-0.00017573311924934387
driving_model/sim_data/RGB\00982.png,driving_model/sim_data/masks\00982.png,0.001066182041540742
driving_model/sim_data/RGB\00983.png,driving_model/sim_data/masks\00983.png,0.0007618034142069519
driving_model/sim_data/RGB\00984.png,driving_model/sim_data/masks\00984.png,-0.000304378685541451
driving_model/sim_data/RGB\00985.png,driving_model/sim_data/masks\00985.png,0.0
driving_model/sim_data/RGB\00986.png,driving_model/sim_data/masks\00986.png,0.0
driving_model/sim_data/RGB\00987.png,driving_model/sim_data/masks\00987.png,0.0
driving_model/sim_data/RGB\00988.png,driving_model/sim_data/masks\00988.png,0.0
driving_model/sim_data/RGB\00989.png,driving_model/sim_data/masks\00989.png,0.0
driving_model/sim_data/RGB\00990.png,driving_model/sim_data/masks\00990.png,0.0006155604496598244
driving_model/sim_data/RGB\00991.png,driving_model/sim_data/masks\00991.png,-0.00017573311924934387
driving_model/sim_data/RGB\00992.png,driving_model/sim_data/masks\00992.png,0.0
driving_model/sim_data/RGB\00993.png,driving_model/sim_data/masks\00993.png,0.0
driving_model/sim_data/RGB\00994.png,driving_model/sim_data/masks\00994.png,0.0
driving_model/sim_data/RGB\00995.png,driving_model/sim_data/masks\00995.png,0.0
driving_model/sim_data/RGB\00996.png,driving_model/sim_data/masks\00996.png,0.0
driving_model/sim_data/RGB\00997.png,driving_model/sim_data/masks\00997.png,0.0
driving_model/sim_data/RGB\00998.png,driving_model/sim_data/masks\00998.png,0.0
driving_model/sim_data/RGB\00999.png,driving_model/sim_data/masks\00999.png,0.0
driving_model/sim_data/RGB\01000.png,driving_model/sim_data/masks\01000.png,0.0
driving_model/sim_data/RGB\01001.png,driving_model/sim_data/masks\01001.png,0.0
driving_model/sim_data/RGB\01002.png,driving_model/sim_data/masks\01002.png,0.0
driving_model/sim_data/RGB\01003.png,driving_model/sim_data/masks\01003.png,0.0
driving_model/sim_data/RGB\01004.png,driving_model/sim_data/masks\01004.png,0.0
driving_model/sim_data/RGB\01005.png,driving_model/sim_data/masks\01005.png,-0.000870533986017108
driving_model/sim_data/RGB\01006.png,driving_model/sim_data/masks\01006.png,0.0
driving_model/sim_data/RGB\01007.png,driving_model/sim_data/masks\01007.png,0.0
driving_model/sim_data/RGB\01008.png,driving_model/sim_data/masks\01008.png,0.0
driving_model/sim_data/RGB\01009.png,driving_model/sim_data/masks\01009.png,0.00017573311924934387
driving_model/sim_data/RGB\01010.png,driving_model/sim_data/masks\01010.png,0.0
driving_model/sim_data/RGB\01011.png,driving_model/sim_data/masks\01011.png,0.0
driving_model/sim_data/RGB\01012.png,driving_model/sim_data/masks\01012.png,0.0
driving_model/sim_data/RGB\01013.png,driving_model/sim_data/masks\01013.png,0.0
driving_model/sim_data/RGB\01014.png,driving_model/sim_data/masks\01014.png,0.0
driving_model/sim_data/RGB\01015.png,driving_model/sim_data/masks\01015.png,0.0
driving_model/sim_data/RGB\01016.png,driving_model/sim_data/masks\01016.png,0.0
driving_model/sim_data/RGB\01017.png,driving_model/sim_data/masks\01017.png,0.0
driving_model/sim_data/RGB\01018.png,driving_model/sim_data/masks\01018.png,0.0
driving_model/sim_data/RGB\01019.png,driving_model/sim_data/masks\01019.png,0.0006155604496598244
driving_model/sim_data/RGB\01020.png,driving_model/sim_data/masks\01020.png,0.00043982735951431096
driving_model/sim_data/RGB\01021.png,driving_model/sim_data/masks\01021.png,0.00043982735951431096
driving_model/sim_data/RGB\01022.png,driving_model/sim_data/masks\01022.png,0.0
driving_model/sim_data/RGB\01023.png,driving_model/sim_data/masks\01023.png,-0.000870533986017108
driving_model/sim_data/RGB\01024.png,driving_model/sim_data/masks\01024.png,0.0002485241857357323
driving_model/sim_data/RGB\01025.png,driving_model/sim_data/masks\01025.png,0.0
driving_model/sim_data/RGB\01026.png,driving_model/sim_data/masks\01026.png,0.0
driving_model/sim_data/RGB\01027.png,driving_model/sim_data/masks\01027.png,0.0
driving_model/sim_data/RGB\01028.png,driving_model/sim_data/masks\01028.png,0.0
driving_model/sim_data/RGB\01029.png,driving_model/sim_data/masks\01029.png,0.0
driving_model/sim_data/RGB\01030.png,driving_model/sim_data/masks\01030.png,0.0
driving_model/sim_data/RGB\01031.png,driving_model/sim_data/masks\01031.png,0.0
driving_model/sim_data/RGB\01032.png,driving_model/sim_data/masks\01032.png,-0.0006155604496598244
driving_model/sim_data/RGB\01033.png,driving_model/sim_data/masks\01033.png,0.00017573311924934387
driving_model/sim_data/RGB\01034.png,driving_model/sim_data/masks\01034.png,0.0
driving_model/sim_data/RGB\01035.png,driving_model/sim_data/masks\01035.png,0.0
driving_model/sim_data/RGB\01036.png,driving_model/sim_data/masks\01036.png,0.0
driving_model/sim_data/RGB\01037.png,driving_model/sim_data/masks\01037.png,0.0
driving_model/sim_data/RGB\01038.png,driving_model/sim_data/masks\01038.png,-0.00017573311924934387
driving_model/sim_data/RGB\01039.png,driving_model/sim_data/masks\01039.png,0.0
driving_model/sim_data/RGB\01040.png,driving_model/sim_data/masks\01040.png,0.0
driving_model/sim_data/RGB\01041.png,driving_model/sim_data/masks\01041.png,0.0
driving_model/sim_data/RGB\01042.png,driving_model/sim_data/masks\01042.png,0.0006155604496598244
driving_model/sim_data/RGB\01043.png,driving_model/sim_data/masks\01043.png,-0.00017573311924934387
driving_model/sim_data/RGB\01044.png,driving_model/sim_data/masks\01044.png,0.00017573311924934387
driving_model/sim_data/RGB\01045.png,driving_model/sim_data/masks\01045.png,0.0
driving_model/sim_data/RGB\01046.png,driving_model/sim_data/masks\01046.png,0.0
driving_model/sim_data/RGB\01047.png,driving_model/sim_data/masks\01047.png,0.0006155604496598244
driving_model/sim_data/RGB\01048.png,driving_model/sim_data/masks\01048.png,0.0
driving_model/sim_data/RGB\01049.png,driving_model/sim_data/masks\01049.png,-0.0006155604496598244
driving_model/sim_data/RGB\01050.png,driving_model/sim_data/masks\01050.png,0.00017573311924934387
driving_model/sim_data/RGB\01051.png,driving_model/sim_data/masks\01051.png,0.00017573311924934387
driving_model/sim_data/RGB\01052.png,driving_model/sim_data/masks\01052.png,0.0
driving_model/sim_data/RGB\01053.png,driving_model/sim_data/masks\01053.png,0.0
driving_model/sim_data/RGB\01054.png,driving_model/sim_data/masks\01054.png,0.02206607349216938
driving_model/sim_data/RGB\01055.png,driving_model/sim_data/masks\01055.png,0.01705951802432537
driving_model/sim_data/RGB\01056.png,driving_model/sim_data/masks\01056.png,0.011654050089418888
driving_model/sim_data/RGB\01057.png,driving_model/sim_data/masks\01057.png,0.006219255737960339
driving_model/sim_data/RGB\01058.png,driving_model/sim_data/masks\01058.png,0.08438219130039215
driving_model/sim_data/RGB\01059.png,driving_model/sim_data/masks\01059.png,0.051288098096847534
driving_model/sim_data/RGB\01060.png,driving_model/sim_data/masks\01060.png,0.013357763178646564
driving_model/sim_data/RGB\01061.png,driving_model/sim_data/masks\01061.png,-0.003488902933895588
driving_model/sim_data/RGB\01062.png,driving_model/sim_data/masks\01062.png,0.040942415595054626
driving_model/sim_data/RGB\01063.png,driving_model/sim_data/masks\01063.png,0.08072759956121445
driving_model/sim_data/RGB\01064.png,driving_model/sim_data/masks\01064.png,0.04769546538591385
driving_model/sim_data/RGB\01065.png,driving_model/sim_data/masks\01065.png,0.09089607000350952
driving_model/sim_data/RGB\01066.png,driving_model/sim_data/masks\01066.png,0.04543604329228401
driving_model/sim_data/RGB\01067.png,driving_model/sim_data/masks\01067.png,0.0757453665137291
driving_model/sim_data/RGB\01068.png,driving_model/sim_data/masks\01068.png,0.05596652254462242
driving_model/sim_data/RGB\01069.png,driving_model/sim_data/masks\01069.png,0.0816134363412857
driving_model/sim_data/RGB\01070.png,driving_model/sim_data/masks\01070.png,0.05866185948252678
driving_model/sim_data/RGB\01071.png,driving_model/sim_data/masks\01071.png,0.0317692905664444
driving_model/sim_data/RGB\01072.png,driving_model/sim_data/masks\01072.png,0.05759340897202492
driving_model/sim_data/RGB\01073.png,driving_model/sim_data/masks\01073.png,0.04682617262005806
driving_model/sim_data/RGB\01074.png,driving_model/sim_data/masks\01074.png,0.0664762482047081
driving_model/sim_data/RGB\01075.png,driving_model/sim_data/masks\01075.png,0.0500054694712162
driving_model/sim_data/RGB\01076.png,driving_model/sim_data/masks\01076.png,0.024202968925237656
driving_model/sim_data/RGB\01077.png,driving_model/sim_data/masks\01077.png,0.058738213032484055
driving_model/sim_data/RGB\01078.png,driving_model/sim_data/masks\01078.png,0.03557812049984932
driving_model/sim_data/RGB\01079.png,driving_model/sim_data/masks\01079.png,0.08648130297660828
driving_model/sim_data/RGB\01080.png,driving_model/sim_data/masks\01080.png,0.051907263696193695
driving_model/sim_data/RGB\01081.png,driving_model/sim_data/masks\01081.png,0.08391125500202179
driving_model/sim_data/RGB\01082.png,driving_model/sim_data/masks\01082.png,0.044935546815395355
driving_model/sim_data/RGB\01083.png,driving_model/sim_data/masks\01083.png,0.038615934550762177
driving_model/sim_data/RGB\01084.png,driving_model/sim_data/masks\01084.png,0.0813729465007782
driving_model/sim_data/RGB\01085.png,driving_model/sim_data/masks\01085.png,0.050988346338272095
driving_model/sim_data/RGB\01086.png,driving_model/sim_data/masks\01086.png,0.0889032855629921
driving_model/sim_data/RGB\01087.png,driving_model/sim_data/masks\01087.png,0.05551358684897423
driving_model/sim_data/RGB\01088.png,driving_model/sim_data/masks\01088.png,0.08304193615913391
driving_model/sim_data/RGB\01089.png,driving_model/sim_data/masks\01089.png,0.06498274952173233
driving_model/sim_data/RGB\01090.png,driving_model/sim_data/masks\01090.png,0.037591602653265
driving_model/sim_data/RGB\01091.png,driving_model/sim_data/masks\01091.png,0.07924409210681915
driving_model/sim_data/RGB\01092.png,driving_model/sim_data/masks\01092.png,0.059197280555963516
driving_model/sim_data/RGB\01093.png,driving_model/sim_data/masks\01093.png,0.035120561718940735
driving_model/sim_data/RGB\01094.png,driving_model/sim_data/masks\01094.png,0.06309877336025238
driving_model/sim_data/RGB\01095.png,driving_model/sim_data/masks\01095.png,0.049630746245384216
driving_model/sim_data/RGB\01096.png,driving_model/sim_data/masks\01096.png,0.08144088089466095
driving_model/sim_data/RGB\01097.png,driving_model/sim_data/masks\01097.png,0.04661666601896286
driving_model/sim_data/RGB\01098.png,driving_model/sim_data/masks\01098.png,0.025506045669317245
driving_model/sim_data/RGB\01099.png,driving_model/sim_data/masks\01099.png,0.025506045669317245
driving_model/sim_data/RGB\01100.png,driving_model/sim_data/masks\01100.png,0.061040185391902924
driving_model/sim_data/RGB\01101.png,driving_model/sim_data/masks\01101.png,0.09361830353736877
driving_model/sim_data/RGB\01102.png,driving_model/sim_data/masks\01102.png,0.04842163622379303
driving_model/sim_data/RGB\01103.png,driving_model/sim_data/masks\01103.png,0.041538625955581665
driving_model/sim_data/RGB\01104.png,driving_model/sim_data/masks\01104.png,0.06261998414993286
driving_model/sim_data/RGB\01105.png,driving_model/sim_data/masks\01105.png,0.031211331486701965
driving_model/sim_data/RGB\01106.png,driving_model/sim_data/masks\01106.png,0.06395688652992249
driving_model/sim_data/RGB\01107.png,driving_model/sim_data/masks\01107.png,0.051608700305223465
driving_model/sim_data/RGB\01108.png,driving_model/sim_data/masks\01108.png,0.0821545347571373
driving_model/sim_data/RGB\01109.png,driving_model/sim_data/masks\01109.png,0.05245383828878403
driving_model/sim_data/RGB\01110.png,driving_model/sim_data/masks\01110.png,0.028985893353819847
driving_model/sim_data/RGB\01111.png,driving_model/sim_data/masks\01111.png,0.06216777488589287
driving_model/sim_data/RGB\01112.png,driving_model/sim_data/masks\01112.png,0.03596746549010277
driving_model/sim_data/RGB\01113.png,driving_model/sim_data/masks\01113.png,0.08551974594593048
driving_model/sim_data/RGB\01114.png,driving_model/sim_data/masks\01114.png,0.050958696752786636
driving_model/sim_data/RGB\01115.png,driving_model/sim_data/masks\01115.png,0.08464431762695312
driving_model/sim_data/RGB\01116.png,driving_model/sim_data/masks\01116.png,0.05087064951658249
driving_model/sim_data/RGB\01117.png,driving_model/sim_data/masks\01117.png,0.028550364077091217
driving_model/sim_data/RGB\01118.png,driving_model/sim_data/masks\01118.png,0.08252763748168945
driving_model/sim_data/RGB\01119.png,driving_model/sim_data/masks\01119.png,0.04921167716383934
driving_model/sim_data/RGB\01120.png,driving_model/sim_data/masks\01120.png,0.08216789364814758
driving_model/sim_data/RGB\01121.png,driving_model/sim_data/masks\01121.png,0.06221489608287811
driving_model/sim_data/RGB\01122.png,driving_model/sim_data/masks\01122.png,0.048850368708372116
driving_model/sim_data/RGB\01123.png,driving_model/sim_data/masks\01123.png,0.07651282846927643
driving_model/sim_data/RGB\01124.png,driving_model/sim_data/masks\01124.png,0.05918978899717331
driving_model/sim_data/RGB\01125.png,driving_model/sim_data/masks\01125.png,0.03444598987698555
driving_model/sim_data/RGB\01126.png,driving_model/sim_data/masks\01126.png,0.06530970335006714
driving_model/sim_data/RGB\01127.png,driving_model/sim_data/masks\01127.png,0.036702726036310196
driving_model/sim_data/RGB\01128.png,driving_model/sim_data/masks\01128.png,0.08728504925966263
driving_model/sim_data/RGB\01129.png,driving_model/sim_data/masks\01129.png,0.04752629995346069
driving_model/sim_data/RGB\01130.png,driving_model/sim_data/masks\01130.png,0.029037509113550186
driving_model/sim_data/RGB\01131.png,driving_model/sim_data/masks\01131.png,0.08373072743415833
driving_model/sim_data/RGB\01132.png,driving_model/sim_data/masks\01132.png,0.04931384697556496
driving_model/sim_data/RGB\01133.png,driving_model/sim_data/masks\01133.png,0.08342643827199936
driving_model/sim_data/RGB\01134.png,driving_model/sim_data/masks\01134.png,0.06284447759389877
driving_model/sim_data/RGB\01135.png,driving_model/sim_data/masks\01135.png,0.030400851741433144
driving_model/sim_data/RGB\01136.png,driving_model/sim_data/masks\01136.png,0.10146132856607437
driving_model/sim_data/RGB\01137.png,driving_model/sim_data/masks\01137.png,0.06677275151014328
driving_model/sim_data/RGB\01138.png,driving_model/sim_data/masks\01138.png,0.046914294362068176
driving_model/sim_data/RGB\01139.png,driving_model/sim_data/masks\01139.png,0.015357671305537224
driving_model/sim_data/RGB\01140.png,driving_model/sim_data/masks\01140.png,0.00587815884500742
driving_model/sim_data/RGB\01141.png,driving_model/sim_data/masks\01141.png,0.1257656365633011
driving_model/sim_data/RGB\01142.png,driving_model/sim_data/masks\01142.png,0.08309638500213623
driving_model/sim_data/RGB\01143.png,driving_model/sim_data/masks\01143.png,0.04751729965209961
driving_model/sim_data/RGB\01144.png,driving_model/sim_data/masks\01144.png,0.02265089377760887
driving_model/sim_data/RGB\01145.png,driving_model/sim_data/masks\01145.png,0.009511737152934074
driving_model/sim_data/RGB\01146.png,driving_model/sim_data/masks\01146.png,0.09739314764738083
driving_model/sim_data/RGB\01147.png,driving_model/sim_data/masks\01147.png,0.06238313019275665
driving_model/sim_data/RGB\01148.png,driving_model/sim_data/masks\01148.png,0.046185724437236786
driving_model/sim_data/RGB\01149.png,driving_model/sim_data/masks\01149.png,0.0224593598395586
driving_model/sim_data/RGB\01150.png,driving_model/sim_data/masks\01150.png,0.12400487065315247
driving_model/sim_data/RGB\01151.png,driving_model/sim_data/masks\01151.png,0.07963636517524719
driving_model/sim_data/RGB\01152.png,driving_model/sim_data/masks\01152.png,0.05886141210794449
driving_model/sim_data/RGB\01153.png,driving_model/sim_data/masks\01153.png,0.02496459148824215
driving_model/sim_data/RGB\01154.png,driving_model/sim_data/masks\01154.png,0.007954088971018791
driving_model/sim_data/RGB\01155.png,driving_model/sim_data/masks\01155.png,0.12601059675216675
driving_model/sim_data/RGB\01156.png,driving_model/sim_data/masks\01156.png,0.0964529886841774
driving_model/sim_data/RGB\01157.png,driving_model/sim_data/masks\01157.png,0.06368134915828705
driving_model/sim_data/RGB\01158.png,driving_model/sim_data/masks\01158.png,0.03297699615359306
driving_model/sim_data/RGB\01159.png,driving_model/sim_data/masks\01159.png,0.014810037799179554
driving_model/sim_data/RGB\01160.png,driving_model/sim_data/masks\01160.png,0.12665337324142456
driving_model/sim_data/RGB\01161.png,driving_model/sim_data/masks\01161.png,0.08414943516254425
driving_model/sim_data/RGB\01162.png,driving_model/sim_data/masks\01162.png,0.06559193134307861
driving_model/sim_data/RGB\01163.png,driving_model/sim_data/masks\01163.png,0.03401117026805878
driving_model/sim_data/RGB\01164.png,driving_model/sim_data/masks\01164.png,0.014877027831971645
driving_model/sim_data/RGB\01165.png,driving_model/sim_data/masks\01165.png,0.12625297904014587
driving_model/sim_data/RGB\01166.png,driving_model/sim_data/masks\01166.png,0.08374637365341187
driving_model/sim_data/RGB\01167.png,driving_model/sim_data/masks\01167.png,0.06473264843225479
driving_model/sim_data/RGB\01168.png,driving_model/sim_data/masks\01168.png,0.03288871422410011
driving_model/sim_data/RGB\01169.png,driving_model/sim_data/masks\01169.png,0.01588292047381401
driving_model/sim_data/RGB\01170.png,driving_model/sim_data/masks\01170.png,0.09331165254116058
driving_model/sim_data/RGB\01171.png,driving_model/sim_data/masks\01171.png,0.05802597478032112
driving_model/sim_data/RGB\01172.png,driving_model/sim_data/masks\01172.png,0.0415053591132164
driving_model/sim_data/RGB\01173.png,driving_model/sim_data/masks\01173.png,0.018805010244250298
driving_model/sim_data/RGB\01174.png,driving_model/sim_data/masks\01174.png,0.008552568033337593
driving_model/sim_data/RGB\01175.png,driving_model/sim_data/masks\01175.png,0.09462177753448486
driving_model/sim_data/RGB\01176.png,driving_model/sim_data/masks\01176.png,0.0620972216129303
driving_model/sim_data/RGB\01177.png,driving_model/sim_data/masks\01177.png,0.032792698591947556
driving_model/sim_data/RGB\01178.png,driving_model/sim_data/masks\01178.png,0.015598863363265991
driving_model/sim_data/RGB\01179.png,driving_model/sim_data/masks\01179.png,0.12579947710037231
driving_model/sim_data/RGB\01180.png,driving_model/sim_data/masks\01180.png,0.08198109269142151
driving_model/sim_data/RGB\01181.png,driving_model/sim_data/masks\01181.png,0.06293643265962601
driving_model/sim_data/RGB\01182.png,driving_model/sim_data/masks\01182.png,0.0316484272480011
driving_model/sim_data/RGB\01183.png,driving_model/sim_data/masks\01183.png,0.01386718638241291
driving_model/sim_data/RGB\01184.png,driving_model/sim_data/masks\01184.png,0.12558314204216003
driving_model/sim_data/RGB\01185.png,driving_model/sim_data/masks\01185.png,0.09521675854921341
driving_model/sim_data/RGB\01186.png,driving_model/sim_data/masks\01186.png,0.060781218111515045
driving_model/sim_data/RGB\01187.png,driving_model/sim_data/masks\01187.png,0.027321847155690193
driving_model/sim_data/RGB\01188.png,driving_model/sim_data/masks\01188.png,0.018238559365272522
driving_model/sim_data/RGB\01189.png,driving_model/sim_data/masks\01189.png,0.0068637048825621605
driving_model/sim_data/RGB\01190.png,driving_model/sim_data/masks\01190.png,0.09880268573760986
driving_model/sim_data/RGB\01191.png,driving_model/sim_data/masks\01191.png,0.08323796093463898
driving_model/sim_data/RGB\01192.png,driving_model/sim_data/masks\01192.png,0.04067852348089218
driving_model/sim_data/RGB\01193.png,driving_model/sim_data/masks\01193.png,0.017129799351096153
driving_model/sim_data/RGB\01194.png,driving_model/sim_data/masks\01194.png,0.12719200551509857
driving_model/sim_data/RGB\01195.png,driving_model/sim_data/masks\01195.png,0.09745950996875763
driving_model/sim_data/RGB\01196.png,driving_model/sim_data/masks\01196.png,0.05706010013818741
driving_model/sim_data/RGB\01197.png,driving_model/sim_data/masks\01197.png,0.02466459572315216
driving_model/sim_data/RGB\01198.png,driving_model/sim_data/masks\01198.png,0.008645422756671906
driving_model/sim_data/RGB\01199.png,driving_model/sim_data/masks\01199.png,0.12464599311351776
driving_model/sim_data/RGB\01200.png,driving_model/sim_data/masks\01200.png,0.06856314837932587
driving_model/sim_data/RGB\01201.png,driving_model/sim_data/masks\01201.png,0.05596143752336502
driving_model/sim_data/RGB\01202.png,driving_model/sim_data/masks\01202.png,0.02051842212677002
driving_model/sim_data/RGB\01203.png,driving_model/sim_data/masks\01203.png,0.1226043552160263
driving_model/sim_data/RGB\01204.png,driving_model/sim_data/masks\01204.png,0.07661651074886322
driving_model/sim_data/RGB\01205.png,driving_model/sim_data/masks\01205.png,0.054778676480054855
driving_model/sim_data/RGB\01206.png,driving_model/sim_data/masks\01206.png,0.015583149157464504
driving_model/sim_data/RGB\01207.png,driving_model/sim_data/masks\01207.png,0.006161073222756386
driving_model/sim_data/RGB\01208.png,driving_model/sim_data/masks\01208.png,0.12476083636283875
driving_model/sim_data/RGB\01209.png,driving_model/sim_data/masks\01209.png,0.0819975733757019
driving_model/sim_data/RGB\01210.png,driving_model/sim_data/masks\01210.png,0.041398532688617706
driving_model/sim_data/RGB\01211.png,driving_model/sim_data/masks\01211.png,0.0039027156308293343
driving_model/sim_data/RGB\01212.png,driving_model/sim_data/masks\01212.png,0.0014484981074929237
driving_model/sim_data/RGB\01213.png,driving_model/sim_data/masks\01213.png,0.09632869064807892
driving_model/sim_data/RGB\01214.png,driving_model/sim_data/masks\01214.png,0.08130642771720886
driving_model/sim_data/RGB\01215.png,driving_model/sim_data/masks\01215.png,0.039197877049446106
driving_model/sim_data/RGB\01216.png,driving_model/sim_data/masks\01216.png,0.015367886982858181
driving_model/sim_data/RGB\01217.png,driving_model/sim_data/masks\01217.png,0.009929602965712547
driving_model/sim_data/RGB\01218.png,driving_model/sim_data/masks\01218.png,0.09654110670089722
driving_model/sim_data/RGB\01219.png,driving_model/sim_data/masks\01219.png,0.07909539341926575
driving_model/sim_data/RGB\01220.png,driving_model/sim_data/masks\01220.png,0.035341206938028336
driving_model/sim_data/RGB\01221.png,driving_model/sim_data/masks\01221.png,0.01866539753973484
driving_model/sim_data/RGB\01222.png,driving_model/sim_data/masks\01222.png,0.12014274299144745
driving_model/sim_data/RGB\01223.png,driving_model/sim_data/masks\01223.png,0.07460253685712814
driving_model/sim_data/RGB\01224.png,driving_model/sim_data/masks\01224.png,0.034478068351745605
driving_model/sim_data/RGB\01225.png,driving_model/sim_data/masks\01225.png,0.028318174183368683
driving_model/sim_data/RGB\01226.png,driving_model/sim_data/masks\01226.png,0.009477375075221062
driving_model/sim_data/RGB\01227.png,driving_model/sim_data/masks\01227.png,0.0816594585776329
driving_model/sim_data/RGB\01228.png,driving_model/sim_data/masks\01228.png,0.06698502600193024
driving_model/sim_data/RGB\01229.png,driving_model/sim_data/masks\01229.png,0.030691906809806824
driving_model/sim_data/RGB\01230.png,driving_model/sim_data/masks\01230.png,0.012153093703091145
driving_model/sim_data/RGB\01231.png,driving_model/sim_data/masks\01231.png,0.007207115180790424
driving_model/sim_data/RGB\01232.png,driving_model/sim_data/masks\01232.png,0.05556369200348854
driving_model/sim_data/RGB\01233.png,driving_model/sim_data/masks\01233.png,0.04032248258590698
driving_model/sim_data/RGB\01234.png,driving_model/sim_data/masks\01234.png,0.02394036389887333
driving_model/sim_data/RGB\01235.png,driving_model/sim_data/masks\01235.png,0.006469752639532089
driving_model/sim_data/RGB\01236.png,driving_model/sim_data/masks\01236.png,0.0019743682350963354
driving_model/sim_data/RGB\01237.png,driving_model/sim_data/masks\01237.png,0.10669689625501633
driving_model/sim_data/RGB\01238.png,driving_model/sim_data/masks\01238.png,0.06595935672521591
driving_model/sim_data/RGB\01239.png,driving_model/sim_data/masks\01239.png,0.025029582902789116
driving_model/sim_data/RGB\01240.png,driving_model/sim_data/masks\01240.png,0.013902128674089909
driving_model/sim_data/RGB\01241.png,driving_model/sim_data/masks\01241.png,0.002845172304660082
driving_model/sim_data/RGB\01242.png,driving_model/sim_data/masks\01242.png,0.09537690877914429
driving_model/sim_data/RGB\01243.png,driving_model/sim_data/masks\01243.png,0.08243996649980545
driving_model/sim_data/RGB\01244.png,driving_model/sim_data/masks\01244.png,0.023880694061517715
driving_model/sim_data/RGB\01245.png,driving_model/sim_data/masks\01245.png,0.014575360342860222
driving_model/sim_data/RGB\01246.png,driving_model/sim_data/masks\01246.png,0.007569098845124245
driving_model/sim_data/RGB\01247.png,driving_model/sim_data/masks\01247.png,0.10274218767881393
driving_model/sim_data/RGB\01248.png,driving_model/sim_data/masks\01248.png,0.05884093791246414
driving_model/sim_data/RGB\01249.png,driving_model/sim_data/masks\01249.png,0.038366369903087616
driving_model/sim_data/RGB\01250.png,driving_model/sim_data/masks\01250.png,0.015615117736160755
driving_model/sim_data/RGB\01251.png,driving_model/sim_data/masks\01251.png,0.1295657455921173
driving_model/sim_data/RGB\01252.png,driving_model/sim_data/masks\01252.png,0.07990961521863937
driving_model/sim_data/RGB\01253.png,driving_model/sim_data/masks\01253.png,0.03578077256679535
driving_model/sim_data/RGB\01254.png,driving_model/sim_data/masks\01254.png,0.023081306368112564
driving_model/sim_data/RGB\01255.png,driving_model/sim_data/masks\01255.png,0.1234612986445427
driving_model/sim_data/RGB\01256.png,driving_model/sim_data/masks\01256.png,0.07407455146312714
driving_model/sim_data/RGB\01257.png,driving_model/sim_data/masks\01257.png,0.050359390676021576
driving_model/sim_data/RGB\01258.png,driving_model/sim_data/masks\01258.png,0.032524529844522476
driving_model/sim_data/RGB\01259.png,driving_model/sim_data/masks\01259.png,0.0013112151063978672
driving_model/sim_data/RGB\01260.png,driving_model/sim_data/masks\01260.png,0.12134532630443573
driving_model/sim_data/RGB\01261.png,driving_model/sim_data/masks\01261.png,0.09362341463565826
driving_model/sim_data/RGB\01262.png,driving_model/sim_data/masks\01262.png,0.05602399632334709
driving_model/sim_data/RGB\01263.png,driving_model/sim_data/masks\01263.png,0.025785792618989944
driving_model/sim_data/RGB\01264.png,driving_model/sim_data/masks\01264.png,0.016407161951065063
driving_model/sim_data/RGB\01265.png,driving_model/sim_data/masks\01265.png,0.1314552277326584
driving_model/sim_data/RGB\01266.png,driving_model/sim_data/masks\01266.png,0.08170605450868607
driving_model/sim_data/RGB\01267.png,driving_model/sim_data/masks\01267.png,0.055370066314935684
driving_model/sim_data/RGB\01268.png,driving_model/sim_data/masks\01268.png,0.01941537670791149
driving_model/sim_data/RGB\01269.png,driving_model/sim_data/masks\01269.png,0.012319204397499561
driving_model/sim_data/RGB\01270.png,driving_model/sim_data/masks\01270.png,0.09681614488363266
driving_model/sim_data/RGB\01271.png,driving_model/sim_data/masks\01271.png,0.06849250942468643
driving_model/sim_data/RGB\01272.png,driving_model/sim_data/masks\01272.png,0.0256369449198246
driving_model/sim_data/RGB\01273.png,driving_model/sim_data/masks\01273.png,0.014164295047521591
driving_model/sim_data/RGB\01274.png,driving_model/sim_data/masks\01274.png,0.006755389738827944
driving_model/sim_data/RGB\01275.png,driving_model/sim_data/masks\01275.png,0.15268856287002563
driving_model/sim_data/RGB\01276.png,driving_model/sim_data/masks\01276.png,0.1290573924779892
driving_model/sim_data/RGB\01277.png,driving_model/sim_data/masks\01277.png,0.07615496963262558
driving_model/sim_data/RGB\01278.png,driving_model/sim_data/masks\01278.png,0.05210791528224945
driving_model/sim_data/RGB\01279.png,driving_model/sim_data/masks\01279.png,0.031115077435970306
driving_model/sim_data/RGB\01280.png,driving_model/sim_data/masks\01280.png,0.008053533732891083
driving_model/sim_data/RGB\01281.png,driving_model/sim_data/masks\01281.png,0.0031245131976902485
driving_model/sim_data/RGB\01282.png,driving_model/sim_data/masks\01282.png,0.0986887589097023
driving_model/sim_data/RGB\01283.png,driving_model/sim_data/masks\01283.png,0.08319589495658875
driving_model/sim_data/RGB\01284.png,driving_model/sim_data/masks\01284.png,0.04047508165240288
driving_model/sim_data/RGB\01285.png,driving_model/sim_data/masks\01285.png,0.015439662151038647
driving_model/sim_data/RGB\01286.png,driving_model/sim_data/masks\01286.png,0.008112706243991852
driving_model/sim_data/RGB\01287.png,driving_model/sim_data/masks\01287.png,0.13324543833732605
driving_model/sim_data/RGB\01288.png,driving_model/sim_data/masks\01288.png,0.0846669152379036
driving_model/sim_data/RGB\01289.png,driving_model/sim_data/masks\01289.png,0.056238315999507904
driving_model/sim_data/RGB\01290.png,driving_model/sim_data/masks\01290.png,0.035241689532995224
driving_model/sim_data/RGB\01291.png,driving_model/sim_data/masks\01291.png,0.012864856980741024
driving_model/sim_data/RGB\01292.png,driving_model/sim_data/masks\01292.png,0.12936192750930786
driving_model/sim_data/RGB\01293.png,driving_model/sim_data/masks\01293.png,0.07555132359266281
driving_model/sim_data/RGB\01294.png,driving_model/sim_data/masks\01294.png,0.04830332100391388
driving_model/sim_data/RGB\01295.png,driving_model/sim_data/masks\01295.png,0.024651985615491867
driving_model/sim_data/RGB\01296.png,driving_model/sim_data/masks\01296.png,0.0033028447069227695
driving_model/sim_data/RGB\01297.png,driving_model/sim_data/masks\01297.png,0.12645581364631653
driving_model/sim_data/RGB\01298.png,driving_model/sim_data/masks\01298.png,0.08085399866104126
driving_model/sim_data/RGB\01299.png,driving_model/sim_data/masks\01299.png,0.052730005234479904
driving_model/sim_data/RGB\01300.png,driving_model/sim_data/masks\01300.png,0.01655026711523533
driving_model/sim_data/RGB\01301.png,driving_model/sim_data/masks\01301.png,0.008581171743571758
driving_model/sim_data/RGB\01302.png,driving_model/sim_data/masks\01302.png,0.12836940586566925
driving_model/sim_data/RGB\01303.png,driving_model/sim_data/masks\01303.png,0.0749741643667221
driving_model/sim_data/RGB\01304.png,driving_model/sim_data/masks\01304.png,0.04822893813252449
driving_model/sim_data/RGB\01305.png,driving_model/sim_data/masks\01305.png,0.028057387098670006
driving_model/sim_data/RGB\01306.png,driving_model/sim_data/masks\01306.png,0.005058202426880598
driving_model/sim_data/RGB\01307.png,driving_model/sim_data/masks\01307.png,0.1294545829296112
driving_model/sim_data/RGB\01308.png,driving_model/sim_data/masks\01308.png,0.10101162642240524
driving_model/sim_data/RGB\01309.png,driving_model/sim_data/masks\01309.png,0.039068594574928284
driving_model/sim_data/RGB\01310.png,driving_model/sim_data/masks\01310.png,0.018828868865966797
driving_model/sim_data/RGB\01311.png,driving_model/sim_data/masks\01311.png,0.004563955590128899
driving_model/sim_data/RGB\01312.png,driving_model/sim_data/masks\01312.png,0.12963366508483887
driving_model/sim_data/RGB\01313.png,driving_model/sim_data/masks\01313.png,0.1011851578950882
driving_model/sim_data/RGB\01314.png,driving_model/sim_data/masks\01314.png,0.0762329250574112
driving_model/sim_data/RGB\01315.png,driving_model/sim_data/masks\01315.png,0.03926611319184303
driving_model/sim_data/RGB\01316.png,driving_model/sim_data/masks\01316.png,0.02617829293012619
driving_model/sim_data/RGB\01317.png,driving_model/sim_data/masks\01317.png,0.010678808204829693
driving_model/sim_data/RGB\01318.png,driving_model/sim_data/masks\01318.png,0.09866615384817123
driving_model/sim_data/RGB\01319.png,driving_model/sim_data/masks\01319.png,0.07133463025093079
driving_model/sim_data/RGB\01320.png,driving_model/sim_data/masks\01320.png,0.01803296059370041
driving_model/sim_data/RGB\01321.png,driving_model/sim_data/masks\01321.png,0.11390791833400726
driving_model/sim_data/RGB\01322.png,driving_model/sim_data/masks\01322.png,0.04504208639264107
driving_model/sim_data/RGB\01323.png,driving_model/sim_data/masks\01323.png,0.0019620172679424286
driving_model/sim_data/RGB\01324.png,driving_model/sim_data/masks\01324.png,0.03350558504462242
driving_model/sim_data/RGB\01325.png,driving_model/sim_data/masks\01325.png,0.020793259143829346
driving_model/sim_data/RGB\01326.png,driving_model/sim_data/masks\01326.png,0.008440556935966015
driving_model/sim_data/RGB\01327.png,driving_model/sim_data/masks\01327.png,0.003994819242507219
driving_model/sim_data/RGB\01328.png,driving_model/sim_data/masks\01328.png,-0.002145097590982914
driving_model/sim_data/RGB\01329.png,driving_model/sim_data/masks\01329.png,-0.005295253358781338
driving_model/sim_data/RGB\01330.png,driving_model/sim_data/masks\01330.png,0.004527332726866007
driving_model/sim_data/RGB\01331.png,driving_model/sim_data/masks\01331.png,0.0039395964704453945
driving_model/sim_data/RGB\01332.png,driving_model/sim_data/masks\01332.png,0.0027496276888996363
driving_model/sim_data/RGB\01333.png,driving_model/sim_data/masks\01333.png,0.001703627989627421
driving_model/sim_data/RGB\01334.png,driving_model/sim_data/masks\01334.png,0.00031875947024673223
driving_model/sim_data/RGB\01335.png,driving_model/sim_data/masks\01335.png,-0.0003285610000602901
driving_model/sim_data/RGB\01336.png,driving_model/sim_data/masks\01336.png,-0.0003078351728618145
driving_model/sim_data/RGB\01337.png,driving_model/sim_data/masks\01337.png,-0.0006005287868902087
driving_model/sim_data/RGB\01338.png,driving_model/sim_data/masks\01338.png,-0.00011148246994707733
driving_model/sim_data/RGB\01339.png,driving_model/sim_data/masks\01339.png,-0.0006005287868902087
driving_model/sim_data/RGB\01340.png,driving_model/sim_data/masks\01340.png,-0.00033683350193314254
driving_model/sim_data/RGB\01341.png,driving_model/sim_data/masks\01341.png,-0.00015574102872051299
driving_model/sim_data/RGB\01342.png,driving_model/sim_data/masks\01342.png,8.781160431681201e-05
driving_model/sim_data/RGB\01343.png,driving_model/sim_data/masks\01343.png,0.0
driving_model/sim_data/RGB\01344.png,driving_model/sim_data/masks\01344.png,0.0
driving_model/sim_data/RGB\01345.png,driving_model/sim_data/masks\01345.png,0.0
driving_model/sim_data/RGB\01346.png,driving_model/sim_data/masks\01346.png,0.0
driving_model/sim_data/RGB\01347.png,driving_model/sim_data/masks\01347.png,0.0
driving_model/sim_data/RGB\01348.png,driving_model/sim_data/masks\01348.png,0.0
driving_model/sim_data/RGB\01349.png,driving_model/sim_data/masks\01349.png,0.0
driving_model/sim_data/RGB\01350.png,driving_model/sim_data/masks\01350.png,0.0003078351728618145
driving_model/sim_data/RGB\01351.png,driving_model/sim_data/masks\01351.png,0.00022002359037287533
driving_model/sim_data/RGB\01352.png,driving_model/sim_data/masks\01352.png,0.00022002359037287533
driving_model/sim_data/RGB\01353.png,driving_model/sim_data/masks\01353.png,0.00044537463691085577
driving_model/sim_data/RGB\01354.png,driving_model/sim_data/masks\01354.png,0.00031116034369915724
driving_model/sim_data/RGB\01355.png,driving_model/sim_data/masks\01355.png,0.0004090018628630787
driving_model/sim_data/RGB\01356.png,driving_model/sim_data/masks\01356.png,-0.00015209417324513197
driving_model/sim_data/RGB\01357.png,driving_model/sim_data/masks\01357.png,0.0
driving_model/sim_data/RGB\01358.png,driving_model/sim_data/masks\01358.png,0.0
driving_model/sim_data/RGB\01359.png,driving_model/sim_data/masks\01359.png,0.0
driving_model/sim_data/RGB\01360.png,driving_model/sim_data/masks\01360.png,0.0
driving_model/sim_data/RGB\01361.png,driving_model/sim_data/masks\01361.png,0.0
driving_model/sim_data/RGB\01362.png,driving_model/sim_data/masks\01362.png,0.0003078351728618145
driving_model/sim_data/RGB\01363.png,driving_model/sim_data/masks\01363.png,-8.781160431681201e-05
driving_model/sim_data/RGB\01364.png,driving_model/sim_data/masks\01364.png,0.0
driving_model/sim_data/RGB\01365.png,driving_model/sim_data/masks\01365.png,-0.0003078351728618145
driving_model/sim_data/RGB\01366.png,driving_model/sim_data/masks\01366.png,8.781160431681201e-05
driving_model/sim_data/RGB\01367.png,driving_model/sim_data/masks\01367.png,0.0
driving_model/sim_data/RGB\01368.png,driving_model/sim_data/masks\01368.png,0.0
driving_model/sim_data/RGB\01369.png,driving_model/sim_data/masks\01369.png,0.0
driving_model/sim_data/RGB\01370.png,driving_model/sim_data/masks\01370.png,0.0
driving_model/sim_data/RGB\01371.png,driving_model/sim_data/masks\01371.png,-0.00043534470023587346
driving_model/sim_data/RGB\01372.png,driving_model/sim_data/masks\01372.png,8.781160431681201e-05
driving_model/sim_data/RGB\01373.png,driving_model/sim_data/masks\01373.png,0.0
driving_model/sim_data/RGB\01374.png,driving_model/sim_data/masks\01374.png,-8.781160431681201e-05
driving_model/sim_data/RGB\01375.png,driving_model/sim_data/masks\01375.png,0.0
driving_model/sim_data/RGB\01376.png,driving_model/sim_data/masks\01376.png,0.0
driving_model/sim_data/RGB\01377.png,driving_model/sim_data/masks\01377.png,0.0
driving_model/sim_data/RGB\01378.png,driving_model/sim_data/masks\01378.png,0.0
driving_model/sim_data/RGB\01379.png,driving_model/sim_data/masks\01379.png,0.0
driving_model/sim_data/RGB\01380.png,driving_model/sim_data/masks\01380.png,0.0
driving_model/sim_data/RGB\01381.png,driving_model/sim_data/masks\01381.png,0.0
driving_model/sim_data/RGB\01382.png,driving_model/sim_data/masks\01382.png,0.0
driving_model/sim_data/RGB\01383.png,driving_model/sim_data/masks\01383.png,0.0
driving_model/sim_data/RGB\01384.png,driving_model/sim_data/masks\01384.png,0.005593199282884598
driving_model/sim_data/RGB\01385.png,driving_model/sim_data/masks\01385.png,0.0033734615426510572
driving_model/sim_data/RGB\01386.png,driving_model/sim_data/masks\01386.png,0.0005507654859684408
driving_model/sim_data/RGB\01387.png,driving_model/sim_data/masks\01387.png,-0.001628620084375143
driving_model/sim_data/RGB\01388.png,driving_model/sim_data/masks\01388.png,-0.0015766371507197618
driving_model/sim_data/RGB\01389.png,driving_model/sim_data/masks\01389.png,0.07017554342746735
driving_model/sim_data/RGB\01390.png,driving_model/sim_data/masks\01390.png,0.05413816496729851
driving_model/sim_data/RGB\01391.png,driving_model/sim_data/masks\01391.png,0.020663587376475334
driving_model/sim_data/RGB\01392.png,driving_model/sim_data/masks\01392.png,-0.014668095856904984
driving_model/sim_data/RGB\01393.png,driving_model/sim_data/masks\01393.png,0.10069800168275833
driving_model/sim_data/RGB\01394.png,driving_model/sim_data/masks\01394.png,0.08568122982978821
driving_model/sim_data/RGB\01395.png,driving_model/sim_data/masks\01395.png,0.03620884567499161
driving_model/sim_data/RGB\01396.png,driving_model/sim_data/masks\01396.png,0.014340544119477272
driving_model/sim_data/RGB\01397.png,driving_model/sim_data/masks\01397.png,0.11667920649051666
driving_model/sim_data/RGB\01398.png,driving_model/sim_data/masks\01398.png,0.08657846599817276
driving_model/sim_data/RGB\01399.png,driving_model/sim_data/masks\01399.png,0.06341388076543808
driving_model/sim_data/RGB\01400.png,driving_model/sim_data/masks\01400.png,0.013789231888949871
driving_model/sim_data/RGB\01401.png,driving_model/sim_data/masks\01401.png,0.11103660613298416
driving_model/sim_data/RGB\01402.png,driving_model/sim_data/masks\01402.png,0.08455583453178406
driving_model/sim_data/RGB\01403.png,driving_model/sim_data/masks\01403.png,0.05975261330604553
driving_model/sim_data/RGB\01404.png,driving_model/sim_data/masks\01404.png,0.0042487578466534615
driving_model/sim_data/RGB\01405.png,driving_model/sim_data/masks\01405.png,-0.0004051821306347847
driving_model/sim_data/RGB\01406.png,driving_model/sim_data/masks\01406.png,0.12330242991447449
driving_model/sim_data/RGB\01407.png,driving_model/sim_data/masks\01407.png,0.10064228624105453
driving_model/sim_data/RGB\01408.png,driving_model/sim_data/masks\01408.png,0.06054920703172684
driving_model/sim_data/RGB\01409.png,driving_model/sim_data/masks\01409.png,0.022857708856463432
driving_model/sim_data/RGB\01410.png,driving_model/sim_data/masks\01410.png,0.1151953637599945
driving_model/sim_data/RGB\01411.png,driving_model/sim_data/masks\01411.png,0.09088524430990219
driving_model/sim_data/RGB\01412.png,driving_model/sim_data/masks\01412.png,0.06493088603019714
driving_model/sim_data/RGB\01413.png,driving_model/sim_data/masks\01413.png,0.034338898956775665
driving_model/sim_data/RGB\01414.png,driving_model/sim_data/masks\01414.png,0.013595432974398136
driving_model/sim_data/RGB\01415.png,driving_model/sim_data/masks\01415.png,0.1149105578660965
driving_model/sim_data/RGB\01416.png,driving_model/sim_data/masks\01416.png,0.08890809863805771
driving_model/sim_data/RGB\01417.png,driving_model/sim_data/masks\01417.png,0.05756107345223427
driving_model/sim_data/RGB\01418.png,driving_model/sim_data/masks\01418.png,0.02491864003241062
driving_model/sim_data/RGB\01419.png,driving_model/sim_data/masks\01419.png,0.004514007829129696
driving_model/sim_data/RGB\01420.png,driving_model/sim_data/masks\01420.png,-0.0034428935032337904
driving_model/sim_data/RGB\01421.png,driving_model/sim_data/masks\01421.png,0.12221451103687286
driving_model/sim_data/RGB\01422.png,driving_model/sim_data/masks\01422.png,0.09812891483306885
driving_model/sim_data/RGB\01423.png,driving_model/sim_data/masks\01423.png,0.027329064905643463
driving_model/sim_data/RGB\01424.png,driving_model/sim_data/masks\01424.png,0.003597155213356018
driving_model/sim_data/RGB\01425.png,driving_model/sim_data/masks\01425.png,-0.006260973401367664
driving_model/sim_data/RGB\01426.png,driving_model/sim_data/masks\01426.png,0.12670858204364777
driving_model/sim_data/RGB\01427.png,driving_model/sim_data/masks\01427.png,0.1031445860862732
driving_model/sim_data/RGB\01428.png,driving_model/sim_data/masks\01428.png,0.0703924149274826
driving_model/sim_data/RGB\01429.png,driving_model/sim_data/masks\01429.png,0.025700384750962257
driving_model/sim_data/RGB\01430.png,driving_model/sim_data/masks\01430.png,0.007446566596627235
driving_model/sim_data/RGB\01431.png,driving_model/sim_data/masks\01431.png,0.11736831814050674
driving_model/sim_data/RGB\01432.png,driving_model/sim_data/masks\01432.png,0.09132447093725204
driving_model/sim_data/RGB\01433.png,driving_model/sim_data/masks\01433.png,0.06277650594711304
driving_model/sim_data/RGB\01434.png,driving_model/sim_data/masks\01434.png,0.013043921440839767
driving_model/sim_data/RGB\01435.png,driving_model/sim_data/masks\01435.png,0.0028345133177936077
driving_model/sim_data/RGB\01436.png,driving_model/sim_data/masks\01436.png,0.12712806463241577
driving_model/sim_data/RGB\01437.png,driving_model/sim_data/masks\01437.png,0.10088664293289185
driving_model/sim_data/RGB\01438.png,driving_model/sim_data/masks\01438.png,0.0706932321190834
driving_model/sim_data/RGB\01439.png,driving_model/sim_data/masks\01439.png,0.020858585834503174
driving_model/sim_data/RGB\01440.png,driving_model/sim_data/masks\01440.png,0.008181657642126083
driving_model/sim_data/RGB\01441.png,driving_model/sim_data/masks\01441.png,0.12646803259849548
driving_model/sim_data/RGB\01442.png,driving_model/sim_data/masks\01442.png,0.09938618540763855
driving_model/sim_data/RGB\01443.png,driving_model/sim_data/masks\01443.png,0.03215228021144867
driving_model/sim_data/RGB\01444.png,driving_model/sim_data/masks\01444.png,0.007196838967502117
driving_model/sim_data/RGB\01445.png,driving_model/sim_data/masks\01445.png,-0.005075123161077499
driving_model/sim_data/RGB\01446.png,driving_model/sim_data/masks\01446.png,0.12370170652866364
driving_model/sim_data/RGB\01447.png,driving_model/sim_data/masks\01447.png,0.09849932789802551
driving_model/sim_data/RGB\01448.png,driving_model/sim_data/masks\01448.png,0.06187891960144043
driving_model/sim_data/RGB\01449.png,driving_model/sim_data/masks\01449.png,0.017237171530723572
driving_model/sim_data/RGB\01450.png,driving_model/sim_data/masks\01450.png,0.00569059606641531
driving_model/sim_data/RGB\01451.png,driving_model/sim_data/masks\01451.png,0.09791170060634613
driving_model/sim_data/RGB\01452.png,driving_model/sim_data/masks\01452.png,0.06533226370811462
driving_model/sim_data/RGB\01453.png,driving_model/sim_data/masks\01453.png,0.03215324878692627
driving_model/sim_data/RGB\01454.png,driving_model/sim_data/masks\01454.png,0.0009477115236222744
driving_model/sim_data/RGB\01455.png,driving_model/sim_data/masks\01455.png,0.1240071952342987
driving_model/sim_data/RGB\01456.png,driving_model/sim_data/masks\01456.png,0.09815245121717453
driving_model/sim_data/RGB\01457.png,driving_model/sim_data/masks\01457.png,0.06997133046388626
driving_model/sim_data/RGB\01458.png,driving_model/sim_data/masks\01458.png,0.03546896204352379
driving_model/sim_data/RGB\01459.png,driving_model/sim_data/masks\01459.png,-0.0013463599607348442
driving_model/sim_data/RGB\01460.png,driving_model/sim_data/masks\01460.png,0.1243576854467392
driving_model/sim_data/RGB\01461.png,driving_model/sim_data/masks\01461.png,0.09842794388532639
driving_model/sim_data/RGB\01462.png,driving_model/sim_data/masks\01462.png,0.07018965482711792
driving_model/sim_data/RGB\01463.png,driving_model/sim_data/masks\01463.png,0.019385332241654396
driving_model/sim_data/RGB\01464.png,driving_model/sim_data/masks\01464.png,0.003445236012339592
driving_model/sim_data/RGB\01465.png,driving_model/sim_data/masks\01465.png,0.09209585934877396
driving_model/sim_data/RGB\01466.png,driving_model/sim_data/masks\01466.png,0.05295029282569885
driving_model/sim_data/RGB\01467.png,driving_model/sim_data/masks\01467.png,0.03242526575922966
driving_model/sim_data/RGB\01468.png,driving_model/sim_data/masks\01468.png,0.011858869343996048
driving_model/sim_data/RGB\01469.png,driving_model/sim_data/masks\01469.png,-0.0019510909914970398
driving_model/sim_data/RGB\01470.png,driving_model/sim_data/masks\01470.png,0.1350647211074829
driving_model/sim_data/RGB\01471.png,driving_model/sim_data/masks\01471.png,0.10638373345136642
driving_model/sim_data/RGB\01472.png,driving_model/sim_data/masks\01472.png,0.07667787373065948
driving_model/sim_data/RGB\01473.png,driving_model/sim_data/masks\01473.png,0.03977816551923752
driving_model/sim_data/RGB\01474.png,driving_model/sim_data/masks\01474.png,-0.0008975258097052574
driving_model/sim_data/RGB\01475.png,driving_model/sim_data/masks\01475.png,0.09894643723964691
driving_model/sim_data/RGB\01476.png,driving_model/sim_data/masks\01476.png,0.07786842435598373
driving_model/sim_data/RGB\01477.png,driving_model/sim_data/masks\01477.png,0.055412761867046356
driving_model/sim_data/RGB\01478.png,driving_model/sim_data/masks\01478.png,0.013747408986091614
driving_model/sim_data/RGB\01479.png,driving_model/sim_data/masks\01479.png,0.004774030763655901
driving_model/sim_data/RGB\01480.png,driving_model/sim_data/masks\01480.png,0.034044720232486725
driving_model/sim_data/RGB\01481.png,driving_model/sim_data/masks\01481.png,0.014459892176091671
driving_model/sim_data/RGB\01482.png,driving_model/sim_data/masks\01482.png,0.005382423289120197
driving_model/sim_data/RGB\01483.png,driving_model/sim_data/masks\01483.png,0.0005335253663361073
driving_model/sim_data/RGB\01484.png,driving_model/sim_data/masks\01484.png,-0.0011656818678602576
driving_model/sim_data/RGB\01485.png,driving_model/sim_data/masks\01485.png,0.058116696774959564
driving_model/sim_data/RGB\01486.png,driving_model/sim_data/masks\01486.png,0.04471670091152191
driving_model/sim_data/RGB\01487.png,driving_model/sim_data/masks\01487.png,0.029566749930381775
driving_model/sim_data/RGB\01488.png,driving_model/sim_data/masks\01488.png,0.00996587984263897
driving_model/sim_data/RGB\01489.png,driving_model/sim_data/masks\01489.png,0.00556598324328661
driving_model/sim_data/RGB\01490.png,driving_model/sim_data/masks\01490.png,0.0008424185216426849
driving_model/sim_data/RGB\01491.png,driving_model/sim_data/masks\01491.png,0.10293564945459366
driving_model/sim_data/RGB\01492.png,driving_model/sim_data/masks\01492.png,0.08103734999895096
driving_model/sim_data/RGB\01493.png,driving_model/sim_data/masks\01493.png,0.03932218998670578
driving_model/sim_data/RGB\01494.png,driving_model/sim_data/masks\01494.png,0.025288954377174377
driving_model/sim_data/RGB\01495.png,driving_model/sim_data/masks\01495.png,0.005248012952506542
driving_model/sim_data/RGB\01496.png,driving_model/sim_data/masks\01496.png,0.12188588082790375
driving_model/sim_data/RGB\01497.png,driving_model/sim_data/masks\01497.png,0.07316984981298447
driving_model/sim_data/RGB\01498.png,driving_model/sim_data/masks\01498.png,0.044459857046604156
driving_model/sim_data/RGB\01499.png,driving_model/sim_data/masks\01499.png,0.014846696518361568
driving_model/sim_data/RGB\01500.png,driving_model/sim_data/masks\01500.png,0.007636792492121458
driving_model/sim_data/RGB\01501.png,driving_model/sim_data/masks\01501.png,0.09299369156360626
driving_model/sim_data/RGB\01502.png,driving_model/sim_data/masks\01502.png,0.0652642771601677
driving_model/sim_data/RGB\01503.png,driving_model/sim_data/masks\01503.png,0.032388005405664444
driving_model/sim_data/RGB\01504.png,driving_model/sim_data/masks\01504.png,0.012190318666398525
driving_model/sim_data/RGB\01505.png,driving_model/sim_data/masks\01505.png,0.006542378570884466
driving_model/sim_data/RGB\01506.png,driving_model/sim_data/masks\01506.png,0.07975244522094727
driving_model/sim_data/RGB\01507.png,driving_model/sim_data/masks\01507.png,0.05959025397896767
driving_model/sim_data/RGB\01508.png,driving_model/sim_data/masks\01508.png,0.028535861521959305
driving_model/sim_data/RGB\01509.png,driving_model/sim_data/masks\01509.png,0.012304420582950115
driving_model/sim_data/RGB\01510.png,driving_model/sim_data/masks\01510.png,0.09903575479984283
driving_model/sim_data/RGB\01511.png,driving_model/sim_data/masks\01511.png,0.06394423544406891
driving_model/sim_data/RGB\01512.png,driving_model/sim_data/masks\01512.png,0.030918698757886887
driving_model/sim_data/RGB\01513.png,driving_model/sim_data/masks\01513.png,0.020946044474840164
driving_model/sim_data/RGB\01514.png,driving_model/sim_data/masks\01514.png,0.12558001279830933
driving_model/sim_data/RGB\01515.png,driving_model/sim_data/masks\01515.png,0.08215538412332535
driving_model/sim_data/RGB\01516.png,driving_model/sim_data/masks\01516.png,0.04510745406150818
driving_model/sim_data/RGB\01517.png,driving_model/sim_data/masks\01517.png,0.015638263896107674
driving_model/sim_data/RGB\01518.png,driving_model/sim_data/masks\01518.png,0.006193706300109625
driving_model/sim_data/RGB\01519.png,driving_model/sim_data/masks\01519.png,0.0981849879026413
driving_model/sim_data/RGB\01520.png,driving_model/sim_data/masks\01520.png,0.06900738924741745
driving_model/sim_data/RGB\01521.png,driving_model/sim_data/masks\01521.png,0.05356034263968468
driving_model/sim_data/RGB\01522.png,driving_model/sim_data/masks\01522.png,0.027467155829072
driving_model/sim_data/RGB\01523.png,driving_model/sim_data/masks\01523.png,0.013456901535391808
driving_model/sim_data/RGB\01524.png,driving_model/sim_data/masks\01524.png,0.09895993024110794
driving_model/sim_data/RGB\01525.png,driving_model/sim_data/masks\01525.png,0.08654122799634933
driving_model/sim_data/RGB\01526.png,driving_model/sim_data/masks\01526.png,0.051480431109666824
driving_model/sim_data/RGB\01527.png,driving_model/sim_data/masks\01527.png,0.021513162180781364
driving_model/sim_data/RGB\01528.png,driving_model/sim_data/masks\01528.png,0.011529482901096344
driving_model/sim_data/RGB\01529.png,driving_model/sim_data/masks\01529.png,0.10132130980491638
driving_model/sim_data/RGB\01530.png,driving_model/sim_data/masks\01530.png,0.09259644150733948
driving_model/sim_data/RGB\01531.png,driving_model/sim_data/masks\01531.png,0.05688886344432831
driving_model/sim_data/RGB\01532.png,driving_model/sim_data/masks\01532.png,0.022101717069745064
driving_model/sim_data/RGB\01533.png,driving_model/sim_data/masks\01533.png,0.014433988370001316
driving_model/sim_data/RGB\01534.png,driving_model/sim_data/masks\01534.png,0.010305228643119335
driving_model/sim_data/RGB\01535.png,driving_model/sim_data/masks\01535.png,0.1047530397772789
driving_model/sim_data/RGB\01536.png,driving_model/sim_data/masks\01536.png,0.06201352924108505
driving_model/sim_data/RGB\01537.png,driving_model/sim_data/masks\01537.png,0.030612140893936157
driving_model/sim_data/RGB\01538.png,driving_model/sim_data/masks\01538.png,0.02118370309472084
driving_model/sim_data/RGB\01539.png,driving_model/sim_data/masks\01539.png,0.13000425696372986
driving_model/sim_data/RGB\01540.png,driving_model/sim_data/masks\01540.png,0.08875181525945663
driving_model/sim_data/RGB\01541.png,driving_model/sim_data/masks\01541.png,0.048113495111465454
driving_model/sim_data/RGB\01542.png,driving_model/sim_data/masks\01542.png,0.03454248234629631
driving_model/sim_data/RGB\01543.png,driving_model/sim_data/masks\01543.png,0.0006600708002224565
driving_model/sim_data/RGB\01544.png,driving_model/sim_data/masks\01544.png,0.000424905534600839
driving_model/sim_data/RGB\01545.png,driving_model/sim_data/masks\01545.png,0.0002832505269907415
driving_model/sim_data/RGB\01546.png,driving_model/sim_data/masks\01546.png,-0.00012418437108863145
driving_model/sim_data/RGB\01547.png,driving_model/sim_data/masks\01547.png,0.0
driving_model/sim_data/RGB\01548.png,driving_model/sim_data/masks\01548.png,0.0
driving_model/sim_data/RGB\01549.png,driving_model/sim_data/masks\01549.png,0.0
driving_model/sim_data/RGB\01550.png,driving_model/sim_data/masks\01550.png,0.0
driving_model/sim_data/RGB\01551.png,driving_model/sim_data/masks\01551.png,0.0
driving_model/sim_data/RGB\01552.png,driving_model/sim_data/masks\01552.png,-0.0003078351728618145
driving_model/sim_data/RGB\01553.png,driving_model/sim_data/masks\01553.png,8.781160431681201e-05
driving_model/sim_data/RGB\01554.png,driving_model/sim_data/masks\01554.png,0.0
driving_model/sim_data/RGB\01555.png,driving_model/sim_data/masks\01555.png,0.0
driving_model/sim_data/RGB\01556.png,driving_model/sim_data/masks\01556.png,-0.00031116034369915724
driving_model/sim_data/RGB\01557.png,driving_model/sim_data/masks\01557.png,0.00015209417324513197
driving_model/sim_data/RGB\01558.png,driving_model/sim_data/masks\01558.png,8.781160431681201e-05
driving_model/sim_data/RGB\01559.png,driving_model/sim_data/masks\01559.png,-0.0003078351728618145
driving_model/sim_data/RGB\01560.png,driving_model/sim_data/masks\01560.png,0.0
driving_model/sim_data/RGB\01561.png,driving_model/sim_data/masks\01561.png,0.0
driving_model/sim_data/RGB\01562.png,driving_model/sim_data/masks\01562.png,-8.781160431681201e-05
driving_model/sim_data/RGB\01563.png,driving_model/sim_data/masks\01563.png,0.0003078351728618145
driving_model/sim_data/RGB\01564.png,driving_model/sim_data/masks\01564.png,0.0
driving_model/sim_data/RGB\01565.png,driving_model/sim_data/masks\01565.png,0.0003078351728618145
driving_model/sim_data/RGB\01566.png,driving_model/sim_data/masks\01566.png,0.0
driving_model/sim_data/RGB\01567.png,driving_model/sim_data/masks\01567.png,0.0
driving_model/sim_data/RGB\01568.png,driving_model/sim_data/masks\01568.png,0.0
driving_model/sim_data/RGB\01569.png,driving_model/sim_data/masks\01569.png,0.0
driving_model/sim_data/RGB\01570.png,driving_model/sim_data/masks\01570.png,0.0003078351728618145
driving_model/sim_data/RGB\01571.png,driving_model/sim_data/masks\01571.png,0.0
driving_model/sim_data/RGB\01572.png,driving_model/sim_data/masks\01572.png,-8.781160431681201e-05
driving_model/sim_data/RGB\01573.png,driving_model/sim_data/masks\01573.png,0.0
driving_model/sim_data/RGB\01574.png,driving_model/sim_data/masks\01574.png,0.0
driving_model/sim_data/RGB\01575.png,driving_model/sim_data/masks\01575.png,8.781160431681201e-05
driving_model/sim_data/RGB\01576.png,driving_model/sim_data/masks\01576.png,0.0
driving_model/sim_data/RGB\01577.png,driving_model/sim_data/masks\01577.png,0.0
driving_model/sim_data/RGB\01578.png,driving_model/sim_data/masks\01578.png,-8.781160431681201e-05
driving_model/sim_data/RGB\01579.png,driving_model/sim_data/masks\01579.png,8.781160431681201e-05
driving_model/sim_data/RGB\01580.png,driving_model/sim_data/masks\01580.png,0.0
driving_model/sim_data/RGB\01581.png,driving_model/sim_data/masks\01581.png,-0.0003078351728618145
driving_model/sim_data/RGB\01582.png,driving_model/sim_data/masks\01582.png,0.0
driving_model/sim_data/RGB\01583.png,driving_model/sim_data/masks\01583.png,8.781160431681201e-05
driving_model/sim_data/RGB\01584.png,driving_model/sim_data/masks\01584.png,0.0
driving_model/sim_data/RGB\01585.png,driving_model/sim_data/masks\01585.png,0.00043534470023587346
driving_model/sim_data/RGB\01586.png,driving_model/sim_data/masks\01586.png,0.0
driving_model/sim_data/RGB\01587.png,driving_model/sim_data/masks\01587.png,0.0
driving_model/sim_data/RGB\01588.png,driving_model/sim_data/masks\01588.png,0.0
driving_model/sim_data/RGB\01589.png,driving_model/sim_data/masks\01589.png,0.0
driving_model/sim_data/RGB\01590.png,driving_model/sim_data/masks\01590.png,0.00043534470023587346
driving_model/sim_data/RGB\01591.png,driving_model/sim_data/masks\01591.png,0.0
driving_model/sim_data/RGB\01592.png,driving_model/sim_data/masks\01592.png,0.0
driving_model/sim_data/RGB\01593.png,driving_model/sim_data/masks\01593.png,8.781160431681201e-05
driving_model/sim_data/RGB\01594.png,driving_model/sim_data/masks\01594.png,0.0003956467844545841
driving_model/sim_data/RGB\01595.png,driving_model/sim_data/masks\01595.png,-8.781160431681201e-05
driving_model/sim_data/RGB\01596.png,driving_model/sim_data/masks\01596.png,0.0
driving_model/sim_data/RGB\01597.png,driving_model/sim_data/masks\01597.png,-0.0052538285963237286
driving_model/sim_data/RGB\01598.png,driving_model/sim_data/masks\01598.png,-0.005146917421370745
driving_model/sim_data/RGB\01599.png,driving_model/sim_data/masks\01599.png,-0.014819463714957237
driving_model/sim_data/RGB\01600.png,driving_model/sim_data/masks\01600.png,-0.012955009937286377
driving_model/sim_data/RGB\01601.png,driving_model/sim_data/masks\01601.png,-0.021548090502619743
driving_model/sim_data/RGB\01602.png,driving_model/sim_data/masks\01602.png,-0.017932100221514702
driving_model/sim_data/RGB\01603.png,driving_model/sim_data/masks\01603.png,-0.025942418724298477
driving_model/sim_data/RGB\01604.png,driving_model/sim_data/masks\01604.png,-0.018019694834947586
driving_model/sim_data/RGB\01605.png,driving_model/sim_data/masks\01605.png,-0.02379777282476425
driving_model/sim_data/RGB\01606.png,driving_model/sim_data/masks\01606.png,-0.01696702651679516
driving_model/sim_data/RGB\01607.png,driving_model/sim_data/masks\01607.png,-0.02148832567036152
driving_model/sim_data/RGB\01608.png,driving_model/sim_data/masks\01608.png,-0.015101604163646698
driving_model/sim_data/RGB\01609.png,driving_model/sim_data/masks\01609.png,-0.02015092968940735
driving_model/sim_data/RGB\01610.png,driving_model/sim_data/masks\01610.png,-0.014980824664235115
driving_model/sim_data/RGB\01611.png,driving_model/sim_data/masks\01611.png,-0.02040155977010727
driving_model/sim_data/RGB\01612.png,driving_model/sim_data/masks\01612.png,-0.01608945056796074
driving_model/sim_data/RGB\01613.png,driving_model/sim_data/masks\01613.png,-0.021716821938753128
driving_model/sim_data/RGB\01614.png,driving_model/sim_data/masks\01614.png,-0.01642756350338459
driving_model/sim_data/RGB\01615.png,driving_model/sim_data/masks\01615.png,-0.018726514652371407
driving_model/sim_data/RGB\01616.png,driving_model/sim_data/masks\01616.png,-0.016302060335874557
driving_model/sim_data/RGB\01617.png,driving_model/sim_data/masks\01617.png,-0.01944400556385517
driving_model/sim_data/RGB\01618.png,driving_model/sim_data/masks\01618.png,-0.015496961772441864
driving_model/sim_data/RGB\01619.png,driving_model/sim_data/masks\01619.png,-0.020692557096481323
driving_model/sim_data/RGB\01620.png,driving_model/sim_data/masks\01620.png,-0.022198393940925598
driving_model/sim_data/RGB\01621.png,driving_model/sim_data/masks\01621.png,-0.01649666205048561
driving_model/sim_data/RGB\01622.png,driving_model/sim_data/masks\01622.png,-0.02090632915496826
driving_model/sim_data/RGB\01623.png,driving_model/sim_data/masks\01623.png,-0.014948143623769283
driving_model/sim_data/RGB\01624.png,driving_model/sim_data/masks\01624.png,-0.025561265647411346
driving_model/sim_data/RGB\01625.png,driving_model/sim_data/masks\01625.png,-0.01627393253147602
driving_model/sim_data/RGB\01626.png,driving_model/sim_data/masks\01626.png,-0.02489807829260826
driving_model/sim_data/RGB\01627.png,driving_model/sim_data/masks\01627.png,-0.017107341438531876
driving_model/sim_data/RGB\01628.png,driving_model/sim_data/masks\01628.png,-0.026448257267475128
driving_model/sim_data/RGB\01629.png,driving_model/sim_data/masks\01629.png,-0.018832122907042503
driving_model/sim_data/RGB\01630.png,driving_model/sim_data/masks\01630.png,-0.02796284668147564
driving_model/sim_data/RGB\01631.png,driving_model/sim_data/masks\01631.png,-0.01959829404950142
driving_model/sim_data/RGB\01632.png,driving_model/sim_data/masks\01632.png,-0.014739138074219227
driving_model/sim_data/RGB\01633.png,driving_model/sim_data/masks\01633.png,-0.02074342407286167
driving_model/sim_data/RGB\01634.png,driving_model/sim_data/masks\01634.png,-0.01568818837404251
driving_model/sim_data/RGB\01635.png,driving_model/sim_data/masks\01635.png,-0.021237323060631752
driving_model/sim_data/RGB\01636.png,driving_model/sim_data/masks\01636.png,-0.01673632115125656
driving_model/sim_data/RGB\01637.png,driving_model/sim_data/masks\01637.png,-0.021998578682541847
driving_model/sim_data/RGB\01638.png,driving_model/sim_data/masks\01638.png,-0.01704893261194229
driving_model/sim_data/RGB\01639.png,driving_model/sim_data/masks\01639.png,-0.02147895097732544
driving_model/sim_data/RGB\01640.png,driving_model/sim_data/masks\01640.png,-0.016275886446237564
driving_model/sim_data/RGB\01641.png,driving_model/sim_data/masks\01641.png,-0.020761264488101006
driving_model/sim_data/RGB\01642.png,driving_model/sim_data/masks\01642.png,-0.015203801915049553
driving_model/sim_data/RGB\01643.png,driving_model/sim_data/masks\01643.png,-0.0197858028113842
driving_model/sim_data/RGB\01644.png,driving_model/sim_data/masks\01644.png,-0.015439141541719437
driving_model/sim_data/RGB\01645.png,driving_model/sim_data/masks\01645.png,-0.02129327319562435
driving_model/sim_data/RGB\01646.png,driving_model/sim_data/masks\01646.png,-0.015751367434859276
driving_model/sim_data/RGB\01647.png,driving_model/sim_data/masks\01647.png,-0.020640674978494644
driving_model/sim_data/RGB\01648.png,driving_model/sim_data/masks\01648.png,-0.015625381842255592
driving_model/sim_data/RGB\01649.png,driving_model/sim_data/masks\01649.png,-0.020588094368577003
driving_model/sim_data/RGB\01650.png,driving_model/sim_data/masks\01650.png,-0.014681801199913025
driving_model/sim_data/RGB\01651.png,driving_model/sim_data/masks\01651.png,-0.021017078310251236
driving_model/sim_data/RGB\01652.png,driving_model/sim_data/masks\01652.png,-0.02689988724887371
driving_model/sim_data/RGB\01653.png,driving_model/sim_data/masks\01653.png,-0.021246373653411865
driving_model/sim_data/RGB\01654.png,driving_model/sim_data/masks\01654.png,-0.025347966700792313
driving_model/sim_data/RGB\01655.png,driving_model/sim_data/masks\01655.png,-0.01413340587168932
driving_model/sim_data/RGB\01656.png,driving_model/sim_data/masks\01656.png,-0.019539015367627144
driving_model/sim_data/RGB\01657.png,driving_model/sim_data/masks\01657.png,-0.014886826276779175
driving_model/sim_data/RGB\01658.png,driving_model/sim_data/masks\01658.png,-0.018399003893136978
driving_model/sim_data/RGB\01659.png,driving_model/sim_data/masks\01659.png,-0.027461230754852295
driving_model/sim_data/RGB\01660.png,driving_model/sim_data/masks\01660.png,-0.018772482872009277
driving_model/sim_data/RGB\01661.png,driving_model/sim_data/masks\01661.png,-0.027030296623706818
driving_model/sim_data/RGB\01662.png,driving_model/sim_data/masks\01662.png,-0.018131716176867485
driving_model/sim_data/RGB\01663.png,driving_model/sim_data/masks\01663.png,-0.020709151402115822
driving_model/sim_data/RGB\01664.png,driving_model/sim_data/masks\01664.png,-0.015535451471805573
driving_model/sim_data/RGB\01665.png,driving_model/sim_data/masks\01665.png,-0.020618505775928497
driving_model/sim_data/RGB\01666.png,driving_model/sim_data/masks\01666.png,-0.016116291284561157
driving_model/sim_data/RGB\01667.png,driving_model/sim_data/masks\01667.png,-0.021130835637450218
driving_model/sim_data/RGB\01668.png,driving_model/sim_data/masks\01668.png,-0.02898903749883175
driving_model/sim_data/RGB\01669.png,driving_model/sim_data/masks\01669.png,-0.020035268738865852
driving_model/sim_data/RGB\01670.png,driving_model/sim_data/masks\01670.png,-0.02678348682820797
driving_model/sim_data/RGB\01671.png,driving_model/sim_data/masks\01671.png,-0.01738976128399372
driving_model/sim_data/RGB\01672.png,driving_model/sim_data/masks\01672.png,-0.025131147354841232
driving_model/sim_data/RGB\01673.png,driving_model/sim_data/masks\01673.png,-0.014160755090415478
driving_model/sim_data/RGB\01674.png,driving_model/sim_data/masks\01674.png,-0.01993698440492153
driving_model/sim_data/RGB\01675.png,driving_model/sim_data/masks\01675.png,-0.015083660371601582
driving_model/sim_data/RGB\01676.png,driving_model/sim_data/masks\01676.png,-0.018310170620679855
driving_model/sim_data/RGB\01677.png,driving_model/sim_data/masks\01677.png,-0.02716442383825779
driving_model/sim_data/RGB\01678.png,driving_model/sim_data/masks\01678.png,-0.01828354224562645
driving_model/sim_data/RGB\01679.png,driving_model/sim_data/masks\01679.png,-0.02620183676481247
driving_model/sim_data/RGB\01680.png,driving_model/sim_data/masks\01680.png,-0.014787386171519756
driving_model/sim_data/RGB\01681.png,driving_model/sim_data/masks\01681.png,-0.017673000693321228
driving_model/sim_data/RGB\01682.png,driving_model/sim_data/masks\01682.png,-0.02206936851143837
driving_model/sim_data/RGB\01683.png,driving_model/sim_data/masks\01683.png,-0.016021255403757095
driving_model/sim_data/RGB\01684.png,driving_model/sim_data/masks\01684.png,-0.019479619339108467
driving_model/sim_data/RGB\01685.png,driving_model/sim_data/masks\01685.png,-0.014345046132802963
driving_model/sim_data/RGB\01686.png,driving_model/sim_data/masks\01686.png,-0.012223017401993275
driving_model/sim_data/RGB\01687.png,driving_model/sim_data/masks\01687.png,-0.009833171963691711
driving_model/sim_data/RGB\01688.png,driving_model/sim_data/masks\01688.png,-0.005192008800804615
driving_model/sim_data/RGB\01689.png,driving_model/sim_data/masks\01689.png,0.0011392341693863273
driving_model/sim_data/RGB\01690.png,driving_model/sim_data/masks\01690.png,0.004930227994918823
driving_model/sim_data/RGB\01691.png,driving_model/sim_data/masks\01691.png,0.004162070341408253
driving_model/sim_data/RGB\01692.png,driving_model/sim_data/masks\01692.png,0.005469201132655144
driving_model/sim_data/RGB\01693.png,driving_model/sim_data/masks\01693.png,0.0039705936796963215
driving_model/sim_data/RGB\01694.png,driving_model/sim_data/masks\01694.png,0.005624209996312857
driving_model/sim_data/RGB\01695.png,driving_model/sim_data/masks\01695.png,0.005843870807439089
driving_model/sim_data/RGB\01696.png,driving_model/sim_data/masks\01696.png,0.004653263371437788
driving_model/sim_data/RGB\01697.png,driving_model/sim_data/masks\01697.png,0.0032128074672073126
driving_model/sim_data/RGB\01698.png,driving_model/sim_data/masks\01698.png,0.00147296825889498
driving_model/sim_data/RGB\01699.png,driving_model/sim_data/masks\01699.png,0.0
driving_model/sim_data/RGB\01700.png,driving_model/sim_data/masks\01700.png,0.0
driving_model/sim_data/RGB\01701.png,driving_model/sim_data/masks\01701.png,-0.0005331862485036254
driving_model/sim_data/RGB\01702.png,driving_model/sim_data/masks\01702.png,-0.0014474645722657442
driving_model/sim_data/RGB\01703.png,driving_model/sim_data/masks\01703.png,-0.0009709950536489487
driving_model/sim_data/RGB\01704.png,driving_model/sim_data/masks\01704.png,-0.0010652184719219804
driving_model/sim_data/RGB\01705.png,driving_model/sim_data/masks\01705.png,-0.0005834127077832818
driving_model/sim_data/RGB\01706.png,driving_model/sim_data/masks\01706.png,-9.274155308958143e-05
driving_model/sim_data/RGB\01707.png,driving_model/sim_data/masks\01707.png,-0.0003078351728618145
driving_model/sim_data/RGB\01708.png,driving_model/sim_data/masks\01708.png,0.00022002359037287533
driving_model/sim_data/RGB\01709.png,driving_model/sim_data/masks\01709.png,0.000521711481269449
driving_model/sim_data/RGB\01710.png,driving_model/sim_data/masks\01710.png,0.00041931765736080706
driving_model/sim_data/RGB\01711.png,driving_model/sim_data/masks\01711.png,0.0005389455473050475
driving_model/sim_data/RGB\01712.png,driving_model/sim_data/masks\01712.png,0.00033683350193314254
driving_model/sim_data/RGB\01713.png,driving_model/sim_data/masks\01713.png,-0.00017562320863362402
driving_model/sim_data/RGB\01714.png,driving_model/sim_data/masks\01714.png,-0.00012418437108863145
driving_model/sim_data/RGB\01715.png,driving_model/sim_data/masks\01715.png,-8.781160431681201e-05
driving_model/sim_data/RGB\01716.png,driving_model/sim_data/masks\01716.png,-0.001265038037672639
driving_model/sim_data/RGB\01717.png,driving_model/sim_data/masks\01717.png,-0.012352021411061287
driving_model/sim_data/RGB\01718.png,driving_model/sim_data/masks\01718.png,-0.010201945900917053
driving_model/sim_data/RGB\01719.png,driving_model/sim_data/masks\01719.png,-0.024445245042443275
driving_model/sim_data/RGB\01720.png,driving_model/sim_data/masks\01720.png,-0.02628256380558014
driving_model/sim_data/RGB\01721.png,driving_model/sim_data/masks\01721.png,-0.022925404831767082
driving_model/sim_data/RGB\01722.png,driving_model/sim_data/masks\01722.png,-0.022073177620768547
driving_model/sim_data/RGB\01723.png,driving_model/sim_data/masks\01723.png,-0.028129706159234047
driving_model/sim_data/RGB\01724.png,driving_model/sim_data/masks\01724.png,-0.018677720800042152
driving_model/sim_data/RGB\01725.png,driving_model/sim_data/masks\01725.png,-0.023633938282728195
driving_model/sim_data/RGB\01726.png,driving_model/sim_data/masks\01726.png,-0.015220525674521923
driving_model/sim_data/RGB\01727.png,driving_model/sim_data/masks\01727.png,-0.02202422171831131
driving_model/sim_data/RGB\01728.png,driving_model/sim_data/masks\01728.png,-0.015192300081253052
driving_model/sim_data/RGB\01729.png,driving_model/sim_data/masks\01729.png,-0.02267949841916561
driving_model/sim_data/RGB\01730.png,driving_model/sim_data/masks\01730.png,-0.02553637884557247
driving_model/sim_data/RGB\01731.png,driving_model/sim_data/masks\01731.png,-0.016425253823399544
driving_model/sim_data/RGB\01732.png,driving_model/sim_data/masks\01732.png,-0.025108925998210907
driving_model/sim_data/RGB\01733.png,driving_model/sim_data/masks\01733.png,-0.016969893127679825
driving_model/sim_data/RGB\01734.png,driving_model/sim_data/masks\01734.png,-0.018473908305168152
driving_model/sim_data/RGB\01735.png,driving_model/sim_data/masks\01735.png,-0.014475545845925808
driving_model/sim_data/RGB\01736.png,driving_model/sim_data/masks\01736.png,-0.023902468383312225
driving_model/sim_data/RGB\01737.png,driving_model/sim_data/masks\01737.png,-0.015505693852901459
driving_model/sim_data/RGB\01738.png,driving_model/sim_data/masks\01738.png,-0.020154301077127457
driving_model/sim_data/RGB\01739.png,driving_model/sim_data/masks\01739.png,-0.014538897201418877
driving_model/sim_data/RGB\01740.png,driving_model/sim_data/masks\01740.png,-0.018534347414970398
driving_model/sim_data/RGB\01741.png,driving_model/sim_data/masks\01741.png,-0.02223704755306244
driving_model/sim_data/RGB\01742.png,driving_model/sim_data/masks\01742.png,-0.01739773340523243
driving_model/sim_data/RGB\01743.png,driving_model/sim_data/masks\01743.png,-0.019548235461115837
driving_model/sim_data/RGB\01744.png,driving_model/sim_data/masks\01744.png,-0.01579439640045166
driving_model/sim_data/RGB\01745.png,driving_model/sim_data/masks\01745.png,-0.01617947407066822
driving_model/sim_data/RGB\01746.png,driving_model/sim_data/masks\01746.png,-0.022940538823604584
driving_model/sim_data/RGB\01747.png,driving_model/sim_data/masks\01747.png,-0.015573102980852127
driving_model/sim_data/RGB\01748.png,driving_model/sim_data/masks\01748.png,-0.023573532700538635
driving_model/sim_data/RGB\01749.png,driving_model/sim_data/masks\01749.png,-0.01868518255650997
driving_model/sim_data/RGB\01750.png,driving_model/sim_data/masks\01750.png,-0.014451099559664726
driving_model/sim_data/RGB\01751.png,driving_model/sim_data/masks\01751.png,-0.0191399697214365
driving_model/sim_data/RGB\01752.png,driving_model/sim_data/masks\01752.png,-0.026273351162672043
driving_model/sim_data/RGB\01753.png,driving_model/sim_data/masks\01753.png,-0.017918946221470833
driving_model/sim_data/RGB\01754.png,driving_model/sim_data/masks\01754.png,-0.024376407265663147
driving_model/sim_data/RGB\01755.png,driving_model/sim_data/masks\01755.png,-0.018517380580306053
driving_model/sim_data/RGB\01756.png,driving_model/sim_data/masks\01756.png,-0.013367361389100552
driving_model/sim_data/RGB\01757.png,driving_model/sim_data/masks\01757.png,-0.021512284874916077
driving_model/sim_data/RGB\01758.png,driving_model/sim_data/masks\01758.png,-0.01444274466484785
driving_model/sim_data/RGB\01759.png,driving_model/sim_data/masks\01759.png,-0.018195243552327156
driving_model/sim_data/RGB\01760.png,driving_model/sim_data/masks\01760.png,-0.015772955492138863
driving_model/sim_data/RGB\01761.png,driving_model/sim_data/masks\01761.png,-0.019714904949069023
driving_model/sim_data/RGB\01762.png,driving_model/sim_data/masks\01762.png,-0.02586183324456215
driving_model/sim_data/RGB\01763.png,driving_model/sim_data/masks\01763.png,-0.02019358240067959
driving_model/sim_data/RGB\01764.png,driving_model/sim_data/masks\01764.png,-0.014205771498382092
driving_model/sim_data/RGB\01765.png,driving_model/sim_data/masks\01765.png,-0.01867322251200676
driving_model/sim_data/RGB\01766.png,driving_model/sim_data/masks\01766.png,-0.013606196269392967
driving_model/sim_data/RGB\01767.png,driving_model/sim_data/masks\01767.png,-0.01803894340991974
driving_model/sim_data/RGB\01768.png,driving_model/sim_data/masks\01768.png,-0.012804519385099411
driving_model/sim_data/RGB\01769.png,driving_model/sim_data/masks\01769.png,-0.01780024915933609
driving_model/sim_data/RGB\01770.png,driving_model/sim_data/masks\01770.png,-0.025650588795542717
driving_model/sim_data/RGB\01771.png,driving_model/sim_data/masks\01771.png,-0.02028939127922058
driving_model/sim_data/RGB\01772.png,driving_model/sim_data/masks\01772.png,-0.014616075903177261
driving_model/sim_data/RGB\01773.png,driving_model/sim_data/masks\01773.png,-0.018573079258203506
driving_model/sim_data/RGB\01774.png,driving_model/sim_data/masks\01774.png,-0.013256896287202835
driving_model/sim_data/RGB\01775.png,driving_model/sim_data/masks\01775.png,-0.01801278069615364
driving_model/sim_data/RGB\01776.png,driving_model/sim_data/masks\01776.png,-0.015811480581760406
driving_model/sim_data/RGB\01777.png,driving_model/sim_data/masks\01777.png,-0.01851767674088478
driving_model/sim_data/RGB\01778.png,driving_model/sim_data/masks\01778.png,-0.016627170145511627
driving_model/sim_data/RGB\01779.png,driving_model/sim_data/masks\01779.png,-0.022297140210866928
driving_model/sim_data/RGB\01780.png,driving_model/sim_data/masks\01780.png,-0.01450368668884039
driving_model/sim_data/RGB\01781.png,driving_model/sim_data/masks\01781.png,-0.012117261067032814
driving_model/sim_data/RGB\01782.png,driving_model/sim_data/masks\01782.png,-0.0177612267434597
driving_model/sim_data/RGB\01783.png,driving_model/sim_data/masks\01783.png,-0.01260804571211338
driving_model/sim_data/RGB\01784.png,driving_model/sim_data/masks\01784.png,-0.010974617674946785
driving_model/sim_data/RGB\01785.png,driving_model/sim_data/masks\01785.png,-0.009700956754386425
driving_model/sim_data/RGB\01786.png,driving_model/sim_data/masks\01786.png,-0.00955907255411148
driving_model/sim_data/RGB\01787.png,driving_model/sim_data/masks\01787.png,-0.006117658689618111
driving_model/sim_data/RGB\01788.png,driving_model/sim_data/masks\01788.png,-0.004992661997675896
driving_model/sim_data/RGB\01789.png,driving_model/sim_data/masks\01789.png,-0.001324893324635923
driving_model/sim_data/RGB\01790.png,driving_model/sim_data/masks\01790.png,-0.0012167968088760972
driving_model/sim_data/RGB\01791.png,driving_model/sim_data/masks\01791.png,-0.0005722591886296868
driving_model/sim_data/RGB\01792.png,driving_model/sim_data/masks\01792.png,-0.0036857780069112778
driving_model/sim_data/RGB\01793.png,driving_model/sim_data/masks\01793.png,-0.00293128308840096
driving_model/sim_data/RGB\01794.png,driving_model/sim_data/masks\01794.png,-0.002372019924223423
driving_model/sim_data/RGB\01795.png,driving_model/sim_data/masks\01795.png,-0.005304967053234577
driving_model/sim_data/RGB\01796.png,driving_model/sim_data/masks\01796.png,-0.004096298478543758
driving_model/sim_data/RGB\01797.png,driving_model/sim_data/masks\01797.png,-0.006735568400472403
driving_model/sim_data/RGB\01798.png,driving_model/sim_data/masks\01798.png,-0.005944283213466406
driving_model/sim_data/RGB\01799.png,driving_model/sim_data/masks\01799.png,-0.005868567619472742
driving_model/sim_data/RGB\01800.png,driving_model/sim_data/masks\01800.png,0.002085415879264474
driving_model/sim_data/RGB\01801.png,driving_model/sim_data/masks\01801.png,0.0018470115028321743
driving_model/sim_data/RGB\01802.png,driving_model/sim_data/masks\01802.png,0.01629120111465454
driving_model/sim_data/RGB\01803.png,driving_model/sim_data/masks\01803.png,0.013072020374238491
driving_model/sim_data/RGB\01804.png,driving_model/sim_data/masks\01804.png,0.02797587588429451
driving_model/sim_data/RGB\01805.png,driving_model/sim_data/masks\01805.png,0.022984804585576057
driving_model/sim_data/RGB\01806.png,driving_model/sim_data/masks\01806.png,0.034758150577545166
driving_model/sim_data/RGB\01807.png,driving_model/sim_data/masks\01807.png,0.02551339566707611
driving_model/sim_data/RGB\01808.png,driving_model/sim_data/masks\01808.png,0.028754225000739098
driving_model/sim_data/RGB\01809.png,driving_model/sim_data/masks\01809.png,0.032114457339048386
driving_model/sim_data/RGB\01810.png,driving_model/sim_data/masks\01810.png,0.022142987698316574
driving_model/sim_data/RGB\01811.png,driving_model/sim_data/masks\01811.png,0.023837778717279434
driving_model/sim_data/RGB\01812.png,driving_model/sim_data/masks\01812.png,0.0165291465818882
driving_model/sim_data/RGB\01813.png,driving_model/sim_data/masks\01813.png,0.011168579570949078
driving_model/sim_data/RGB\01814.png,driving_model/sim_data/masks\01814.png,0.006784706376492977
driving_model/sim_data/RGB\01815.png,driving_model/sim_data/masks\01815.png,-0.0004854523576796055
driving_model/sim_data/RGB\01816.png,driving_model/sim_data/masks\01816.png,-0.0023997307289391756
driving_model/sim_data/RGB\01817.png,driving_model/sim_data/masks\01817.png,-0.00328153558075428
driving_model/sim_data/RGB\01818.png,driving_model/sim_data/masks\01818.png,-0.0030456273816525936
driving_model/sim_data/RGB\01819.png,driving_model/sim_data/masks\01819.png,-0.0023490996100008488
driving_model/sim_data/RGB\01820.png,driving_model/sim_data/masks\01820.png,-0.004224277101457119
driving_model/sim_data/RGB\01821.png,driving_model/sim_data/masks\01821.png,-0.0017095033545047045
driving_model/sim_data/RGB\01822.png,driving_model/sim_data/masks\01822.png,-0.000898281461559236
driving_model/sim_data/RGB\01823.png,driving_model/sim_data/masks\01823.png,0.007888187654316425
driving_model/sim_data/RGB\01824.png,driving_model/sim_data/masks\01824.png,0.0038493555039167404
driving_model/sim_data/RGB\01825.png,driving_model/sim_data/masks\01825.png,0.0001336678396910429
driving_model/sim_data/RGB\01826.png,driving_model/sim_data/masks\01826.png,0.013021962717175484
driving_model/sim_data/RGB\01827.png,driving_model/sim_data/masks\01827.png,0.003880425589159131
driving_model/sim_data/RGB\01828.png,driving_model/sim_data/masks\01828.png,0.012545624747872353
driving_model/sim_data/RGB\01829.png,driving_model/sim_data/masks\01829.png,0.006118220742791891
driving_model/sim_data/RGB\01830.png,driving_model/sim_data/masks\01830.png,0.001212454866617918
driving_model/sim_data/RGB\01831.png,driving_model/sim_data/masks\01831.png,0.009387119673192501
driving_model/sim_data/RGB\01832.png,driving_model/sim_data/masks\01832.png,0.004202023148536682
driving_model/sim_data/RGB\01833.png,driving_model/sim_data/masks\01833.png,0.007350610569119453
driving_model/sim_data/RGB\01834.png,driving_model/sim_data/masks\01834.png,0.0029665795154869556
driving_model/sim_data/RGB\01835.png,driving_model/sim_data/masks\01835.png,4.6272529289126396e-05
driving_model/sim_data/RGB\01836.png,driving_model/sim_data/masks\01836.png,0.010554678738117218
driving_model/sim_data/RGB\01837.png,driving_model/sim_data/masks\01837.png,0.006656624376773834
driving_model/sim_data/RGB\01838.png,driving_model/sim_data/masks\01838.png,0.002542035887017846
driving_model/sim_data/RGB\01839.png,driving_model/sim_data/masks\01839.png,0.011449065990746021
driving_model/sim_data/RGB\01840.png,driving_model/sim_data/masks\01840.png,0.003391493810340762
driving_model/sim_data/RGB\01841.png,driving_model/sim_data/masks\01841.png,0.01646975800395012
driving_model/sim_data/RGB\01842.png,driving_model/sim_data/masks\01842.png,0.008817659690976143
driving_model/sim_data/RGB\01843.png,driving_model/sim_data/masks\01843.png,0.002377868164330721
driving_model/sim_data/RGB\01844.png,driving_model/sim_data/masks\01844.png,0.013528766110539436
driving_model/sim_data/RGB\01845.png,driving_model/sim_data/masks\01845.png,0.006547482684254646
driving_model/sim_data/RGB\01846.png,driving_model/sim_data/masks\01846.png,0.01935574971139431
driving_model/sim_data/RGB\01847.png,driving_model/sim_data/masks\01847.png,0.010218555107712746
driving_model/sim_data/RGB\01848.png,driving_model/sim_data/masks\01848.png,0.0026850441936403513
driving_model/sim_data/RGB\01849.png,driving_model/sim_data/masks\01849.png,0.01652827113866806
driving_model/sim_data/RGB\01850.png,driving_model/sim_data/masks\01850.png,0.005884117446839809
driving_model/sim_data/RGB\01851.png,driving_model/sim_data/masks\01851.png,0.0180351622402668
driving_model/sim_data/RGB\01852.png,driving_model/sim_data/masks\01852.png,0.00957742240279913
driving_model/sim_data/RGB\01853.png,driving_model/sim_data/masks\01853.png,0.0033659604378044605
driving_model/sim_data/RGB\01854.png,driving_model/sim_data/masks\01854.png,0.017337284982204437
driving_model/sim_data/RGB\01855.png,driving_model/sim_data/masks\01855.png,0.008989440277218819
driving_model/sim_data/RGB\01856.png,driving_model/sim_data/masks\01856.png,0.0037880740128457546
driving_model/sim_data/RGB\01857.png,driving_model/sim_data/masks\01857.png,0.013309621252119541
driving_model/sim_data/RGB\01858.png,driving_model/sim_data/masks\01858.png,0.006158234551548958
driving_model/sim_data/RGB\01859.png,driving_model/sim_data/masks\01859.png,0.0006176428869366646
driving_model/sim_data/RGB\01860.png,driving_model/sim_data/masks\01860.png,0.012493029236793518
driving_model/sim_data/RGB\01861.png,driving_model/sim_data/masks\01861.png,0.0064588990062475204
driving_model/sim_data/RGB\01862.png,driving_model/sim_data/masks\01862.png,0.01789529249072075
driving_model/sim_data/RGB\01863.png,driving_model/sim_data/masks\01863.png,0.01278724242001772
driving_model/sim_data/RGB\01864.png,driving_model/sim_data/masks\01864.png,0.005687362980097532
driving_model/sim_data/RGB\01865.png,driving_model/sim_data/masks\01865.png,0.0003945397911593318
driving_model/sim_data/RGB\01866.png,driving_model/sim_data/masks\01866.png,0.012909297831356525
driving_model/sim_data/RGB\01867.png,driving_model/sim_data/masks\01867.png,0.006792404688894749
driving_model/sim_data/RGB\01868.png,driving_model/sim_data/masks\01868.png,0.018062416464090347
driving_model/sim_data/RGB\01869.png,driving_model/sim_data/masks\01869.png,0.009396367706358433
driving_model/sim_data/RGB\01870.png,driving_model/sim_data/masks\01870.png,0.0031531592831015587
driving_model/sim_data/RGB\01871.png,driving_model/sim_data/masks\01871.png,0.017069470137357712
driving_model/sim_data/RGB\01872.png,driving_model/sim_data/masks\01872.png,0.01010938547551632
driving_model/sim_data/RGB\01873.png,driving_model/sim_data/masks\01873.png,0.006678318604826927
driving_model/sim_data/RGB\01874.png,driving_model/sim_data/masks\01874.png,0.01801062375307083
driving_model/sim_data/RGB\01875.png,driving_model/sim_data/masks\01875.png,0.009742265567183495
driving_model/sim_data/RGB\01876.png,driving_model/sim_data/masks\01876.png,0.0024232855066657066
driving_model/sim_data/RGB\01877.png,driving_model/sim_data/masks\01877.png,0.017201382666826248
driving_model/sim_data/RGB\01878.png,driving_model/sim_data/masks\01878.png,0.01040057372301817
driving_model/sim_data/RGB\01879.png,driving_model/sim_data/masks\01879.png,0.01828807033598423
driving_model/sim_data/RGB\01880.png,driving_model/sim_data/masks\01880.png,0.009431645274162292
driving_model/sim_data/RGB\01881.png,driving_model/sim_data/masks\01881.png,0.0022261275444179773
driving_model/sim_data/RGB\01882.png,driving_model/sim_data/masks\01882.png,0.0168711319565773
driving_model/sim_data/RGB\01883.png,driving_model/sim_data/masks\01883.png,0.009886627085506916
driving_model/sim_data/RGB\01884.png,driving_model/sim_data/masks\01884.png,0.0038305562920868397
driving_model/sim_data/RGB\01885.png,driving_model/sim_data/masks\01885.png,0.013123779557645321
driving_model/sim_data/RGB\01886.png,driving_model/sim_data/masks\01886.png,0.005273079965263605
driving_model/sim_data/RGB\01887.png,driving_model/sim_data/masks\01887.png,-0.00014139898121356964
driving_model/sim_data/RGB\01888.png,driving_model/sim_data/masks\01888.png,0.01277660671621561
driving_model/sim_data/RGB\01889.png,driving_model/sim_data/masks\01889.png,0.007230111863464117
driving_model/sim_data/RGB\01890.png,driving_model/sim_data/masks\01890.png,0.019164321944117546
driving_model/sim_data/RGB\01891.png,driving_model/sim_data/masks\01891.png,0.009348299354314804
driving_model/sim_data/RGB\01892.png,driving_model/sim_data/masks\01892.png,0.001923981006257236
driving_model/sim_data/RGB\01893.png,driving_model/sim_data/masks\01893.png,0.016639621928334236
driving_model/sim_data/RGB\01894.png,driving_model/sim_data/masks\01894.png,0.012362513691186905
driving_model/sim_data/RGB\01895.png,driving_model/sim_data/masks\01895.png,0.0059709735214710236
driving_model/sim_data/RGB\01896.png,driving_model/sim_data/masks\01896.png,0.016426634043455124
driving_model/sim_data/RGB\01897.png,driving_model/sim_data/masks\01897.png,0.009684979915618896
driving_model/sim_data/RGB\01898.png,driving_model/sim_data/masks\01898.png,0.0038055828772485256
driving_model/sim_data/RGB\01899.png,driving_model/sim_data/masks\01899.png,0.010019793175160885
driving_model/sim_data/RGB\01900.png,driving_model/sim_data/masks\01900.png,0.007180791813880205
driving_model/sim_data/RGB\01901.png,driving_model/sim_data/masks\01901.png,0.0007314110407605767
driving_model/sim_data/RGB\01902.png,driving_model/sim_data/masks\01902.png,0.0005505095468834043
driving_model/sim_data/RGB\01903.png,driving_model/sim_data/masks\01903.png,-0.00017573311924934387
driving_model/sim_data/RGB\01904.png,driving_model/sim_data/masks\01904.png,-0.0006948008667677641
driving_model/sim_data/RGB\01905.png,driving_model/sim_data/masks\01905.png,-0.00043982735951431096
driving_model/sim_data/RGB\01906.png,driving_model/sim_data/masks\01906.png,-0.0006155604496598244
driving_model/sim_data/RGB\01907.png,driving_model/sim_data/masks\01907.png,0.00633758632466197
driving_model/sim_data/RGB\01908.png,driving_model/sim_data/masks\01908.png,0.004183006938546896
driving_model/sim_data/RGB\01909.png,driving_model/sim_data/masks\01909.png,0.0019311709329485893
driving_model/sim_data/RGB\01910.png,driving_model/sim_data/masks\01910.png,0.018092554062604904
driving_model/sim_data/RGB\01911.png,driving_model/sim_data/masks\01911.png,0.011613238602876663
driving_model/sim_data/RGB\01912.png,driving_model/sim_data/masks\01912.png,0.00515466183423996
driving_model/sim_data/RGB\01913.png,driving_model/sim_data/masks\01913.png,0.02125069499015808
driving_model/sim_data/RGB\01914.png,driving_model/sim_data/masks\01914.png,0.01211801078170538
driving_model/sim_data/RGB\01915.png,driving_model/sim_data/masks\01915.png,0.004345472902059555
driving_model/sim_data/RGB\01916.png,driving_model/sim_data/masks\01916.png,0.015308930538594723
driving_model/sim_data/RGB\01917.png,driving_model/sim_data/masks\01917.png,0.007312845904380083
driving_model/sim_data/RGB\01918.png,driving_model/sim_data/masks\01918.png,0.001051148516125977
driving_model/sim_data/RGB\01919.png,driving_model/sim_data/masks\01919.png,0.015235337428748608
driving_model/sim_data/RGB\01920.png,driving_model/sim_data/masks\01920.png,0.00868593342602253
driving_model/sim_data/RGB\01921.png,driving_model/sim_data/masks\01921.png,0.0024933023378252983
driving_model/sim_data/RGB\01922.png,driving_model/sim_data/masks\01922.png,0.016065167263150215
driving_model/sim_data/RGB\01923.png,driving_model/sim_data/masks\01923.png,0.007528397254645824
driving_model/sim_data/RGB\01924.png,driving_model/sim_data/masks\01924.png,0.021558605134487152
driving_model/sim_data/RGB\01925.png,driving_model/sim_data/masks\01925.png,0.011684345081448555
driving_model/sim_data/RGB\01926.png,driving_model/sim_data/masks\01926.png,0.0035821176134049892
driving_model/sim_data/RGB\01927.png,driving_model/sim_data/masks\01927.png,0.02056283690035343
driving_model/sim_data/RGB\01928.png,driving_model/sim_data/masks\01928.png,0.0120004927739501
driving_model/sim_data/RGB\01929.png,driving_model/sim_data/masks\01929.png,0.00438848789781332
driving_model/sim_data/RGB\01930.png,driving_model/sim_data/masks\01930.png,0.02205738052725792
driving_model/sim_data/RGB\01931.png,driving_model/sim_data/masks\01931.png,0.012237109243869781
driving_model/sim_data/RGB\01932.png,driving_model/sim_data/masks\01932.png,0.006146181374788284
driving_model/sim_data/RGB\01933.png,driving_model/sim_data/masks\01933.png,0.016093453392386436
driving_model/sim_data/RGB\01934.png,driving_model/sim_data/masks\01934.png,0.006251465529203415
driving_model/sim_data/RGB\01935.png,driving_model/sim_data/masks\01935.png,0.00011591019574552774
driving_model/sim_data/RGB\01936.png,driving_model/sim_data/masks\01936.png,0.01442752406001091
driving_model/sim_data/RGB\01937.png,driving_model/sim_data/masks\01937.png,0.008079662919044495
driving_model/sim_data/RGB\01938.png,driving_model/sim_data/masks\01938.png,0.0023042079992592335
driving_model/sim_data/RGB\01939.png,driving_model/sim_data/masks\01939.png,0.016211150214076042
driving_model/sim_data/RGB\01940.png,driving_model/sim_data/masks\01940.png,0.007996371015906334
driving_model/sim_data/RGB\01941.png,driving_model/sim_data/masks\01941.png,0.021923977881669998
driving_model/sim_data/RGB\01942.png,driving_model/sim_data/masks\01942.png,0.005351021885871887
driving_model/sim_data/RGB\01943.png,driving_model/sim_data/masks\01943.png,0.0008765531238168478
driving_model/sim_data/RGB\01944.png,driving_model/sim_data/masks\01944.png,0.015681736171245575
driving_model/sim_data/RGB\01945.png,driving_model/sim_data/masks\01945.png,0.009056195616722107
driving_model/sim_data/RGB\01946.png,driving_model/sim_data/masks\01946.png,0.002774410415440798
driving_model/sim_data/RGB\01947.png,driving_model/sim_data/masks\01947.png,0.016158223152160645
driving_model/sim_data/RGB\01948.png,driving_model/sim_data/masks\01948.png,0.008088945411145687
driving_model/sim_data/RGB\01949.png,driving_model/sim_data/masks\01949.png,0.021527770906686783
driving_model/sim_data/RGB\01950.png,driving_model/sim_data/masks\01950.png,0.015126797370612621
driving_model/sim_data/RGB\01951.png,driving_model/sim_data/masks\01951.png,0.006996843498200178
driving_model/sim_data/RGB\01952.png,driving_model/sim_data/masks\01952.png,0.00043507979717105627
driving_model/sim_data/RGB\01953.png,driving_model/sim_data/masks\01953.png,0.015069577842950821
driving_model/sim_data/RGB\01954.png,driving_model/sim_data/masks\01954.png,0.008204369805753231
driving_model/sim_data/RGB\01955.png,driving_model/sim_data/masks\01955.png,0.0019512150902301073
driving_model/sim_data/RGB\01956.png,driving_model/sim_data/masks\01956.png,0.01198224350810051
driving_model/sim_data/RGB\01957.png,driving_model/sim_data/masks\01957.png,0.0038487159181386232
driving_model/sim_data/RGB\01958.png,driving_model/sim_data/masks\01958.png,0.021677939221262932
driving_model/sim_data/RGB\01959.png,driving_model/sim_data/masks\01959.png,0.012787084095180035
driving_model/sim_data/RGB\01960.png,driving_model/sim_data/masks\01960.png,0.004204659257084131
driving_model/sim_data/RGB\01961.png,driving_model/sim_data/masks\01961.png,-0.00019840896129608154
driving_model/sim_data/RGB\01962.png,driving_model/sim_data/masks\01962.png,0.017174020409584045
driving_model/sim_data/RGB\01963.png,driving_model/sim_data/masks\01963.png,0.009001277387142181
driving_model/sim_data/RGB\01964.png,driving_model/sim_data/masks\01964.png,0.0026890612207353115
driving_model/sim_data/RGB\01965.png,driving_model/sim_data/masks\01965.png,-0.0004557119682431221
driving_model/sim_data/RGB\01966.png,driving_model/sim_data/masks\01966.png,0.019085051491856575
driving_model/sim_data/RGB\01967.png,driving_model/sim_data/masks\01967.png,0.01225743256509304
driving_model/sim_data/RGB\01968.png,driving_model/sim_data/masks\01968.png,0.024977993220090866
driving_model/sim_data/RGB\01969.png,driving_model/sim_data/masks\01969.png,0.018202388659119606
driving_model/sim_data/RGB\01970.png,driving_model/sim_data/masks\01970.png,0.007863200269639492
driving_model/sim_data/RGB\01971.png,driving_model/sim_data/masks\01971.png,0.002482680371031165
driving_model/sim_data/RGB\01972.png,driving_model/sim_data/masks\01972.png,-8.737202733755112e-05
driving_model/sim_data/RGB\01973.png,driving_model/sim_data/masks\01973.png,0.014459608122706413
driving_model/sim_data/RGB\01974.png,driving_model/sim_data/masks\01974.png,0.004430292174220085
driving_model/sim_data/RGB\01975.png,driving_model/sim_data/masks\01975.png,0.0014149874914437532
driving_model/sim_data/RGB\01976.png,driving_model/sim_data/masks\01976.png,0.025844914838671684
driving_model/sim_data/RGB\01977.png,driving_model/sim_data/masks\01977.png,0.016328386962413788
driving_model/sim_data/RGB\01978.png,driving_model/sim_data/masks\01978.png,0.00857789721339941
driving_model/sim_data/RGB\01979.png,driving_model/sim_data/masks\01979.png,0.0019109342247247696
driving_model/sim_data/RGB\01980.png,driving_model/sim_data/masks\01980.png,0.026142943650484085
driving_model/sim_data/RGB\01981.png,driving_model/sim_data/masks\01981.png,0.016585109755396843
driving_model/sim_data/RGB\01982.png,driving_model/sim_data/masks\01982.png,0.0065052565187215805
driving_model/sim_data/RGB\01983.png,driving_model/sim_data/masks\01983.png,0.004475028719753027
driving_model/sim_data/RGB\01984.png,driving_model/sim_data/masks\01984.png,0.0015988124068826437
driving_model/sim_data/RGB\01985.png,driving_model/sim_data/masks\01985.png,0.02018437348306179
driving_model/sim_data/RGB\01986.png,driving_model/sim_data/masks\01986.png,0.017265023663640022
driving_model/sim_data/RGB\01987.png,driving_model/sim_data/masks\01987.png,0.007758432533591986
driving_model/sim_data/RGB\01988.png,driving_model/sim_data/masks\01988.png,0.004293360281735659
driving_model/sim_data/RGB\01989.png,driving_model/sim_data/masks\01989.png,0.002391682006418705
driving_model/sim_data/RGB\01990.png,driving_model/sim_data/masks\01990.png,0.001478955033235252
driving_model/sim_data/RGB\01991.png,driving_model/sim_data/masks\01991.png,0.017655877396464348
driving_model/sim_data/RGB\01992.png,driving_model/sim_data/masks\01992.png,0.011573354713618755
driving_model/sim_data/RGB\01993.png,driving_model/sim_data/masks\01993.png,0.007057826966047287
driving_model/sim_data/RGB\01994.png,driving_model/sim_data/masks\01994.png,0.004147172439843416
driving_model/sim_data/RGB\01995.png,driving_model/sim_data/masks\01995.png,0.002366906963288784
driving_model/sim_data/RGB\01996.png,driving_model/sim_data/masks\01996.png,0.027929214760661125
driving_model/sim_data/RGB\01997.png,driving_model/sim_data/masks\01997.png,0.017522107809782028
driving_model/sim_data/RGB\01998.png,driving_model/sim_data/masks\01998.png,0.009942995384335518
driving_model/sim_data/RGB\01999.png,driving_model/sim_data/masks\01999.png,0.0046966588124632835
driving_model/sim_data/RGB\02000.png,driving_model/sim_data/masks\02000.png,0.0027949765790253878
driving_model/sim_data/RGB\02001.png,driving_model/sim_data/masks\02001.png,0.0017206360353156924
driving_model/sim_data/RGB\02002.png,driving_model/sim_data/masks\02002.png,0.01772831566631794
driving_model/sim_data/RGB\02003.png,driving_model/sim_data/masks\02003.png,0.011520755477249622
driving_model/sim_data/RGB\02004.png,driving_model/sim_data/masks\02004.png,0.007181271445006132
driving_model/sim_data/RGB\02005.png,driving_model/sim_data/masks\02005.png,0.0032945959828794003
driving_model/sim_data/RGB\02006.png,driving_model/sim_data/masks\02006.png,0.0020328646060079336
driving_model/sim_data/RGB\02007.png,driving_model/sim_data/masks\02007.png,0.01935451477766037
driving_model/sim_data/RGB\02008.png,driving_model/sim_data/masks\02008.png,0.009895863011479378
driving_model/sim_data/RGB\02009.png,driving_model/sim_data/masks\02009.png,0.006187996827065945
driving_model/sim_data/RGB\02010.png,driving_model/sim_data/masks\02010.png,0.0039018832612782717
driving_model/sim_data/RGB\02011.png,driving_model/sim_data/masks\02011.png,0.0021862941794097424
driving_model/sim_data/RGB\02012.png,driving_model/sim_data/masks\02012.png,0.001366361160762608
driving_model/sim_data/RGB\02013.png,driving_model/sim_data/masks\02013.png,-0.017471928149461746
driving_model/sim_data/RGB\02014.png,driving_model/sim_data/masks\02014.png,-0.01197238452732563
driving_model/sim_data/RGB\02015.png,driving_model/sim_data/masks\02015.png,-0.005871438421308994
driving_model/sim_data/RGB\02016.png,driving_model/sim_data/masks\02016.png,-0.003562403842806816
driving_model/sim_data/RGB\02017.png,driving_model/sim_data/masks\02017.png,-0.002141432138159871
driving_model/sim_data/RGB\02018.png,driving_model/sim_data/masks\02018.png,-0.0011221152963116765
driving_model/sim_data/RGB\02019.png,driving_model/sim_data/masks\02019.png,-0.04517809674143791
driving_model/sim_data/RGB\02020.png,driving_model/sim_data/masks\02020.png,-0.029473476111888885
driving_model/sim_data/RGB\02021.png,driving_model/sim_data/masks\02021.png,-0.01556091383099556
driving_model/sim_data/RGB\02022.png,driving_model/sim_data/masks\02022.png,-0.008985402062535286
driving_model/sim_data/RGB\02023.png,driving_model/sim_data/masks\02023.png,-0.005252632778137922
driving_model/sim_data/RGB\02024.png,driving_model/sim_data/masks\02024.png,-0.08613093942403793
driving_model/sim_data/RGB\02025.png,driving_model/sim_data/masks\02025.png,-0.05787044018507004
driving_model/sim_data/RGB\02026.png,driving_model/sim_data/masks\02026.png,-0.03734894469380379
driving_model/sim_data/RGB\02027.png,driving_model/sim_data/masks\02027.png,-0.017657138407230377
driving_model/sim_data/RGB\02028.png,driving_model/sim_data/masks\02028.png,-0.010705946944653988
driving_model/sim_data/RGB\02029.png,driving_model/sim_data/masks\02029.png,-0.006428839173167944
driving_model/sim_data/RGB\02030.png,driving_model/sim_data/masks\02030.png,-0.09463626146316528
driving_model/sim_data/RGB\02031.png,driving_model/sim_data/masks\02031.png,-0.0648866519331932
driving_model/sim_data/RGB\02032.png,driving_model/sim_data/masks\02032.png,-0.034390922635793686
driving_model/sim_data/RGB\02033.png,driving_model/sim_data/masks\02033.png,-0.02057272009551525
driving_model/sim_data/RGB\02034.png,driving_model/sim_data/masks\02034.png,-0.012166334316134453
driving_model/sim_data/RGB\02035.png,driving_model/sim_data/masks\02035.png,-0.009263631887733936
driving_model/sim_data/RGB\02036.png,driving_model/sim_data/masks\02036.png,-0.09731179475784302
driving_model/sim_data/RGB\02037.png,driving_model/sim_data/masks\02037.png,-0.06557581573724747
driving_model/sim_data/RGB\02038.png,driving_model/sim_data/masks\02038.png,-0.04205793887376785
driving_model/sim_data/RGB\02039.png,driving_model/sim_data/masks\02039.png,-0.03104424476623535
driving_model/sim_data/RGB\02040.png,driving_model/sim_data/masks\02040.png,-0.01058549527078867
driving_model/sim_data/RGB\02041.png,driving_model/sim_data/masks\02041.png,-0.005262767430394888
driving_model/sim_data/RGB\02042.png,driving_model/sim_data/masks\02042.png,-0.07103803753852844
driving_model/sim_data/RGB\02043.png,driving_model/sim_data/masks\02043.png,-0.05223522707819939
driving_model/sim_data/RGB\02044.png,driving_model/sim_data/masks\02044.png,-0.02469603717327118
driving_model/sim_data/RGB\02045.png,driving_model/sim_data/masks\02045.png,-0.014233788475394249
driving_model/sim_data/RGB\02046.png,driving_model/sim_data/masks\02046.png,-0.008076190017163754
driving_model/sim_data/RGB\02047.png,driving_model/sim_data/masks\02047.png,-0.09622842818498611
driving_model/sim_data/RGB\02048.png,driving_model/sim_data/masks\02048.png,-0.05231817811727524
driving_model/sim_data/RGB\02049.png,driving_model/sim_data/masks\02049.png,-0.032654501497745514
driving_model/sim_data/RGB\02050.png,driving_model/sim_data/masks\02050.png,-0.019228868186473846
driving_model/sim_data/RGB\02051.png,driving_model/sim_data/masks\02051.png,-0.011615290306508541
driving_model/sim_data/RGB\02052.png,driving_model/sim_data/masks\02052.png,-0.005187420640140772
driving_model/sim_data/RGB\02053.png,driving_model/sim_data/masks\02053.png,-0.0743153840303421
driving_model/sim_data/RGB\02054.png,driving_model/sim_data/masks\02054.png,-0.05495712533593178
driving_model/sim_data/RGB\02055.png,driving_model/sim_data/masks\02055.png,-0.03389092907309532
driving_model/sim_data/RGB\02056.png,driving_model/sim_data/masks\02056.png,-0.01999843306839466
driving_model/sim_data/RGB\02057.png,driving_model/sim_data/masks\02057.png,-0.008547315374016762
driving_model/sim_data/RGB\02058.png,driving_model/sim_data/masks\02058.png,-0.09776493906974792
driving_model/sim_data/RGB\02059.png,driving_model/sim_data/masks\02059.png,-0.06282102316617966
driving_model/sim_data/RGB\02060.png,driving_model/sim_data/masks\02060.png,-0.04323438182473183
driving_model/sim_data/RGB\02061.png,driving_model/sim_data/masks\02061.png,-0.025739779695868492
driving_model/sim_data/RGB\02062.png,driving_model/sim_data/masks\02062.png,-0.014797372743487358
driving_model/sim_data/RGB\02063.png,driving_model/sim_data/masks\02063.png,-0.007887762039899826
driving_model/sim_data/RGB\02064.png,driving_model/sim_data/masks\02064.png,-0.10028553754091263
driving_model/sim_data/RGB\02065.png,driving_model/sim_data/masks\02065.png,-0.07549013942480087
driving_model/sim_data/RGB\02066.png,driving_model/sim_data/masks\02066.png,-0.051381196826696396
driving_model/sim_data/RGB\02067.png,driving_model/sim_data/masks\02067.png,-0.03039446659386158
driving_model/sim_data/RGB\02068.png,driving_model/sim_data/masks\02068.png,-0.01239006221294403
driving_model/sim_data/RGB\02069.png,driving_model/sim_data/masks\02069.png,-0.00659719854593277
driving_model/sim_data/RGB\02070.png,driving_model/sim_data/masks\02070.png,-0.06555107980966568
driving_model/sim_data/RGB\02071.png,driving_model/sim_data/masks\02071.png,-0.04253014177083969
driving_model/sim_data/RGB\02072.png,driving_model/sim_data/masks\02072.png,-0.02549152448773384
driving_model/sim_data/RGB\02073.png,driving_model/sim_data/masks\02073.png,-0.015080270357429981
driving_model/sim_data/RGB\02074.png,driving_model/sim_data/masks\02074.png,-0.008727330714464188
driving_model/sim_data/RGB\02075.png,driving_model/sim_data/masks\02075.png,-0.09923477470874786
driving_model/sim_data/RGB\02076.png,driving_model/sim_data/masks\02076.png,-0.06692686676979065
driving_model/sim_data/RGB\02077.png,driving_model/sim_data/masks\02077.png,-0.035341061651706696
driving_model/sim_data/RGB\02078.png,driving_model/sim_data/masks\02078.png,-0.02115008421242237
driving_model/sim_data/RGB\02079.png,driving_model/sim_data/masks\02079.png,-0.012446115724742413
driving_model/sim_data/RGB\02080.png,driving_model/sim_data/masks\02080.png,-0.007016601040959358
driving_model/sim_data/RGB\02081.png,driving_model/sim_data/masks\02081.png,-0.07396267354488373
driving_model/sim_data/RGB\02082.png,driving_model/sim_data/masks\02082.png,-0.044836267828941345
driving_model/sim_data/RGB\02083.png,driving_model/sim_data/masks\02083.png,-0.032058000564575195
driving_model/sim_data/RGB\02084.png,driving_model/sim_data/masks\02084.png,-0.0192957054823637
driving_model/sim_data/RGB\02085.png,driving_model/sim_data/masks\02085.png,-0.010884744115173817
driving_model/sim_data/RGB\02086.png,driving_model/sim_data/masks\02086.png,-0.006486209575086832
driving_model/sim_data/RGB\02087.png,driving_model/sim_data/masks\02087.png,-0.06505682319402695
driving_model/sim_data/RGB\02088.png,driving_model/sim_data/masks\02088.png,-0.04115552082657814
driving_model/sim_data/RGB\02089.png,driving_model/sim_data/masks\02089.png,-0.024282319471240044
driving_model/sim_data/RGB\02090.png,driving_model/sim_data/masks\02090.png,-0.01407405361533165
driving_model/sim_data/RGB\02091.png,driving_model/sim_data/masks\02091.png,-0.006170584820210934
driving_model/sim_data/RGB\02092.png,driving_model/sim_data/masks\02092.png,-0.10038284957408905
driving_model/sim_data/RGB\02093.png,driving_model/sim_data/masks\02093.png,-0.06736671924591064
driving_model/sim_data/RGB\02094.png,driving_model/sim_data/masks\02094.png,-0.04348624125123024
driving_model/sim_data/RGB\02095.png,driving_model/sim_data/masks\02095.png,-0.025256820023059845
driving_model/sim_data/RGB\02096.png,driving_model/sim_data/masks\02096.png,-0.013362318277359009
driving_model/sim_data/RGB\02097.png,driving_model/sim_data/masks\02097.png,-0.007209011819213629
driving_model/sim_data/RGB\02098.png,driving_model/sim_data/masks\02098.png,-0.06389917433261871
driving_model/sim_data/RGB\02099.png,driving_model/sim_data/masks\02099.png,-0.04551456496119499
driving_model/sim_data/RGB\02100.png,driving_model/sim_data/masks\02100.png,-0.016333894804120064
driving_model/sim_data/RGB\02101.png,driving_model/sim_data/masks\02101.png,-0.009203544817864895
driving_model/sim_data/RGB\02102.png,driving_model/sim_data/masks\02102.png,-0.005279583390802145
driving_model/sim_data/RGB\02103.png,driving_model/sim_data/masks\02103.png,-0.09951328486204147
driving_model/sim_data/RGB\02104.png,driving_model/sim_data/masks\02104.png,-0.055657003074884415
driving_model/sim_data/RGB\02105.png,driving_model/sim_data/masks\02105.png,-0.035117655992507935
driving_model/sim_data/RGB\02106.png,driving_model/sim_data/masks\02106.png,-0.01636996865272522
driving_model/sim_data/RGB\02107.png,driving_model/sim_data/masks\02107.png,-0.01010829396545887
driving_model/sim_data/RGB\02108.png,driving_model/sim_data/masks\02108.png,-0.0073468745686113834
driving_model/sim_data/RGB\02109.png,driving_model/sim_data/masks\02109.png,-0.07708439975976944
driving_model/sim_data/RGB\02110.png,driving_model/sim_data/masks\02110.png,-0.04125400632619858
driving_model/sim_data/RGB\02111.png,driving_model/sim_data/masks\02111.png,-0.03184841573238373
driving_model/sim_data/RGB\02112.png,driving_model/sim_data/masks\02112.png,-0.008417471311986446
driving_model/sim_data/RGB\02113.png,driving_model/sim_data/masks\02113.png,-0.09599880874156952
driving_model/sim_data/RGB\02114.png,driving_model/sim_data/masks\02114.png,-0.06425977498292923
driving_model/sim_data/RGB\02115.png,driving_model/sim_data/masks\02115.png,-0.039972636848688126
driving_model/sim_data/RGB\02116.png,driving_model/sim_data/masks\02116.png,-0.021904371678829193
driving_model/sim_data/RGB\02117.png,driving_model/sim_data/masks\02117.png,-0.011715292930603027
driving_model/sim_data/RGB\02118.png,driving_model/sim_data/masks\02118.png,-0.006259971763938665
driving_model/sim_data/RGB\02119.png,driving_model/sim_data/masks\02119.png,-0.09712310880422592
driving_model/sim_data/RGB\02120.png,driving_model/sim_data/masks\02120.png,-0.05025578662753105
driving_model/sim_data/RGB\02121.png,driving_model/sim_data/masks\02121.png,-0.028031079098582268
driving_model/sim_data/RGB\02122.png,driving_model/sim_data/masks\02122.png,-0.01563061773777008
driving_model/sim_data/RGB\02123.png,driving_model/sim_data/masks\02123.png,-0.008137930184602737
driving_model/sim_data/RGB\02124.png,driving_model/sim_data/masks\02124.png,-0.09654256701469421
driving_model/sim_data/RGB\02125.png,driving_model/sim_data/masks\02125.png,-0.06557398289442062
driving_model/sim_data/RGB\02126.png,driving_model/sim_data/masks\02126.png,-0.03207230195403099
driving_model/sim_data/RGB\02127.png,driving_model/sim_data/masks\02127.png,-0.016353916376829147
driving_model/sim_data/RGB\02128.png,driving_model/sim_data/masks\02128.png,-0.008458439260721207
driving_model/sim_data/RGB\02129.png,driving_model/sim_data/masks\02129.png,-0.0037192734889686108
driving_model/sim_data/RGB\02130.png,driving_model/sim_data/masks\02130.png,-0.07433202117681503
driving_model/sim_data/RGB\02131.png,driving_model/sim_data/masks\02131.png,-0.054419513791799545
driving_model/sim_data/RGB\02132.png,driving_model/sim_data/masks\02132.png,-0.03370189666748047
driving_model/sim_data/RGB\02133.png,driving_model/sim_data/masks\02133.png,-0.0198670644313097
driving_model/sim_data/RGB\02134.png,driving_model/sim_data/masks\02134.png,-0.011151974089443684
driving_model/sim_data/RGB\02135.png,driving_model/sim_data/masks\02135.png,-0.0842994675040245
driving_model/sim_data/RGB\02136.png,driving_model/sim_data/masks\02136.png,-0.05602012202143669
driving_model/sim_data/RGB\02137.png,driving_model/sim_data/masks\02137.png,-0.036402005702257156
driving_model/sim_data/RGB\02138.png,driving_model/sim_data/masks\02138.png,-0.02366226352751255
driving_model/sim_data/RGB\02139.png,driving_model/sim_data/masks\02139.png,-0.015075036324560642
driving_model/sim_data/RGB\02140.png,driving_model/sim_data/masks\02140.png,-0.007247851695865393
driving_model/sim_data/RGB\02141.png,driving_model/sim_data/masks\02141.png,-0.004686599597334862
driving_model/sim_data/RGB\02142.png,driving_model/sim_data/masks\02142.png,-0.07968709617853165
driving_model/sim_data/RGB\02143.png,driving_model/sim_data/masks\02143.png,-0.0607038177549839
driving_model/sim_data/RGB\02144.png,driving_model/sim_data/masks\02144.png,-0.04128760099411011
driving_model/sim_data/RGB\02145.png,driving_model/sim_data/masks\02145.png,-0.028365565463900566
driving_model/sim_data/RGB\02146.png,driving_model/sim_data/masks\02146.png,-0.019166039302945137
driving_model/sim_data/RGB\02147.png,driving_model/sim_data/masks\02147.png,-0.0977998897433281
driving_model/sim_data/RGB\02148.png,driving_model/sim_data/masks\02148.png,-0.06422124058008194
driving_model/sim_data/RGB\02149.png,driving_model/sim_data/masks\02149.png,-0.04520600661635399
driving_model/sim_data/RGB\02150.png,driving_model/sim_data/masks\02150.png,-0.02906358614563942
driving_model/sim_data/RGB\02151.png,driving_model/sim_data/masks\02151.png,-0.021964240819215775
driving_model/sim_data/RGB\02152.png,driving_model/sim_data/masks\02152.png,-0.015538718551397324
driving_model/sim_data/RGB\02153.png,driving_model/sim_data/masks\02153.png,-0.011230078525841236
driving_model/sim_data/RGB\02154.png,driving_model/sim_data/masks\02154.png,-0.009636951610445976
driving_model/sim_data/RGB\02155.png,driving_model/sim_data/masks\02155.png,-0.0054235635325312614
driving_model/sim_data/RGB\02156.png,driving_model/sim_data/masks\02156.png,-0.06310086697340012
driving_model/sim_data/RGB\02157.png,driving_model/sim_data/masks\02157.png,-0.04842366278171539
driving_model/sim_data/RGB\02158.png,driving_model/sim_data/masks\02158.png,-0.03673899918794632
driving_model/sim_data/RGB\02159.png,driving_model/sim_data/masks\02159.png,-0.02420905977487564
driving_model/sim_data/RGB\02160.png,driving_model/sim_data/masks\02160.png,-0.01848493330180645
driving_model/sim_data/RGB\02161.png,driving_model/sim_data/masks\02161.png,-0.01392070297151804
driving_model/sim_data/RGB\02162.png,driving_model/sim_data/masks\02162.png,-0.010525223799049854
driving_model/sim_data/RGB\02163.png,driving_model/sim_data/masks\02163.png,-0.008288698270916939
driving_model/sim_data/RGB\02164.png,driving_model/sim_data/masks\02164.png,-0.006402745842933655
driving_model/sim_data/RGB\02165.png,driving_model/sim_data/masks\02165.png,-0.07011260092258453
driving_model/sim_data/RGB\02166.png,driving_model/sim_data/masks\02166.png,-0.0536855012178421
driving_model/sim_data/RGB\02167.png,driving_model/sim_data/masks\02167.png,-0.04008271545171738
driving_model/sim_data/RGB\02168.png,driving_model/sim_data/masks\02168.png,-0.028170842677354813
driving_model/sim_data/RGB\02169.png,driving_model/sim_data/masks\02169.png,-0.01991589181125164
driving_model/sim_data/RGB\02170.png,driving_model/sim_data/masks\02170.png,-0.013679192401468754
driving_model/sim_data/RGB\02171.png,driving_model/sim_data/masks\02171.png,-0.006674699950963259
driving_model/sim_data/RGB\02172.png,driving_model/sim_data/masks\02172.png,-0.08935359865427017
driving_model/sim_data/RGB\02173.png,driving_model/sim_data/masks\02173.png,-0.06413871049880981
driving_model/sim_data/RGB\02174.png,driving_model/sim_data/masks\02174.png,-0.03510360047221184
driving_model/sim_data/RGB\02175.png,driving_model/sim_data/masks\02175.png,-0.01546227466315031
driving_model/sim_data/RGB\02176.png,driving_model/sim_data/masks\02176.png,-0.0050684604793787
driving_model/sim_data/RGB\02177.png,driving_model/sim_data/masks\02177.png,-0.08668187260627747
driving_model/sim_data/RGB\02178.png,driving_model/sim_data/masks\02178.png,-0.062419917434453964
driving_model/sim_data/RGB\02179.png,driving_model/sim_data/masks\02179.png,-0.0343969464302063
driving_model/sim_data/RGB\02180.png,driving_model/sim_data/masks\02180.png,-0.017726019024848938
driving_model/sim_data/RGB\02181.png,driving_model/sim_data/masks\02181.png,-0.006189545150846243
driving_model/sim_data/RGB\02182.png,driving_model/sim_data/masks\02182.png,-0.057249318808317184
driving_model/sim_data/RGB\02183.png,driving_model/sim_data/masks\02183.png,-0.039905887097120285
driving_model/sim_data/RGB\02184.png,driving_model/sim_data/masks\02184.png,-0.02240801975131035
driving_model/sim_data/RGB\02185.png,driving_model/sim_data/masks\02185.png,-0.012031269259750843
driving_model/sim_data/RGB\02186.png,driving_model/sim_data/masks\02186.png,-0.006615110207349062
driving_model/sim_data/RGB\02187.png,driving_model/sim_data/masks\02187.png,-0.14422310888767242
driving_model/sim_data/RGB\02188.png,driving_model/sim_data/masks\02188.png,-0.25904664397239685
driving_model/sim_data/RGB\02189.png,driving_model/sim_data/masks\02189.png,-0.18278054893016815
driving_model/sim_data/RGB\02190.png,driving_model/sim_data/masks\02190.png,-0.24593505263328552
driving_model/sim_data/RGB\02191.png,driving_model/sim_data/masks\02191.png,-0.1734170913696289
driving_model/sim_data/RGB\02192.png,driving_model/sim_data/masks\02192.png,-0.16465435922145844
driving_model/sim_data/RGB\02193.png,driving_model/sim_data/masks\02193.png,-0.27559199929237366
driving_model/sim_data/RGB\02194.png,driving_model/sim_data/masks\02194.png,-0.27244624495506287
driving_model/sim_data/RGB\02195.png,driving_model/sim_data/masks\02195.png,-0.28119176626205444
driving_model/sim_data/RGB\02196.png,driving_model/sim_data/masks\02196.png,-0.2595933973789215
driving_model/sim_data/RGB\02197.png,driving_model/sim_data/masks\02197.png,-0.42820411920547485
driving_model/sim_data/RGB\02198.png,driving_model/sim_data/masks\02198.png,-0.25703737139701843
driving_model/sim_data/RGB\02199.png,driving_model/sim_data/masks\02199.png,-0.18065060675144196
driving_model/sim_data/RGB\02200.png,driving_model/sim_data/masks\02200.png,-0.14592313766479492
driving_model/sim_data/RGB\02201.png,driving_model/sim_data/masks\02201.png,-0.05441417545080185
driving_model/sim_data/RGB\02202.png,driving_model/sim_data/masks\02202.png,0.041899386793375015
driving_model/sim_data/RGB\02203.png,driving_model/sim_data/masks\02203.png,0.0432942695915699
driving_model/sim_data/RGB\02204.png,driving_model/sim_data/masks\02204.png,0.012094607576727867
driving_model/sim_data/RGB\02205.png,driving_model/sim_data/masks\02205.png,-0.00616537407040596
driving_model/sim_data/RGB\02206.png,driving_model/sim_data/masks\02206.png,-0.02103804610669613
driving_model/sim_data/RGB\02207.png,driving_model/sim_data/masks\02207.png,-0.019387396052479744
driving_model/sim_data/RGB\02208.png,driving_model/sim_data/masks\02208.png,-0.010220956057310104
driving_model/sim_data/RGB\02209.png,driving_model/sim_data/masks\02209.png,0.002024587709456682
driving_model/sim_data/RGB\02210.png,driving_model/sim_data/masks\02210.png,0.00900912657380104
driving_model/sim_data/RGB\02211.png,driving_model/sim_data/masks\02211.png,0.006895932834595442
driving_model/sim_data/RGB\02212.png,driving_model/sim_data/masks\02212.png,0.00017531285993754864
driving_model/sim_data/RGB\02213.png,driving_model/sim_data/masks\02213.png,-0.0021949182264506817
driving_model/sim_data/RGB\02214.png,driving_model/sim_data/masks\02214.png,-0.0032433916348963976
driving_model/sim_data/RGB\02215.png,driving_model/sim_data/masks\02215.png,-0.0023751198314130306
driving_model/sim_data/RGB\02216.png,driving_model/sim_data/masks\02216.png,-0.0013152261963114142
driving_model/sim_data/RGB\02217.png,driving_model/sim_data/masks\02217.png,-0.0005292773130349815
driving_model/sim_data/RGB\02218.png,driving_model/sim_data/masks\02218.png,-9.52518021222204e-05
driving_model/sim_data/RGB\02219.png,driving_model/sim_data/masks\02219.png,0.0005362462252378464
driving_model/sim_data/RGB\02220.png,driving_model/sim_data/masks\02220.png,0.0007771076634526253
driving_model/sim_data/RGB\02221.png,driving_model/sim_data/masks\02221.png,0.0006458209245465696
driving_model/sim_data/RGB\02222.png,driving_model/sim_data/masks\02222.png,0.00035223556915298104
driving_model/sim_data/RGB\02223.png,driving_model/sim_data/masks\02223.png,-8.781160431681201e-05
driving_model/sim_data/RGB\02224.png,driving_model/sim_data/masks\02224.png,0.0
driving_model/sim_data/RGB\02225.png,driving_model/sim_data/masks\02225.png,0.0
driving_model/sim_data/RGB\02226.png,driving_model/sim_data/masks\02226.png,0.0003078351728618145
driving_model/sim_data/RGB\02227.png,driving_model/sim_data/masks\02227.png,0.00031116034369915724
driving_model/sim_data/RGB\02228.png,driving_model/sim_data/masks\02228.png,-0.00012418437108863145
driving_model/sim_data/RGB\02229.png,driving_model/sim_data/masks\02229.png,0.0
driving_model/sim_data/RGB\02230.png,driving_model/sim_data/masks\02230.png,-0.0003078351728618145
driving_model/sim_data/RGB\02231.png,driving_model/sim_data/masks\02231.png,-0.0005278587923385203
driving_model/sim_data/RGB\02232.png,driving_model/sim_data/masks\02232.png,-0.0001322119787801057
driving_model/sim_data/RGB\02233.png,driving_model/sim_data/masks\02233.png,0.0003078351728618145
driving_model/sim_data/RGB\02234.png,driving_model/sim_data/masks\02234.png,-8.781160431681201e-05
driving_model/sim_data/RGB\02235.png,driving_model/sim_data/masks\02235.png,0.0
driving_model/sim_data/RGB\02236.png,driving_model/sim_data/masks\02236.png,0.0
driving_model/sim_data/RGB\02237.png,driving_model/sim_data/masks\02237.png,0.0
driving_model/sim_data/RGB\02238.png,driving_model/sim_data/masks\02238.png,0.0
driving_model/sim_data/RGB\02239.png,driving_model/sim_data/masks\02239.png,0.00043534470023587346
driving_model/sim_data/RGB\02240.png,driving_model/sim_data/masks\02240.png,0.00031116034369915724
driving_model/sim_data/RGB\02241.png,driving_model/sim_data/masks\02241.png,-0.00012418437108863145
driving_model/sim_data/RGB\02242.png,driving_model/sim_data/masks\02242.png,-0.0003078351728618145
driving_model/sim_data/RGB\02243.png,driving_model/sim_data/masks\02243.png,8.781160431681201e-05
driving_model/sim_data/RGB\02244.png,driving_model/sim_data/masks\02244.png,-0.00043534470023587346
driving_model/sim_data/RGB\02245.png,driving_model/sim_data/masks\02245.png,0.0
driving_model/sim_data/RGB\02246.png,driving_model/sim_data/masks\02246.png,0.0
driving_model/sim_data/RGB\02247.png,driving_model/sim_data/masks\02247.png,0.0
driving_model/sim_data/RGB\02248.png,driving_model/sim_data/masks\02248.png,0.0
driving_model/sim_data/RGB\02249.png,driving_model/sim_data/masks\02249.png,8.781160431681201e-05
driving_model/sim_data/RGB\02250.png,driving_model/sim_data/masks\02250.png,0.0
driving_model/sim_data/RGB\02251.png,driving_model/sim_data/masks\02251.png,0.0
driving_model/sim_data/RGB\02252.png,driving_model/sim_data/masks\02252.png,0.0
driving_model/sim_data/RGB\02253.png,driving_model/sim_data/masks\02253.png,0.0
driving_model/sim_data/RGB\02254.png,driving_model/sim_data/masks\02254.png,-0.0003078351728618145
driving_model/sim_data/RGB\02255.png,driving_model/sim_data/masks\02255.png,0.0003956467844545841
driving_model/sim_data/RGB\02256.png,driving_model/sim_data/masks\02256.png,0.0003078351728618145
driving_model/sim_data/RGB\02257.png,driving_model/sim_data/masks\02257.png,0.00022002359037287533
driving_model/sim_data/RGB\02258.png,driving_model/sim_data/masks\02258.png,-8.781160431681201e-05
driving_model/sim_data/RGB\02259.png,driving_model/sim_data/masks\02259.png,-0.0005331862485036254
driving_model/sim_data/RGB\02260.png,driving_model/sim_data/masks\02260.png,-0.0003078351728618145
driving_model/sim_data/RGB\02261.png,driving_model/sim_data/masks\02261.png,8.781160431681201e-05
driving_model/sim_data/RGB\02262.png,driving_model/sim_data/masks\02262.png,0.00043534470023587346
driving_model/sim_data/RGB\02263.png,driving_model/sim_data/masks\02263.png,0.0003078351728618145
driving_model/sim_data/RGB\02264.png,driving_model/sim_data/masks\02264.png,-8.781160431681201e-05
driving_model/sim_data/RGB\02265.png,driving_model/sim_data/masks\02265.png,0.0
driving_model/sim_data/RGB\02266.png,driving_model/sim_data/masks\02266.png,0.0
driving_model/sim_data/RGB\02267.png,driving_model/sim_data/masks\02267.png,0.0
driving_model/sim_data/RGB\02268.png,driving_model/sim_data/masks\02268.png,0.0
driving_model/sim_data/RGB\02269.png,driving_model/sim_data/masks\02269.png,-0.0003078351728618145
driving_model/sim_data/RGB\02270.png,driving_model/sim_data/masks\02270.png,-0.00022002359037287533
driving_model/sim_data/RGB\02271.png,driving_model/sim_data/masks\02271.png,8.781160431681201e-05
driving_model/sim_data/RGB\02272.png,driving_model/sim_data/masks\02272.png,0.0003078351728618145
driving_model/sim_data/RGB\02273.png,driving_model/sim_data/masks\02273.png,0.0003078351728618145
driving_model/sim_data/RGB\02274.png,driving_model/sim_data/masks\02274.png,0.00022002359037287533
driving_model/sim_data/RGB\02275.png,driving_model/sim_data/masks\02275.png,-8.781160431681201e-05
driving_model/sim_data/RGB\02276.png,driving_model/sim_data/masks\02276.png,0.0
driving_model/sim_data/RGB\02277.png,driving_model/sim_data/masks\02277.png,0.0
driving_model/sim_data/RGB\02278.png,driving_model/sim_data/masks\02278.png,-0.00043534470023587346
driving_model/sim_data/RGB\02279.png,driving_model/sim_data/masks\02279.png,0.0
driving_model/sim_data/RGB\02280.png,driving_model/sim_data/masks\02280.png,-0.0003078351728618145
driving_model/sim_data/RGB\02281.png,driving_model/sim_data/masks\02281.png,-0.0003475331177469343
driving_model/sim_data/RGB\02282.png,driving_model/sim_data/masks\02282.png,0.0005231563118286431
driving_model/sim_data/RGB\02283.png,driving_model/sim_data/masks\02283.png,-0.00012418437108863145
driving_model/sim_data/RGB\02284.png,driving_model/sim_data/masks\02284.png,0.00043534470023587346
driving_model/sim_data/RGB\02285.png,driving_model/sim_data/masks\02285.png,-0.00012418437108863145
driving_model/sim_data/RGB\02286.png,driving_model/sim_data/masks\02286.png,0.0003078351728618145
driving_model/sim_data/RGB\02287.png,driving_model/sim_data/masks\02287.png,-0.00012418437108863145
driving_model/sim_data/RGB\02288.png,driving_model/sim_data/masks\02288.png,0.0003078351728618145
driving_model/sim_data/RGB\02289.png,driving_model/sim_data/masks\02289.png,-8.781160431681201e-05
driving_model/sim_data/RGB\02290.png,driving_model/sim_data/masks\02290.png,0.0
driving_model/sim_data/RGB\02291.png,driving_model/sim_data/masks\02291.png,-0.00043534470023587346
driving_model/sim_data/RGB\02292.png,driving_model/sim_data/masks\02292.png,-0.00031116034369915724
driving_model/sim_data/RGB\02293.png,driving_model/sim_data/masks\02293.png,0.00012418437108863145
driving_model/sim_data/RGB\02294.png,driving_model/sim_data/masks\02294.png,0.0
driving_model/sim_data/RGB\02295.png,driving_model/sim_data/masks\02295.png,0.00022002359037287533
driving_model/sim_data/RGB\02296.png,driving_model/sim_data/masks\02296.png,-8.781160431681201e-05
driving_model/sim_data/RGB\02297.png,driving_model/sim_data/masks\02297.png,0.0003078351728618145
driving_model/sim_data/RGB\02298.png,driving_model/sim_data/masks\02298.png,8.781160431681201e-05
driving_model/sim_data/RGB\02299.png,driving_model/sim_data/masks\02299.png,-0.00043534470023587346
driving_model/sim_data/RGB\02300.png,driving_model/sim_data/masks\02300.png,0.00012418437108863145
driving_model/sim_data/RGB\02301.png,driving_model/sim_data/masks\02301.png,0.0
driving_model/sim_data/RGB\02302.png,driving_model/sim_data/masks\02302.png,0.0
driving_model/sim_data/RGB\02303.png,driving_model/sim_data/masks\02303.png,8.781160431681201e-05
driving_model/sim_data/RGB\02304.png,driving_model/sim_data/masks\02304.png,0.0
driving_model/sim_data/RGB\02305.png,driving_model/sim_data/masks\02305.png,0.0003078351728618145
driving_model/sim_data/RGB\02306.png,driving_model/sim_data/masks\02306.png,-0.0003956467844545841
driving_model/sim_data/RGB\02307.png,driving_model/sim_data/masks\02307.png,-0.00022002359037287533
driving_model/sim_data/RGB\02308.png,driving_model/sim_data/masks\02308.png,8.781160431681201e-05
driving_model/sim_data/RGB\02309.png,driving_model/sim_data/masks\02309.png,0.0005331862485036254
driving_model/sim_data/RGB\02310.png,driving_model/sim_data/masks\02310.png,0.0005331862485036254
driving_model/sim_data/RGB\02311.png,driving_model/sim_data/masks\02311.png,-8.781160431681201e-05
driving_model/sim_data/RGB\02312.png,driving_model/sim_data/masks\02312.png,0.0
driving_model/sim_data/RGB\02313.png,driving_model/sim_data/masks\02313.png,0.0
driving_model/sim_data/RGB\02314.png,driving_model/sim_data/masks\02314.png,0.0
driving_model/sim_data/RGB\02315.png,driving_model/sim_data/masks\02315.png,0.0
driving_model/sim_data/RGB\02316.png,driving_model/sim_data/masks\02316.png,0.0
driving_model/sim_data/RGB\02317.png,driving_model/sim_data/masks\02317.png,0.0
driving_model/sim_data/RGB\02318.png,driving_model/sim_data/masks\02318.png,0.0
driving_model/sim_data/RGB\02319.png,driving_model/sim_data/masks\02319.png,0.0
driving_model/sim_data/RGB\02320.png,driving_model/sim_data/masks\02320.png,0.0
driving_model/sim_data/RGB\02321.png,driving_model/sim_data/masks\02321.png,0.0
driving_model/sim_data/RGB\02322.png,driving_model/sim_data/masks\02322.png,-0.000870533986017108
driving_model/sim_data/RGB\02323.png,driving_model/sim_data/masks\02323.png,0.0002485241857357323
driving_model/sim_data/RGB\02324.png,driving_model/sim_data/masks\02324.png,0.0
driving_model/sim_data/RGB\02325.png,driving_model/sim_data/masks\02325.png,0.0
driving_model/sim_data/RGB\02326.png,driving_model/sim_data/masks\02326.png,-0.00017573311924934387
driving_model/sim_data/RGB\02327.png,driving_model/sim_data/masks\02327.png,0.0
driving_model/sim_data/RGB\02328.png,driving_model/sim_data/masks\02328.png,0.0
driving_model/sim_data/RGB\02329.png,driving_model/sim_data/masks\02329.png,0.0
driving_model/sim_data/RGB\02330.png,driving_model/sim_data/masks\02330.png,0.000870533986017108
driving_model/sim_data/RGB\02331.png,driving_model/sim_data/masks\02331.png,0.0021093382965773344
driving_model/sim_data/RGB\02332.png,driving_model/sim_data/masks\02332.png,0.0014604299794882536
driving_model/sim_data/RGB\02333.png,driving_model/sim_data/masks\02333.png,0.0003670363512355834
driving_model/sim_data/RGB\02334.png,driving_model/sim_data/masks\02334.png,-0.00017573311924934387
driving_model/sim_data/RGB\02335.png,driving_model/sim_data/masks\02335.png,0.0
driving_model/sim_data/RGB\02336.png,driving_model/sim_data/masks\02336.png,0.0
driving_model/sim_data/RGB\02337.png,driving_model/sim_data/masks\02337.png,0.0
driving_model/sim_data/RGB\02338.png,driving_model/sim_data/masks\02338.png,0.0
driving_model/sim_data/RGB\02339.png,driving_model/sim_data/masks\02339.png,0.0
driving_model/sim_data/RGB\02340.png,driving_model/sim_data/masks\02340.png,0.0
driving_model/sim_data/RGB\02341.png,driving_model/sim_data/masks\02341.png,0.0
driving_model/sim_data/RGB\02342.png,driving_model/sim_data/masks\02342.png,0.0
driving_model/sim_data/RGB\02343.png,driving_model/sim_data/masks\02343.png,0.0
driving_model/sim_data/RGB\02344.png,driving_model/sim_data/masks\02344.png,-0.0006155604496598244
driving_model/sim_data/RGB\02345.png,driving_model/sim_data/masks\02345.png,0.00017573311924934387
driving_model/sim_data/RGB\02346.png,driving_model/sim_data/masks\02346.png,-0.0006155604496598244
driving_model/sim_data/RGB\02347.png,driving_model/sim_data/masks\02347.png,0.00017573311924934387
driving_model/sim_data/RGB\02348.png,driving_model/sim_data/masks\02348.png,0.0
driving_model/sim_data/RGB\02349.png,driving_model/sim_data/masks\02349.png,0.00043982735951431096
driving_model/sim_data/RGB\02350.png,driving_model/sim_data/masks\02350.png,0.00043982735951431096
driving_model/sim_data/RGB\02351.png,driving_model/sim_data/masks\02351.png,-0.00017573311924934387
driving_model/sim_data/RGB\02352.png,driving_model/sim_data/masks\02352.png,0.0
driving_model/sim_data/RGB\02353.png,driving_model/sim_data/masks\02353.png,0.0
driving_model/sim_data/RGB\02354.png,driving_model/sim_data/masks\02354.png,0.0
driving_model/sim_data/RGB\02355.png,driving_model/sim_data/masks\02355.png,0.0
driving_model/sim_data/RGB\02356.png,driving_model/sim_data/masks\02356.png,0.0
driving_model/sim_data/RGB\02357.png,driving_model/sim_data/masks\02357.png,0.0
driving_model/sim_data/RGB\02358.png,driving_model/sim_data/masks\02358.png,0.0
driving_model/sim_data/RGB\02359.png,driving_model/sim_data/masks\02359.png,0.0
driving_model/sim_data/RGB\02360.png,driving_model/sim_data/masks\02360.png,0.0
driving_model/sim_data/RGB\02361.png,driving_model/sim_data/masks\02361.png,0.0
driving_model/sim_data/RGB\02362.png,driving_model/sim_data/masks\02362.png,0.0
driving_model/sim_data/RGB\02363.png,driving_model/sim_data/masks\02363.png,0.0
driving_model/sim_data/RGB\02364.png,driving_model/sim_data/masks\02364.png,0.0
driving_model/sim_data/RGB\02365.png,driving_model/sim_data/masks\02365.png,0.0
driving_model/sim_data/RGB\02366.png,driving_model/sim_data/masks\02366.png,0.0
driving_model/sim_data/RGB\02367.png,driving_model/sim_data/masks\02367.png,0.00017573311924934387
driving_model/sim_data/RGB\02368.png,driving_model/sim_data/masks\02368.png,0.0
driving_model/sim_data/RGB\02369.png,driving_model/sim_data/masks\02369.png,0.0
driving_model/sim_data/RGB\02370.png,driving_model/sim_data/masks\02370.png,-0.0006155604496598244
driving_model/sim_data/RGB\02371.png,driving_model/sim_data/masks\02371.png,0.00017573311924934387
driving_model/sim_data/RGB\02372.png,driving_model/sim_data/masks\02372.png,0.0
driving_model/sim_data/RGB\02373.png,driving_model/sim_data/masks\02373.png,0.0
driving_model/sim_data/RGB\02374.png,driving_model/sim_data/masks\02374.png,0.0
driving_model/sim_data/RGB\02375.png,driving_model/sim_data/masks\02375.png,0.0
driving_model/sim_data/RGB\02376.png,driving_model/sim_data/masks\02376.png,0.0006155604496598244
driving_model/sim_data/RGB\02377.png,driving_model/sim_data/masks\02377.png,-0.00017573311924934387
driving_model/sim_data/RGB\02378.png,driving_model/sim_data/masks\02378.png,0.0
driving_model/sim_data/RGB\02379.png,driving_model/sim_data/masks\02379.png,0.0
driving_model/sim_data/RGB\02380.png,driving_model/sim_data/masks\02380.png,0.0
driving_model/sim_data/RGB\02381.png,driving_model/sim_data/masks\02381.png,0.0
driving_model/sim_data/RGB\02382.png,driving_model/sim_data/masks\02382.png,0.0
driving_model/sim_data/RGB\02383.png,driving_model/sim_data/masks\02383.png,0.0
driving_model/sim_data/RGB\02384.png,driving_model/sim_data/masks\02384.png,0.0
driving_model/sim_data/RGB\02385.png,driving_model/sim_data/masks\02385.png,0.0
driving_model/sim_data/RGB\02386.png,driving_model/sim_data/masks\02386.png,0.0
driving_model/sim_data/RGB\02387.png,driving_model/sim_data/masks\02387.png,0.0
driving_model/sim_data/RGB\02388.png,driving_model/sim_data/masks\02388.png,0.0
driving_model/sim_data/RGB\02389.png,driving_model/sim_data/masks\02389.png,0.0
driving_model/sim_data/RGB\02390.png,driving_model/sim_data/masks\02390.png,0.0
driving_model/sim_data/RGB\02391.png,driving_model/sim_data/masks\02391.png,0.0
driving_model/sim_data/RGB\02392.png,driving_model/sim_data/masks\02392.png,-0.00017573311924934387
driving_model/sim_data/RGB\02393.png,driving_model/sim_data/masks\02393.png,0.0
driving_model/sim_data/RGB\02394.png,driving_model/sim_data/masks\02394.png,0.00043982735951431096
driving_model/sim_data/RGB\02395.png,driving_model/sim_data/masks\02395.png,-0.00017573311924934387
driving_model/sim_data/RGB\02396.png,driving_model/sim_data/masks\02396.png,0.0
driving_model/sim_data/RGB\02397.png,driving_model/sim_data/masks\02397.png,0.00017573311924934387
driving_model/sim_data/RGB\02398.png,driving_model/sim_data/masks\02398.png,-0.0006155604496598244
driving_model/sim_data/RGB\02399.png,driving_model/sim_data/masks\02399.png,-0.0006155604496598244
driving_model/sim_data/RGB\02400.png,driving_model/sim_data/masks\02400.png,0.00017573311924934387
driving_model/sim_data/RGB\02401.png,driving_model/sim_data/masks\02401.png,0.00017573311924934387
driving_model/sim_data/RGB\02402.png,driving_model/sim_data/masks\02402.png,0.0
driving_model/sim_data/RGB\02403.png,driving_model/sim_data/masks\02403.png,0.0
driving_model/sim_data/RGB\02404.png,driving_model/sim_data/masks\02404.png,0.0
driving_model/sim_data/RGB\02405.png,driving_model/sim_data/masks\02405.png,0.0
driving_model/sim_data/RGB\02406.png,driving_model/sim_data/masks\02406.png,0.0
driving_model/sim_data/RGB\02407.png,driving_model/sim_data/masks\02407.png,0.0
driving_model/sim_data/RGB\02408.png,driving_model/sim_data/masks\02408.png,0.0007250916678458452
driving_model/sim_data/RGB\02409.png,driving_model/sim_data/masks\02409.png,0.000367301661754027
driving_model/sim_data/RGB\02410.png,driving_model/sim_data/masks\02410.png,0.003682386828586459
driving_model/sim_data/RGB\02411.png,driving_model/sim_data/masks\02411.png,0.0029322595801204443
driving_model/sim_data/RGB\02412.png,driving_model/sim_data/masks\02412.png,0.004541241098195314
driving_model/sim_data/RGB\02413.png,driving_model/sim_data/masks\02413.png,0.003210813505575061
driving_model/sim_data/RGB\02414.png,driving_model/sim_data/masks\02414.png,0.0023887588176876307
driving_model/sim_data/RGB\02415.png,driving_model/sim_data/masks\02415.png,0.0013840518658980727
driving_model/sim_data/RGB\02416.png,driving_model/sim_data/masks\02416.png,0.0005696349544450641
driving_model/sim_data/RGB\02417.png,driving_model/sim_data/masks\02417.png,0.00038109204615466297
driving_model/sim_data/RGB\02418.png,driving_model/sim_data/masks\02418.png,-0.00015209417324513197
driving_model/sim_data/RGB\02419.png,driving_model/sim_data/masks\02419.png,-0.0005278587923385203
driving_model/sim_data/RGB\02420.png,driving_model/sim_data/masks\02420.png,-0.0006743366830050945
driving_model/sim_data/RGB\02421.png,driving_model/sim_data/masks\02421.png,-0.0006458209245465696
driving_model/sim_data/RGB\02422.png,driving_model/sim_data/masks\02422.png,-0.0003833427035715431
driving_model/sim_data/RGB\02423.png,driving_model/sim_data/masks\02423.png,-0.0003575629962142557
driving_model/sim_data/RGB\02424.png,driving_model/sim_data/masks\02424.png,0.0
driving_model/sim_data/RGB\02425.png,driving_model/sim_data/masks\02425.png,0.0
driving_model/sim_data/RGB\02426.png,driving_model/sim_data/masks\02426.png,-0.00043982735951431096
driving_model/sim_data/RGB\02427.png,driving_model/sim_data/masks\02427.png,0.00017573311924934387
driving_model/sim_data/RGB\02428.png,driving_model/sim_data/masks\02428.png,0.0003670363512355834
driving_model/sim_data/RGB\02429.png,driving_model/sim_data/masks\02429.png,-0.0006155604496598244
driving_model/sim_data/RGB\02430.png,driving_model/sim_data/masks\02430.png,0.0
driving_model/sim_data/RGB\02431.png,driving_model/sim_data/masks\02431.png,-0.0006948008667677641
driving_model/sim_data/RGB\02432.png,driving_model/sim_data/masks\02432.png,0.0
driving_model/sim_data/RGB\02433.png,driving_model/sim_data/masks\02433.png,0.0
driving_model/sim_data/RGB\02434.png,driving_model/sim_data/masks\02434.png,0.0
driving_model/sim_data/RGB\02435.png,driving_model/sim_data/masks\02435.png,0.000870533986017108
driving_model/sim_data/RGB\02436.png,driving_model/sim_data/masks\02436.png,-0.00017573311924934387
driving_model/sim_data/RGB\02437.png,driving_model/sim_data/masks\02437.png,-0.0002485241857357323
driving_model/sim_data/RGB\02438.png,driving_model/sim_data/masks\02438.png,0.00017573311924934387
driving_model/sim_data/RGB\02439.png,driving_model/sim_data/masks\02439.png,0.0
driving_model/sim_data/RGB\02440.png,driving_model/sim_data/masks\02440.png,0.0
driving_model/sim_data/RGB\02441.png,driving_model/sim_data/masks\02441.png,-0.0006155604496598244
driving_model/sim_data/RGB\02442.png,driving_model/sim_data/masks\02442.png,0.000304378685541451
driving_model/sim_data/RGB\02443.png,driving_model/sim_data/masks\02443.png,0.0006155604496598244
driving_model/sim_data/RGB\02444.png,driving_model/sim_data/masks\02444.png,0.0
driving_model/sim_data/RGB\02445.png,driving_model/sim_data/masks\02445.png,0.0
driving_model/sim_data/RGB\02446.png,driving_model/sim_data/masks\02446.png,0.0006155604496598244
driving_model/sim_data/RGB\02447.png,driving_model/sim_data/masks\02447.png,-0.00017573311924934387
driving_model/sim_data/RGB\02448.png,driving_model/sim_data/masks\02448.png,-0.000890448922291398
driving_model/sim_data/RGB\02449.png,driving_model/sim_data/masks\02449.png,-0.00017573311924934387
driving_model/sim_data/RGB\02450.png,driving_model/sim_data/masks\02450.png,0.00043982735951431096
driving_model/sim_data/RGB\02451.png,driving_model/sim_data/masks\02451.png,0.0006155604496598244
driving_model/sim_data/RGB\02452.png,driving_model/sim_data/masks\02452.png,-0.0006155604496598244
driving_model/sim_data/RGB\02453.png,driving_model/sim_data/masks\02453.png,-0.000870533986017108
driving_model/sim_data/RGB\02454.png,driving_model/sim_data/masks\02454.png,0.0
driving_model/sim_data/RGB\02455.png,driving_model/sim_data/masks\02455.png,-0.00017573311924934387
driving_model/sim_data/RGB\02456.png,driving_model/sim_data/masks\02456.png,-0.0006948008667677641
driving_model/sim_data/RGB\02457.png,driving_model/sim_data/masks\02457.png,0.0007912935689091682
driving_model/sim_data/RGB\02458.png,driving_model/sim_data/masks\02458.png,-0.000304378685541451
driving_model/sim_data/RGB\02459.png,driving_model/sim_data/masks\02459.png,0.0
driving_model/sim_data/RGB\02460.png,driving_model/sim_data/masks\02460.png,0.0006155604496598244
driving_model/sim_data/RGB\02461.png,driving_model/sim_data/masks\02461.png,0.0
driving_model/sim_data/RGB\02462.png,driving_model/sim_data/masks\02462.png,0.0
driving_model/sim_data/RGB\02463.png,driving_model/sim_data/masks\02463.png,-0.0006155604496598244
driving_model/sim_data/RGB\02464.png,driving_model/sim_data/masks\02464.png,0.0011190581135451794
driving_model/sim_data/RGB\02465.png,driving_model/sim_data/masks\02465.png,0.0003670363512355834
driving_model/sim_data/RGB\02466.png,driving_model/sim_data/masks\02466.png,0.0
driving_model/sim_data/RGB\02467.png,driving_model/sim_data/masks\02467.png,0.0
driving_model/sim_data/RGB\02468.png,driving_model/sim_data/masks\02468.png,-0.0007618034142069519
driving_model/sim_data/RGB\02469.png,driving_model/sim_data/masks\02469.png,0.000870533986017108
driving_model/sim_data/RGB\02470.png,driving_model/sim_data/masks\02470.png,-0.00017573311924934387
driving_model/sim_data/RGB\02471.png,driving_model/sim_data/masks\02471.png,0.0
driving_model/sim_data/RGB\02472.png,driving_model/sim_data/masks\02472.png,0.0003670363512355834
driving_model/sim_data/RGB\02473.png,driving_model/sim_data/masks\02473.png,-0.0006155604496598244
driving_model/sim_data/RGB\02474.png,driving_model/sim_data/masks\02474.png,-0.0003670363512355834
driving_model/sim_data/RGB\02475.png,driving_model/sim_data/masks\02475.png,0.0
driving_model/sim_data/RGB\02476.png,driving_model/sim_data/masks\02476.png,0.0006155604496598244
driving_model/sim_data/RGB\02477.png,driving_model/sim_data/masks\02477.png,0.0
driving_model/sim_data/RGB\02478.png,driving_model/sim_data/masks\02478.png,-0.00017573311924934387
driving_model/sim_data/RGB\02479.png,driving_model/sim_data/masks\02479.png,-0.0006155604496598244
driving_model/sim_data/RGB\02480.png,driving_model/sim_data/masks\02480.png,-0.0006948008667677641
driving_model/sim_data/RGB\02481.png,driving_model/sim_data/masks\02481.png,0.0006948008667677641
driving_model/sim_data/RGB\02482.png,driving_model/sim_data/masks\02482.png,0.00043982735951431096
driving_model/sim_data/RGB\02483.png,driving_model/sim_data/masks\02483.png,-0.0010462671052664518
driving_model/sim_data/RGB\02484.png,driving_model/sim_data/masks\02484.png,-0.0006155604496598244
driving_model/sim_data/RGB\02485.png,driving_model/sim_data/masks\02485.png,-0.0006155604496598244
driving_model/sim_data/RGB\02486.png,driving_model/sim_data/masks\02486.png,0.0006155604496598244
driving_model/sim_data/RGB\02487.png,driving_model/sim_data/masks\02487.png,-0.0011190581135451794
driving_model/sim_data/RGB\02488.png,driving_model/sim_data/masks\02488.png,-0.0006220098002813756
driving_model/sim_data/RGB\02489.png,driving_model/sim_data/masks\02489.png,0.0006155604496598244
driving_model/sim_data/RGB\02490.png,driving_model/sim_data/masks\02490.png,0.0003670363512355834
driving_model/sim_data/RGB\02491.png,driving_model/sim_data/masks\02491.png,0.00043982735951431096
driving_model/sim_data/RGB\02492.png,driving_model/sim_data/masks\02492.png,0.000304378685541451
driving_model/sim_data/RGB\02493.png,driving_model/sim_data/masks\02493.png,0.0
driving_model/sim_data/RGB\02494.png,driving_model/sim_data/masks\02494.png,0.0
driving_model/sim_data/RGB\02495.png,driving_model/sim_data/masks\02495.png,0.0
driving_model/sim_data/RGB\02496.png,driving_model/sim_data/masks\02496.png,0.0
driving_model/sim_data/RGB\02497.png,driving_model/sim_data/masks\02497.png,-0.000870533986017108
driving_model/sim_data/RGB\02498.png,driving_model/sim_data/masks\02498.png,-0.0003670363512355834
driving_model/sim_data/RGB\02499.png,driving_model/sim_data/masks\02499.png,0.0
driving_model/sim_data/RGB\02500.png,driving_model/sim_data/masks\02500.png,0.0006220098002813756
driving_model/sim_data/RGB\02501.png,driving_model/sim_data/masks\02501.png,0.0
driving_model/sim_data/RGB\02502.png,driving_model/sim_data/masks\02502.png,0.0
driving_model/sim_data/RGB\02503.png,driving_model/sim_data/masks\02503.png,0.0
driving_model/sim_data/RGB\02504.png,driving_model/sim_data/masks\02504.png,0.000870533986017108
driving_model/sim_data/RGB\02505.png,driving_model/sim_data/masks\02505.png,0.00017573311924934387
driving_model/sim_data/RGB\02506.png,driving_model/sim_data/masks\02506.png,-0.0003670363512355834
driving_model/sim_data/RGB\02507.png,driving_model/sim_data/masks\02507.png,0.0006155604496598244
driving_model/sim_data/RGB\02508.png,driving_model/sim_data/masks\02508.png,0.0
driving_model/sim_data/RGB\02509.png,driving_model/sim_data/masks\02509.png,0.0006155604496598244
driving_model/sim_data/RGB\02510.png,driving_model/sim_data/masks\02510.png,0.0
driving_model/sim_data/RGB\02511.png,driving_model/sim_data/masks\02511.png,0.00017573311924934387
driving_model/sim_data/RGB\02512.png,driving_model/sim_data/masks\02512.png,0.0007912935689091682
driving_model/sim_data/RGB\02513.png,driving_model/sim_data/masks\02513.png,0.0
driving_model/sim_data/RGB\02514.png,driving_model/sim_data/masks\02514.png,0.0
driving_model/sim_data/RGB\02515.png,driving_model/sim_data/masks\02515.png,-0.000870533986017108
driving_model/sim_data/RGB\02516.png,driving_model/sim_data/masks\02516.png,-0.0006155604496598244
driving_model/sim_data/RGB\02517.png,driving_model/sim_data/masks\02517.png,0.00043982735951431096
driving_model/sim_data/RGB\02518.png,driving_model/sim_data/masks\02518.png,-0.0006948008667677641
driving_model/sim_data/RGB\02519.png,driving_model/sim_data/masks\02519.png,0.0002485241857357323
driving_model/sim_data/RGB\02520.png,driving_model/sim_data/masks\02520.png,0.0006948008667677641
driving_model/sim_data/RGB\02521.png,driving_model/sim_data/masks\02521.png,0.0
driving_model/sim_data/RGB\02522.png,driving_model/sim_data/masks\02522.png,0.0
driving_model/sim_data/RGB\02523.png,driving_model/sim_data/masks\02523.png,-0.0006155604496598244
driving_model/sim_data/RGB\02524.png,driving_model/sim_data/masks\02524.png,0.0007912935689091682
driving_model/sim_data/RGB\02525.png,driving_model/sim_data/masks\02525.png,0.00043982735951431096
driving_model/sim_data/RGB\02526.png,driving_model/sim_data/masks\02526.png,-0.0007912935689091682
driving_model/sim_data/RGB\02527.png,driving_model/sim_data/masks\02527.png,0.0
driving_model/sim_data/RGB\02528.png,driving_model/sim_data/masks\02528.png,-0.000870533986017108
driving_model/sim_data/RGB\02529.png,driving_model/sim_data/masks\02529.png,0.0002485241857357323
driving_model/sim_data/RGB\02530.png,driving_model/sim_data/masks\02530.png,0.0006155604496598244
driving_model/sim_data/RGB\02531.png,driving_model/sim_data/masks\02531.png,0.00043982735951431096
driving_model/sim_data/RGB\02532.png,driving_model/sim_data/masks\02532.png,0.00017573311924934387
driving_model/sim_data/RGB\02533.png,driving_model/sim_data/masks\02533.png,-0.0006155604496598244
driving_model/sim_data/RGB\02534.png,driving_model/sim_data/masks\02534.png,-0.000870533986017108
driving_model/sim_data/RGB\02535.png,driving_model/sim_data/masks\02535.png,0.0006155604496598244
driving_model/sim_data/RGB\02536.png,driving_model/sim_data/masks\02536.png,-0.00035146623849868774
driving_model/sim_data/RGB\02537.png,driving_model/sim_data/masks\02537.png,-0.00043982735951431096
driving_model/sim_data/RGB\02538.png,driving_model/sim_data/masks\02538.png,0.00017573311924934387
driving_model/sim_data/RGB\02539.png,driving_model/sim_data/masks\02539.png,0.00017573311924934387
driving_model/sim_data/RGB\02540.png,driving_model/sim_data/masks\02540.png,0.0006155604496598244
driving_model/sim_data/RGB\02541.png,driving_model/sim_data/masks\02541.png,0.0
driving_model/sim_data/RGB\02542.png,driving_model/sim_data/masks\02542.png,0.0
driving_model/sim_data/RGB\02543.png,driving_model/sim_data/masks\02543.png,0.000870533986017108
driving_model/sim_data/RGB\02544.png,driving_model/sim_data/masks\02544.png,-0.009998863562941551
driving_model/sim_data/RGB\02545.png,driving_model/sim_data/masks\02545.png,-0.005869442597031593
driving_model/sim_data/RGB\02546.png,driving_model/sim_data/masks\02546.png,-0.0017787943361327052
driving_model/sim_data/RGB\02547.png,driving_model/sim_data/masks\02547.png,-0.06515330076217651
driving_model/sim_data/RGB\02548.png,driving_model/sim_data/masks\02548.png,-0.04618379473686218
driving_model/sim_data/RGB\02549.png,driving_model/sim_data/masks\02549.png,-0.01823245920240879
driving_model/sim_data/RGB\02550.png,driving_model/sim_data/masks\02550.png,-0.040529169142246246
driving_model/sim_data/RGB\02551.png,driving_model/sim_data/masks\02551.png,-0.07344552129507065
driving_model/sim_data/RGB\02552.png,driving_model/sim_data/masks\02552.png,-0.04404691234230995
driving_model/sim_data/RGB\02553.png,driving_model/sim_data/masks\02553.png,-0.07239657640457153
driving_model/sim_data/RGB\02554.png,driving_model/sim_data/masks\02554.png,-0.040838081389665604
driving_model/sim_data/RGB\02555.png,driving_model/sim_data/masks\02555.png,-0.057257138192653656
driving_model/sim_data/RGB\02556.png,driving_model/sim_data/masks\02556.png,-0.0789330005645752
driving_model/sim_data/RGB\02557.png,driving_model/sim_data/masks\02557.png,-0.03747972846031189
driving_model/sim_data/RGB\02558.png,driving_model/sim_data/masks\02558.png,-0.05901356041431427
driving_model/sim_data/RGB\02559.png,driving_model/sim_data/masks\02559.png,-0.03250259533524513
driving_model/sim_data/RGB\02560.png,driving_model/sim_data/masks\02560.png,-0.05614092946052551
driving_model/sim_data/RGB\02561.png,driving_model/sim_data/masks\02561.png,-0.08276882767677307
driving_model/sim_data/RGB\02562.png,driving_model/sim_data/masks\02562.png,-0.04580588638782501
driving_model/sim_data/RGB\02563.png,driving_model/sim_data/masks\02563.png,-0.0689704641699791
driving_model/sim_data/RGB\02564.png,driving_model/sim_data/masks\02564.png,-0.035979192703962326
driving_model/sim_data/RGB\02565.png,driving_model/sim_data/masks\02565.png,-0.05068099498748779
driving_model/sim_data/RGB\02566.png,driving_model/sim_data/masks\02566.png,-0.07603117823600769
driving_model/sim_data/RGB\02567.png,driving_model/sim_data/masks\02567.png,-0.03899199888110161
driving_model/sim_data/RGB\02568.png,driving_model/sim_data/masks\02568.png,-0.05393866449594498
driving_model/sim_data/RGB\02569.png,driving_model/sim_data/masks\02569.png,-0.024572240188717842
driving_model/sim_data/RGB\02570.png,driving_model/sim_data/masks\02570.png,-0.05952369421720505
driving_model/sim_data/RGB\02571.png,driving_model/sim_data/masks\02571.png,-0.03616183623671532
driving_model/sim_data/RGB\02572.png,driving_model/sim_data/masks\02572.png,-0.06163986027240753
driving_model/sim_data/RGB\02573.png,driving_model/sim_data/masks\02573.png,-0.07511797547340393
driving_model/sim_data/RGB\02574.png,driving_model/sim_data/masks\02574.png,-0.041309747844934464
driving_model/sim_data/RGB\02575.png,driving_model/sim_data/masks\02575.png,-0.028278589248657227
driving_model/sim_data/RGB\02576.png,driving_model/sim_data/masks\02576.png,-0.046708788722753525
driving_model/sim_data/RGB\02577.png,driving_model/sim_data/masks\02577.png,-0.03886323794722557
driving_model/sim_data/RGB\02578.png,driving_model/sim_data/masks\02578.png,-0.052223701030015945
driving_model/sim_data/RGB\02579.png,driving_model/sim_data/masks\02579.png,-0.06623373180627823
driving_model/sim_data/RGB\02580.png,driving_model/sim_data/masks\02580.png,-0.060655053704977036
driving_model/sim_data/RGB\02581.png,driving_model/sim_data/masks\02581.png,-0.08218760043382645
driving_model/sim_data/RGB\02582.png,driving_model/sim_data/masks\02582.png,-0.06585328280925751
driving_model/sim_data/RGB\02583.png,driving_model/sim_data/masks\02583.png,-0.06055980920791626
driving_model/sim_data/RGB\02584.png,driving_model/sim_data/masks\02584.png,-0.05827309191226959
driving_model/sim_data/RGB\02585.png,driving_model/sim_data/masks\02585.png,-0.05452939122915268
driving_model/sim_data/RGB\02586.png,driving_model/sim_data/masks\02586.png,-0.04644133150577545
driving_model/sim_data/RGB\02587.png,driving_model/sim_data/masks\02587.png,-0.04492330923676491
driving_model/sim_data/RGB\02588.png,driving_model/sim_data/masks\02588.png,-0.04829132556915283
driving_model/sim_data/RGB\02589.png,driving_model/sim_data/masks\02589.png,-0.05053502321243286
driving_model/sim_data/RGB\02590.png,driving_model/sim_data/masks\02590.png,-0.04726720228791237
driving_model/sim_data/RGB\02591.png,driving_model/sim_data/masks\02591.png,-0.05614541471004486
driving_model/sim_data/RGB\02592.png,driving_model/sim_data/masks\02592.png,-0.06340113282203674
driving_model/sim_data/RGB\02593.png,driving_model/sim_data/masks\02593.png,-0.04776032269001007
driving_model/sim_data/RGB\02594.png,driving_model/sim_data/masks\02594.png,-0.044538382440805435
driving_model/sim_data/RGB\02595.png,driving_model/sim_data/masks\02595.png,-0.010502343997359276
driving_model/sim_data/RGB\02596.png,driving_model/sim_data/masks\02596.png,-8.073542267084122e-05
driving_model/sim_data/RGB\02597.png,driving_model/sim_data/masks\02597.png,0.0019110322464257479
driving_model/sim_data/RGB\02598.png,driving_model/sim_data/masks\02598.png,0.017751282081007957
driving_model/sim_data/RGB\02599.png,driving_model/sim_data/masks\02599.png,0.026445068418979645
driving_model/sim_data/RGB\02600.png,driving_model/sim_data/masks\02600.png,0.01766200177371502
driving_model/sim_data/RGB\02601.png,driving_model/sim_data/masks\02601.png,0.01768101006746292
driving_model/sim_data/RGB\02602.png,driving_model/sim_data/masks\02602.png,0.009353548288345337
driving_model/sim_data/RGB\02603.png,driving_model/sim_data/masks\02603.png,0.003041108138859272
driving_model/sim_data/RGB\02604.png,driving_model/sim_data/masks\02604.png,0.0001544079277664423
driving_model/sim_data/RGB\02605.png,driving_model/sim_data/masks\02605.png,-0.002961330581456423
driving_model/sim_data/RGB\02606.png,driving_model/sim_data/masks\02606.png,-0.002884824527427554
driving_model/sim_data/RGB\02607.png,driving_model/sim_data/masks\02607.png,-0.004271361511200666
driving_model/sim_data/RGB\02608.png,driving_model/sim_data/masks\02608.png,-0.002806785050779581
driving_model/sim_data/RGB\02609.png,driving_model/sim_data/masks\02609.png,-0.0023881555534899235
driving_model/sim_data/RGB\02610.png,driving_model/sim_data/masks\02610.png,-0.0018813806818798184
driving_model/sim_data/RGB\02611.png,driving_model/sim_data/masks\02611.png,-0.0007594497292302549
driving_model/sim_data/RGB\02612.png,driving_model/sim_data/masks\02612.png,-9.274155308958143e-05
driving_model/sim_data/RGB\02613.png,driving_model/sim_data/masks\02613.png,0.0009022669401019812
driving_model/sim_data/RGB\02614.png,driving_model/sim_data/masks\02614.png,0.0008476254879496992
driving_model/sim_data/RGB\02615.png,driving_model/sim_data/masks\02615.png,0.0013411343097686768
driving_model/sim_data/RGB\02616.png,driving_model/sim_data/masks\02616.png,0.0010351984528824687
driving_model/sim_data/RGB\02617.png,driving_model/sim_data/masks\02617.png,0.0010414717253297567
driving_model/sim_data/RGB\02618.png,driving_model/sim_data/masks\02618.png,0.0006938193109817803
driving_model/sim_data/RGB\02619.png,driving_model/sim_data/masks\02619.png,0.000367301661754027
driving_model/sim_data/RGB\02620.png,driving_model/sim_data/masks\02620.png,0.0
driving_model/sim_data/RGB\02621.png,driving_model/sim_data/masks\02621.png,0.0
driving_model/sim_data/RGB\02622.png,driving_model/sim_data/masks\02622.png,0.0
driving_model/sim_data/RGB\02623.png,driving_model/sim_data/masks\02623.png,0.0
driving_model/sim_data/RGB\02624.png,driving_model/sim_data/masks\02624.png,0.00012418437108863145
driving_model/sim_data/RGB\02625.png,driving_model/sim_data/masks\02625.png,0.0
driving_model/sim_data/RGB\02626.png,driving_model/sim_data/masks\02626.png,8.781160431681201e-05
driving_model/sim_data/RGB\02627.png,driving_model/sim_data/masks\02627.png,0.0
driving_model/sim_data/RGB\02628.png,driving_model/sim_data/masks\02628.png,0.00012418437108863145
driving_model/sim_data/RGB\02629.png,driving_model/sim_data/masks\02629.png,-0.0003078351728618145
driving_model/sim_data/RGB\02630.png,driving_model/sim_data/masks\02630.png,0.00012418437108863145
driving_model/sim_data/RGB\02631.png,driving_model/sim_data/masks\02631.png,0.0
driving_model/sim_data/RGB\02632.png,driving_model/sim_data/masks\02632.png,0.0
driving_model/sim_data/RGB\02633.png,driving_model/sim_data/masks\02633.png,-0.00022002359037287533
driving_model/sim_data/RGB\02634.png,driving_model/sim_data/masks\02634.png,8.781160431681201e-05
driving_model/sim_data/RGB\02635.png,driving_model/sim_data/masks\02635.png,0.0003078351728618145
driving_model/sim_data/RGB\02636.png,driving_model/sim_data/masks\02636.png,-8.781160431681201e-05
driving_model/sim_data/RGB\02637.png,driving_model/sim_data/masks\02637.png,0.0
driving_model/sim_data/RGB\02638.png,driving_model/sim_data/masks\02638.png,0.0
driving_model/sim_data/RGB\02639.png,driving_model/sim_data/masks\02639.png,0.0
driving_model/sim_data/RGB\02640.png,driving_model/sim_data/masks\02640.png,0.0
driving_model/sim_data/RGB\02641.png,driving_model/sim_data/masks\02641.png,0.0
driving_model/sim_data/RGB\02642.png,driving_model/sim_data/masks\02642.png,0.0
driving_model/sim_data/RGB\02643.png,driving_model/sim_data/masks\02643.png,0.0003078351728618145
driving_model/sim_data/RGB\02644.png,driving_model/sim_data/masks\02644.png,0.0
driving_model/sim_data/RGB\02645.png,driving_model/sim_data/masks\02645.png,0.0
driving_model/sim_data/RGB\02646.png,driving_model/sim_data/masks\02646.png,0.0
driving_model/sim_data/RGB\02647.png,driving_model/sim_data/masks\02647.png,-8.781160431681201e-05
driving_model/sim_data/RGB\02648.png,driving_model/sim_data/masks\02648.png,0.0
driving_model/sim_data/RGB\02649.png,driving_model/sim_data/masks\02649.png,0.0003078351728618145
driving_model/sim_data/RGB\02650.png,driving_model/sim_data/masks\02650.png,0.0
driving_model/sim_data/RGB\02651.png,driving_model/sim_data/masks\02651.png,0.0
driving_model/sim_data/RGB\02652.png,driving_model/sim_data/masks\02652.png,0.0
driving_model/sim_data/RGB\02653.png,driving_model/sim_data/masks\02653.png,8.781160431681201e-05
driving_model/sim_data/RGB\02654.png,driving_model/sim_data/masks\02654.png,8.781160431681201e-05
driving_model/sim_data/RGB\02655.png,driving_model/sim_data/masks\02655.png,0.00012418437108863145
driving_model/sim_data/RGB\02656.png,driving_model/sim_data/masks\02656.png,0.0
driving_model/sim_data/RGB\02657.png,driving_model/sim_data/masks\02657.png,8.781160431681201e-05
driving_model/sim_data/RGB\02658.png,driving_model/sim_data/masks\02658.png,0.0
driving_model/sim_data/RGB\02659.png,driving_model/sim_data/masks\02659.png,0.0
driving_model/sim_data/RGB\02660.png,driving_model/sim_data/masks\02660.png,0.0
driving_model/sim_data/RGB\02661.png,driving_model/sim_data/masks\02661.png,0.0
driving_model/sim_data/RGB\02662.png,driving_model/sim_data/masks\02662.png,0.0
driving_model/sim_data/RGB\02663.png,driving_model/sim_data/masks\02663.png,-8.781160431681201e-05
driving_model/sim_data/RGB\02664.png,driving_model/sim_data/masks\02664.png,0.0
driving_model/sim_data/RGB\02665.png,driving_model/sim_data/masks\02665.png,0.0
driving_model/sim_data/RGB\02666.png,driving_model/sim_data/masks\02666.png,0.0003078351728618145
driving_model/sim_data/RGB\02667.png,driving_model/sim_data/masks\02667.png,0.0
driving_model/sim_data/RGB\02668.png,driving_model/sim_data/masks\02668.png,-8.781160431681201e-05
driving_model/sim_data/RGB\02669.png,driving_model/sim_data/masks\02669.png,0.0
driving_model/sim_data/RGB\02670.png,driving_model/sim_data/masks\02670.png,-0.0062937187030911446
driving_model/sim_data/RGB\02671.png,driving_model/sim_data/masks\02671.png,-0.004925842862576246
driving_model/sim_data/RGB\02672.png,driving_model/sim_data/masks\02672.png,-0.014512883499264717
driving_model/sim_data/RGB\02673.png,driving_model/sim_data/masks\02673.png,-0.012857985682785511
driving_model/sim_data/RGB\02674.png,driving_model/sim_data/masks\02674.png,-0.022609084844589233
driving_model/sim_data/RGB\02675.png,driving_model/sim_data/masks\02675.png,-0.018734116107225418
driving_model/sim_data/RGB\02676.png,driving_model/sim_data/masks\02676.png,-0.03127835690975189
driving_model/sim_data/RGB\02677.png,driving_model/sim_data/masks\02677.png,-0.02029554732143879
driving_model/sim_data/RGB\02678.png,driving_model/sim_data/masks\02678.png,-0.026729851961135864
driving_model/sim_data/RGB\02679.png,driving_model/sim_data/masks\02679.png,-0.021006165072321892
driving_model/sim_data/RGB\02680.png,driving_model/sim_data/masks\02680.png,-0.02949242852628231
driving_model/sim_data/RGB\02681.png,driving_model/sim_data/masks\02681.png,-0.018976079300045967
driving_model/sim_data/RGB\02682.png,driving_model/sim_data/masks\02682.png,-0.02355331741273403
driving_model/sim_data/RGB\02683.png,driving_model/sim_data/masks\02683.png,-0.02112240344285965
driving_model/sim_data/RGB\02684.png,driving_model/sim_data/masks\02684.png,-0.02844391204416752
driving_model/sim_data/RGB\02685.png,driving_model/sim_data/masks\02685.png,-0.019652530550956726
driving_model/sim_data/RGB\02686.png,driving_model/sim_data/masks\02686.png,-0.026809383183717728
driving_model/sim_data/RGB\02687.png,driving_model/sim_data/masks\02687.png,-0.018728651106357574
driving_model/sim_data/RGB\02688.png,driving_model/sim_data/masks\02688.png,-0.026466190814971924
driving_model/sim_data/RGB\02689.png,driving_model/sim_data/masks\02689.png,-0.018191803246736526
driving_model/sim_data/RGB\02690.png,driving_model/sim_data/masks\02690.png,-0.026355938985943794
driving_model/sim_data/RGB\02691.png,driving_model/sim_data/masks\02691.png,-0.01861083321273327
driving_model/sim_data/RGB\02692.png,driving_model/sim_data/masks\02692.png,-0.01412668265402317
driving_model/sim_data/RGB\02693.png,driving_model/sim_data/masks\02693.png,-0.020038241520524025
driving_model/sim_data/RGB\02694.png,driving_model/sim_data/masks\02694.png,-0.016304127871990204
driving_model/sim_data/RGB\02695.png,driving_model/sim_data/masks\02695.png,-0.022132908925414085
driving_model/sim_data/RGB\02696.png,driving_model/sim_data/masks\02696.png,-0.02941710315644741
driving_model/sim_data/RGB\02697.png,driving_model/sim_data/masks\02697.png,-0.02146216668188572
driving_model/sim_data/RGB\02698.png,driving_model/sim_data/masks\02698.png,-0.016645988449454308
driving_model/sim_data/RGB\02699.png,driving_model/sim_data/masks\02699.png,-0.020487133413553238
driving_model/sim_data/RGB\02700.png,driving_model/sim_data/masks\02700.png,-0.016559012234210968
driving_model/sim_data/RGB\02701.png,driving_model/sim_data/masks\02701.png,-0.021536024287343025
driving_model/sim_data/RGB\02702.png,driving_model/sim_data/masks\02702.png,-0.017315184697508812
driving_model/sim_data/RGB\02703.png,driving_model/sim_data/masks\02703.png,-0.02209538407623768
driving_model/sim_data/RGB\02704.png,driving_model/sim_data/masks\02704.png,-0.01749655418097973
driving_model/sim_data/RGB\02705.png,driving_model/sim_data/masks\02705.png,-0.022074108943343163
driving_model/sim_data/RGB\02706.png,driving_model/sim_data/masks\02706.png,-0.017293017357587814
driving_model/sim_data/RGB\02707.png,driving_model/sim_data/masks\02707.png,-0.021589357405900955
driving_model/sim_data/RGB\02708.png,driving_model/sim_data/masks\02708.png,-0.01621990278363228
driving_model/sim_data/RGB\02709.png,driving_model/sim_data/masks\02709.png,-0.02031799964606762
driving_model/sim_data/RGB\02710.png,driving_model/sim_data/masks\02710.png,-0.02124706842005253
driving_model/sim_data/RGB\02711.png,driving_model/sim_data/masks\02711.png,-0.016365734860301018
driving_model/sim_data/RGB\02712.png,driving_model/sim_data/masks\02712.png,-0.02104993723332882
driving_model/sim_data/RGB\02713.png,driving_model/sim_data/masks\02713.png,-0.02297687903046608
driving_model/sim_data/RGB\02714.png,driving_model/sim_data/masks\02714.png,-0.01727817952632904
driving_model/sim_data/RGB\02715.png,driving_model/sim_data/masks\02715.png,-0.01910383440554142
driving_model/sim_data/RGB\02716.png,driving_model/sim_data/masks\02716.png,-0.028102898970246315
driving_model/sim_data/RGB\02717.png,driving_model/sim_data/masks\02717.png,-0.019811386242508888
driving_model/sim_data/RGB\02718.png,driving_model/sim_data/masks\02718.png,-0.027431601658463478
driving_model/sim_data/RGB\02719.png,driving_model/sim_data/masks\02719.png,-0.01897331140935421
driving_model/sim_data/RGB\02720.png,driving_model/sim_data/masks\02720.png,-0.02677617408335209
driving_model/sim_data/RGB\02721.png,driving_model/sim_data/masks\02721.png,-0.01794419065117836
driving_model/sim_data/RGB\02722.png,driving_model/sim_data/masks\02722.png,-0.027257505804300308
driving_model/sim_data/RGB\02723.png,driving_model/sim_data/masks\02723.png,-0.019253183156251907
driving_model/sim_data/RGB\02724.png,driving_model/sim_data/masks\02724.png,-0.027146628126502037
driving_model/sim_data/RGB\02725.png,driving_model/sim_data/masks\02725.png,-0.019262315705418587
driving_model/sim_data/RGB\02726.png,driving_model/sim_data/masks\02726.png,-0.016952387988567352
driving_model/sim_data/RGB\02727.png,driving_model/sim_data/masks\02727.png,-0.021629655733704567
driving_model/sim_data/RGB\02728.png,driving_model/sim_data/masks\02728.png,-0.01676364801824093
driving_model/sim_data/RGB\02729.png,driving_model/sim_data/masks\02729.png,-0.020820118486881256
driving_model/sim_data/RGB\02730.png,driving_model/sim_data/masks\02730.png,-0.02302132546901703
driving_model/sim_data/RGB\02731.png,driving_model/sim_data/masks\02731.png,-0.017527397722005844
driving_model/sim_data/RGB\02732.png,driving_model/sim_data/masks\02732.png,-0.02141544595360756
driving_model/sim_data/RGB\02733.png,driving_model/sim_data/masks\02733.png,-0.0162236038595438
driving_model/sim_data/RGB\02734.png,driving_model/sim_data/masks\02734.png,-0.02061924710869789
driving_model/sim_data/RGB\02735.png,driving_model/sim_data/masks\02735.png,-0.02239328622817993
driving_model/sim_data/RGB\02736.png,driving_model/sim_data/masks\02736.png,-0.01702294871211052
driving_model/sim_data/RGB\02737.png,driving_model/sim_data/masks\02737.png,-0.021108567714691162
driving_model/sim_data/RGB\02738.png,driving_model/sim_data/masks\02738.png,-0.016277538612484932
driving_model/sim_data/RGB\02739.png,driving_model/sim_data/masks\02739.png,-0.021058350801467896
driving_model/sim_data/RGB\02740.png,driving_model/sim_data/masks\02740.png,-0.016417404636740685
driving_model/sim_data/RGB\02741.png,driving_model/sim_data/masks\02741.png,-0.021071188151836395
driving_model/sim_data/RGB\02742.png,driving_model/sim_data/masks\02742.png,-0.026565266773104668
driving_model/sim_data/RGB\02743.png,driving_model/sim_data/masks\02743.png,-0.018836919218301773
driving_model/sim_data/RGB\02744.png,driving_model/sim_data/masks\02744.png,-0.026203583925962448
driving_model/sim_data/RGB\02745.png,driving_model/sim_data/masks\02745.png,-0.019650345668196678
driving_model/sim_data/RGB\02746.png,driving_model/sim_data/masks\02746.png,-0.027792993932962418
driving_model/sim_data/RGB\02747.png,driving_model/sim_data/masks\02747.png,-0.029179442673921585
driving_model/sim_data/RGB\02748.png,driving_model/sim_data/masks\02748.png,-0.01975688710808754
driving_model/sim_data/RGB\02749.png,driving_model/sim_data/masks\02749.png,-0.026121579110622406
driving_model/sim_data/RGB\02750.png,driving_model/sim_data/masks\02750.png,-0.017150644212961197
driving_model/sim_data/RGB\02751.png,driving_model/sim_data/masks\02751.png,-0.020906535908579826
driving_model/sim_data/RGB\02752.png,driving_model/sim_data/masks\02752.png,-0.014928066171705723
driving_model/sim_data/RGB\02753.png,driving_model/sim_data/masks\02753.png,-0.019401073455810547
driving_model/sim_data/RGB\02754.png,driving_model/sim_data/masks\02754.png,-0.01586218923330307
driving_model/sim_data/RGB\02755.png,driving_model/sim_data/masks\02755.png,-0.017524167895317078
driving_model/sim_data/RGB\02756.png,driving_model/sim_data/masks\02756.png,-0.015936991199851036
driving_model/sim_data/RGB\02757.png,driving_model/sim_data/masks\02757.png,-0.019816190004348755
driving_model/sim_data/RGB\02758.png,driving_model/sim_data/masks\02758.png,-0.017941387370228767
driving_model/sim_data/RGB\02759.png,driving_model/sim_data/masks\02759.png,-0.012962124310433865
driving_model/sim_data/RGB\02760.png,driving_model/sim_data/masks\02760.png,-0.006784006953239441
driving_model/sim_data/RGB\02761.png,driving_model/sim_data/masks\02761.png,-0.004950333386659622
driving_model/sim_data/RGB\02762.png,driving_model/sim_data/masks\02762.png,0.0019071889109909534
driving_model/sim_data/RGB\02763.png,driving_model/sim_data/masks\02763.png,0.0058905212208628654
driving_model/sim_data/RGB\02764.png,driving_model/sim_data/masks\02764.png,0.005408929660916328
driving_model/sim_data/RGB\02765.png,driving_model/sim_data/masks\02765.png,0.006570411380380392
driving_model/sim_data/RGB\02766.png,driving_model/sim_data/masks\02766.png,0.008370460942387581
driving_model/sim_data/RGB\02767.png,driving_model/sim_data/masks\02767.png,0.005536525975912809
driving_model/sim_data/RGB\02768.png,driving_model/sim_data/masks\02768.png,0.004747561179101467
driving_model/sim_data/RGB\02769.png,driving_model/sim_data/masks\02769.png,0.0031061451882123947
driving_model/sim_data/RGB\02770.png,driving_model/sim_data/masks\02770.png,0.0012811319902539253
driving_model/sim_data/RGB\02771.png,driving_model/sim_data/masks\02771.png,0.0004682860162574798
driving_model/sim_data/RGB\02772.png,driving_model/sim_data/masks\02772.png,-0.0005278587923385203
driving_model/sim_data/RGB\02773.png,driving_model/sim_data/masks\02773.png,-0.0006383617292158306
driving_model/sim_data/RGB\02774.png,driving_model/sim_data/masks\02774.png,-0.0014093747595325112
driving_model/sim_data/RGB\02775.png,driving_model/sim_data/masks\02775.png,-0.0009629251435399055
driving_model/sim_data/RGB\02776.png,driving_model/sim_data/masks\02776.png,-0.0010875334264710546
driving_model/sim_data/RGB\02777.png,driving_model/sim_data/masks\02777.png,-0.0007995351334102452
driving_model/sim_data/RGB\02778.png,driving_model/sim_data/masks\02778.png,-0.00047635450027883053
driving_model/sim_data/RGB\02779.png,driving_model/sim_data/masks\02779.png,-0.0002597214770503342
driving_model/sim_data/RGB\02780.png,driving_model/sim_data/masks\02780.png,-0.0003078351728618145
driving_model/sim_data/RGB\02781.png,driving_model/sim_data/masks\02781.png,0.0
driving_model/sim_data/RGB\02782.png,driving_model/sim_data/masks\02782.png,0.0007540391525253654
driving_model/sim_data/RGB\02783.png,driving_model/sim_data/masks\02783.png,0.0006822222494520247
driving_model/sim_data/RGB\02784.png,driving_model/sim_data/masks\02784.png,0.0007698228000663221
driving_model/sim_data/RGB\02785.png,driving_model/sim_data/masks\02785.png,0.0005232172552496195
driving_model/sim_data/RGB\02786.png,driving_model/sim_data/masks\02786.png,0.0002597214770503342
driving_model/sim_data/RGB\02787.png,driving_model/sim_data/masks\02787.png,-8.781160431681201e-05
driving_model/sim_data/RGB\02788.png,driving_model/sim_data/masks\02788.png,0.0
driving_model/sim_data/RGB\02789.png,driving_model/sim_data/masks\02789.png,-0.001531686750240624
driving_model/sim_data/RGB\02790.png,driving_model/sim_data/masks\02790.png,-0.0012250395957380533
driving_model/sim_data/RGB\02791.png,driving_model/sim_data/masks\02791.png,-0.01026820670813322
driving_model/sim_data/RGB\02792.png,driving_model/sim_data/masks\02792.png,-0.009863768704235554
driving_model/sim_data/RGB\02793.png,driving_model/sim_data/masks\02793.png,-0.02089695818722248
driving_model/sim_data/RGB\02794.png,driving_model/sim_data/masks\02794.png,-0.028865031898021698
driving_model/sim_data/RGB\02795.png,driving_model/sim_data/masks\02795.png,-0.033324114978313446
driving_model/sim_data/RGB\02796.png,driving_model/sim_data/masks\02796.png,-0.027947112917900085
driving_model/sim_data/RGB\02797.png,driving_model/sim_data/masks\02797.png,-0.02549496665596962
driving_model/sim_data/RGB\02798.png,driving_model/sim_data/masks\02798.png,-0.021349169313907623
driving_model/sim_data/RGB\02799.png,driving_model/sim_data/masks\02799.png,-0.018552111461758614
driving_model/sim_data/RGB\02800.png,driving_model/sim_data/masks\02800.png,-0.017538972198963165
driving_model/sim_data/RGB\02801.png,driving_model/sim_data/masks\02801.png,-0.013488207012414932
driving_model/sim_data/RGB\02802.png,driving_model/sim_data/masks\02802.png,-0.01696043461561203
driving_model/sim_data/RGB\02803.png,driving_model/sim_data/masks\02803.png,-0.023553110659122467
driving_model/sim_data/RGB\02804.png,driving_model/sim_data/masks\02804.png,-0.015912214294075966
driving_model/sim_data/RGB\02805.png,driving_model/sim_data/masks\02805.png,-0.02304772287607193
driving_model/sim_data/RGB\02806.png,driving_model/sim_data/masks\02806.png,-0.016166800633072853
driving_model/sim_data/RGB\02807.png,driving_model/sim_data/masks\02807.png,-0.020257633179426193
driving_model/sim_data/RGB\02808.png,driving_model/sim_data/masks\02808.png,-0.014911016449332237
driving_model/sim_data/RGB\02809.png,driving_model/sim_data/masks\02809.png,-0.018520617857575417
driving_model/sim_data/RGB\02810.png,driving_model/sim_data/masks\02810.png,-0.026063458994030952
driving_model/sim_data/RGB\02811.png,driving_model/sim_data/masks\02811.png,-0.017901461571455002
driving_model/sim_data/RGB\02812.png,driving_model/sim_data/masks\02812.png,-0.024671422317624092
driving_model/sim_data/RGB\02813.png,driving_model/sim_data/masks\02813.png,-0.017208244651556015
driving_model/sim_data/RGB\02814.png,driving_model/sim_data/masks\02814.png,-0.024070655927062035
driving_model/sim_data/RGB\02815.png,driving_model/sim_data/masks\02815.png,-0.017195478081703186
driving_model/sim_data/RGB\02816.png,driving_model/sim_data/masks\02816.png,-0.021189328283071518
driving_model/sim_data/RGB\02817.png,driving_model/sim_data/masks\02817.png,-0.01618257723748684
driving_model/sim_data/RGB\02818.png,driving_model/sim_data/masks\02818.png,-0.0194807481020689
driving_model/sim_data/RGB\02819.png,driving_model/sim_data/masks\02819.png,-0.024102021008729935
driving_model/sim_data/RGB\02820.png,driving_model/sim_data/masks\02820.png,-0.017101040109992027
driving_model/sim_data/RGB\02821.png,driving_model/sim_data/masks\02821.png,-0.023635100573301315
driving_model/sim_data/RGB\02822.png,driving_model/sim_data/masks\02822.png,-0.018428638577461243
driving_model/sim_data/RGB\02823.png,driving_model/sim_data/masks\02823.png,-0.02506069280207157
driving_model/sim_data/RGB\02824.png,driving_model/sim_data/masks\02824.png,-0.017188841477036476
driving_model/sim_data/RGB\02825.png,driving_model/sim_data/masks\02825.png,-0.02388506382703781
driving_model/sim_data/RGB\02826.png,driving_model/sim_data/masks\02826.png,-0.01673038676381111
driving_model/sim_data/RGB\02827.png,driving_model/sim_data/masks\02827.png,-0.01984964869916439
driving_model/sim_data/RGB\02828.png,driving_model/sim_data/masks\02828.png,-0.025392577052116394
driving_model/sim_data/RGB\02829.png,driving_model/sim_data/masks\02829.png,-0.017158331349492073
driving_model/sim_data/RGB\02830.png,driving_model/sim_data/masks\02830.png,-0.014384088106453419
driving_model/sim_data/RGB\02831.png,driving_model/sim_data/masks\02831.png,-0.018348341807723045
driving_model/sim_data/RGB\02832.png,driving_model/sim_data/masks\02832.png,-0.02544955350458622
driving_model/sim_data/RGB\02833.png,driving_model/sim_data/masks\02833.png,-0.017148708924651146
driving_model/sim_data/RGB\02834.png,driving_model/sim_data/masks\02834.png,-0.014537760056555271
driving_model/sim_data/RGB\02835.png,driving_model/sim_data/masks\02835.png,-0.018282705917954445
driving_model/sim_data/RGB\02836.png,driving_model/sim_data/masks\02836.png,-0.024047261103987694
driving_model/sim_data/RGB\02837.png,driving_model/sim_data/masks\02837.png,-0.016487035900354385
driving_model/sim_data/RGB\02838.png,driving_model/sim_data/masks\02838.png,-0.019754426553845406
driving_model/sim_data/RGB\02839.png,driving_model/sim_data/masks\02839.png,-0.01738673634827137
driving_model/sim_data/RGB\02840.png,driving_model/sim_data/masks\02840.png,-0.020390020683407784
driving_model/sim_data/RGB\02841.png,driving_model/sim_data/masks\02841.png,-0.014782901853322983
driving_model/sim_data/RGB\02842.png,driving_model/sim_data/masks\02842.png,-0.018542474135756493
driving_model/sim_data/RGB\02843.png,driving_model/sim_data/masks\02843.png,-0.02483477257192135
driving_model/sim_data/RGB\02844.png,driving_model/sim_data/masks\02844.png,-0.016993455588817596
driving_model/sim_data/RGB\02845.png,driving_model/sim_data/masks\02845.png,-0.023284105584025383
driving_model/sim_data/RGB\02846.png,driving_model/sim_data/masks\02846.png,-0.018520958721637726
driving_model/sim_data/RGB\02847.png,driving_model/sim_data/masks\02847.png,-0.024657893925905228
driving_model/sim_data/RGB\02848.png,driving_model/sim_data/masks\02848.png,-0.016870612278580666
driving_model/sim_data/RGB\02849.png,driving_model/sim_data/masks\02849.png,-0.024624265730381012
driving_model/sim_data/RGB\02850.png,driving_model/sim_data/masks\02850.png,-0.016598982736468315
driving_model/sim_data/RGB\02851.png,driving_model/sim_data/masks\02851.png,-0.019390031695365906
driving_model/sim_data/RGB\02852.png,driving_model/sim_data/masks\02852.png,-0.01646580919623375
driving_model/sim_data/RGB\02853.png,driving_model/sim_data/masks\02853.png,-0.019070660695433617
driving_model/sim_data/RGB\02854.png,driving_model/sim_data/masks\02854.png,-0.021182414144277573
driving_model/sim_data/RGB\02855.png,driving_model/sim_data/masks\02855.png,-0.014677116647362709
driving_model/sim_data/RGB\02856.png,driving_model/sim_data/masks\02856.png,-0.013243035413324833
driving_model/sim_data/RGB\02857.png,driving_model/sim_data/masks\02857.png,-0.017838601022958755
driving_model/sim_data/RGB\02858.png,driving_model/sim_data/masks\02858.png,-0.02500103786587715
driving_model/sim_data/RGB\02859.png,driving_model/sim_data/masks\02859.png,-0.029120152816176414
driving_model/sim_data/RGB\02860.png,driving_model/sim_data/masks\02860.png,-0.02346285991370678
driving_model/sim_data/RGB\02861.png,driving_model/sim_data/masks\02861.png,-0.017062164843082428
driving_model/sim_data/RGB\02862.png,driving_model/sim_data/masks\02862.png,-0.019069619476795197
driving_model/sim_data/RGB\02863.png,driving_model/sim_data/masks\02863.png,-0.016396237537264824
driving_model/sim_data/RGB\02864.png,driving_model/sim_data/masks\02864.png,-0.02002585120499134
driving_model/sim_data/RGB\02865.png,driving_model/sim_data/masks\02865.png,-0.02435515634715557
driving_model/sim_data/RGB\02866.png,driving_model/sim_data/masks\02866.png,-0.016755113378167152
driving_model/sim_data/RGB\02867.png,driving_model/sim_data/masks\02867.png,-0.02522020787000656
driving_model/sim_data/RGB\02868.png,driving_model/sim_data/masks\02868.png,-0.016211675480008125
driving_model/sim_data/RGB\02869.png,driving_model/sim_data/masks\02869.png,-0.01341850496828556
driving_model/sim_data/RGB\02870.png,driving_model/sim_data/masks\02870.png,-0.017322838306427002
driving_model/sim_data/RGB\02871.png,driving_model/sim_data/masks\02871.png,-0.024606309831142426
driving_model/sim_data/RGB\02872.png,driving_model/sim_data/masks\02872.png,-0.019626149907708168
driving_model/sim_data/RGB\02873.png,driving_model/sim_data/masks\02873.png,-0.026126360520720482
driving_model/sim_data/RGB\02874.png,driving_model/sim_data/masks\02874.png,-0.017911722883582115
driving_model/sim_data/RGB\02875.png,driving_model/sim_data/masks\02875.png,-0.02392400987446308
driving_model/sim_data/RGB\02876.png,driving_model/sim_data/masks\02876.png,-0.018541743978857994
driving_model/sim_data/RGB\02877.png,driving_model/sim_data/masks\02877.png,-0.024812918156385422
driving_model/sim_data/RGB\02878.png,driving_model/sim_data/masks\02878.png,-0.016741693019866943
driving_model/sim_data/RGB\02879.png,driving_model/sim_data/masks\02879.png,-0.019538357853889465
driving_model/sim_data/RGB\02880.png,driving_model/sim_data/masks\02880.png,-0.014360451139509678
driving_model/sim_data/RGB\02881.png,driving_model/sim_data/masks\02881.png,-0.023221049457788467
driving_model/sim_data/RGB\02882.png,driving_model/sim_data/masks\02882.png,-0.016089975833892822
driving_model/sim_data/RGB\02883.png,driving_model/sim_data/masks\02883.png,-0.018147267401218414
driving_model/sim_data/RGB\02884.png,driving_model/sim_data/masks\02884.png,-0.016787787899374962
driving_model/sim_data/RGB\02885.png,driving_model/sim_data/masks\02885.png,-0.013046148233115673
driving_model/sim_data/RGB\02886.png,driving_model/sim_data/masks\02886.png,-0.006257401779294014
driving_model/sim_data/RGB\02887.png,driving_model/sim_data/masks\02887.png,-0.003164875553920865
driving_model/sim_data/RGB\02888.png,driving_model/sim_data/masks\02888.png,0.0022829673252999783
driving_model/sim_data/RGB\02889.png,driving_model/sim_data/masks\02889.png,0.0024424786679446697
driving_model/sim_data/RGB\02890.png,driving_model/sim_data/masks\02890.png,0.004853591788560152
driving_model/sim_data/RGB\02891.png,driving_model/sim_data/masks\02891.png,0.003924370277673006
driving_model/sim_data/RGB\02892.png,driving_model/sim_data/masks\02892.png,0.005222827196121216
driving_model/sim_data/RGB\02893.png,driving_model/sim_data/masks\02893.png,0.003245148342102766
driving_model/sim_data/RGB\02894.png,driving_model/sim_data/masks\02894.png,0.001510182861238718
driving_model/sim_data/RGB\02895.png,driving_model/sim_data/masks\02895.png,0.0012975354911759496
driving_model/sim_data/RGB\02896.png,driving_model/sim_data/masks\02896.png,4.440036718733609e-05
driving_model/sim_data/RGB\02897.png,driving_model/sim_data/masks\02897.png,-0.0009734603809192777
driving_model/sim_data/RGB\02898.png,driving_model/sim_data/masks\02898.png,-0.0007886877283453941
driving_model/sim_data/RGB\02899.png,driving_model/sim_data/masks\02899.png,-0.000953656155616045
driving_model/sim_data/RGB\02900.png,driving_model/sim_data/masks\02900.png,-0.0006222139345481992
driving_model/sim_data/RGB\02901.png,driving_model/sim_data/masks\02901.png,-0.0003833427035715431
driving_model/sim_data/RGB\02902.png,driving_model/sim_data/masks\02902.png,-0.0003078351728618145
driving_model/sim_data/RGB\02903.png,driving_model/sim_data/masks\02903.png,-0.0003078351728618145
driving_model/sim_data/RGB\02904.png,driving_model/sim_data/masks\02904.png,8.781160431681201e-05
driving_model/sim_data/RGB\02905.png,driving_model/sim_data/masks\02905.png,-0.0003078351728618145
driving_model/sim_data/RGB\02906.png,driving_model/sim_data/masks\02906.png,-0.00022002359037287533
driving_model/sim_data/RGB\02907.png,driving_model/sim_data/masks\02907.png,0.0
driving_model/sim_data/RGB\02908.png,driving_model/sim_data/masks\02908.png,0.0
driving_model/sim_data/RGB\02909.png,driving_model/sim_data/masks\02909.png,0.00043534470023587346
driving_model/sim_data/RGB\02910.png,driving_model/sim_data/masks\02910.png,0.00038109204615466297
driving_model/sim_data/RGB\02911.png,driving_model/sim_data/masks\02911.png,0.0
driving_model/sim_data/RGB\02912.png,driving_model/sim_data/masks\02912.png,-8.781160431681201e-05
driving_model/sim_data/RGB\02913.png,driving_model/sim_data/masks\02913.png,0.0
driving_model/sim_data/RGB\02914.png,driving_model/sim_data/masks\02914.png,0.0
driving_model/sim_data/RGB\02915.png,driving_model/sim_data/masks\02915.png,8.781160431681201e-05
driving_model/sim_data/RGB\02916.png,driving_model/sim_data/masks\02916.png,0.0
driving_model/sim_data/RGB\02917.png,driving_model/sim_data/masks\02917.png,0.0
driving_model/sim_data/RGB\02918.png,driving_model/sim_data/masks\02918.png,0.0
driving_model/sim_data/RGB\02919.png,driving_model/sim_data/masks\02919.png,-0.00022002359037287533
driving_model/sim_data/RGB\02920.png,driving_model/sim_data/masks\02920.png,-0.00022002359037287533
driving_model/sim_data/RGB\02921.png,driving_model/sim_data/masks\02921.png,8.781160431681201e-05
driving_model/sim_data/RGB\02922.png,driving_model/sim_data/masks\02922.png,0.0
driving_model/sim_data/RGB\02923.png,driving_model/sim_data/masks\02923.png,0.0
driving_model/sim_data/RGB\02924.png,driving_model/sim_data/masks\02924.png,0.0
driving_model/sim_data/RGB\02925.png,driving_model/sim_data/masks\02925.png,0.00043534470023587346
driving_model/sim_data/RGB\02926.png,driving_model/sim_data/masks\02926.png,-0.00012418437108863145
driving_model/sim_data/RGB\02927.png,driving_model/sim_data/masks\02927.png,0.0
driving_model/sim_data/RGB\02928.png,driving_model/sim_data/masks\02928.png,0.0
driving_model/sim_data/RGB\02929.png,driving_model/sim_data/masks\02929.png,0.0
driving_model/sim_data/RGB\02930.png,driving_model/sim_data/masks\02930.png,0.0
driving_model/sim_data/RGB\02931.png,driving_model/sim_data/masks\02931.png,0.0
driving_model/sim_data/RGB\02932.png,driving_model/sim_data/masks\02932.png,0.0
driving_model/sim_data/RGB\02933.png,driving_model/sim_data/masks\02933.png,0.0
driving_model/sim_data/RGB\02934.png,driving_model/sim_data/masks\02934.png,0.0
driving_model/sim_data/RGB\02935.png,driving_model/sim_data/masks\02935.png,0.0
driving_model/sim_data/RGB\02936.png,driving_model/sim_data/masks\02936.png,0.0
driving_model/sim_data/RGB\02937.png,driving_model/sim_data/masks\02937.png,0.0
driving_model/sim_data/RGB\02938.png,driving_model/sim_data/masks\02938.png,0.0
driving_model/sim_data/RGB\02939.png,driving_model/sim_data/masks\02939.png,0.0
driving_model/sim_data/RGB\02940.png,driving_model/sim_data/masks\02940.png,0.0
driving_model/sim_data/RGB\02941.png,driving_model/sim_data/masks\02941.png,0.0
driving_model/sim_data/RGB\02942.png,driving_model/sim_data/masks\02942.png,0.00022002359037287533
driving_model/sim_data/RGB\02943.png,driving_model/sim_data/masks\02943.png,0.0
driving_model/sim_data/RGB\02944.png,driving_model/sim_data/masks\02944.png,0.0003078351728618145
driving_model/sim_data/RGB\02945.png,driving_model/sim_data/masks\02945.png,0.0003078351728618145
driving_model/sim_data/RGB\02946.png,driving_model/sim_data/masks\02946.png,-8.781160431681201e-05
driving_model/sim_data/RGB\02947.png,driving_model/sim_data/masks\02947.png,0.0
driving_model/sim_data/RGB\02948.png,driving_model/sim_data/masks\02948.png,-0.00022002359037287533
driving_model/sim_data/RGB\02949.png,driving_model/sim_data/masks\02949.png,8.781160431681201e-05
driving_model/sim_data/RGB\02950.png,driving_model/sim_data/masks\02950.png,0.0
driving_model/sim_data/RGB\02951.png,driving_model/sim_data/masks\02951.png,0.0
driving_model/sim_data/RGB\02952.png,driving_model/sim_data/masks\02952.png,8.781160431681201e-05
driving_model/sim_data/RGB\02953.png,driving_model/sim_data/masks\02953.png,0.0
driving_model/sim_data/RGB\02954.png,driving_model/sim_data/masks\02954.png,0.0003078351728618145
driving_model/sim_data/RGB\02955.png,driving_model/sim_data/masks\02955.png,-0.0003078351728618145
driving_model/sim_data/RGB\02956.png,driving_model/sim_data/masks\02956.png,-0.00022002359037287533
driving_model/sim_data/RGB\02957.png,driving_model/sim_data/masks\02957.png,0.0
driving_model/sim_data/RGB\02958.png,driving_model/sim_data/masks\02958.png,0.0
driving_model/sim_data/RGB\02959.png,driving_model/sim_data/masks\02959.png,0.0
driving_model/sim_data/RGB\02960.png,driving_model/sim_data/masks\02960.png,0.0
driving_model/sim_data/RGB\02961.png,driving_model/sim_data/masks\02961.png,0.0
driving_model/sim_data/RGB\02962.png,driving_model/sim_data/masks\02962.png,-8.781160431681201e-05
driving_model/sim_data/RGB\02963.png,driving_model/sim_data/masks\02963.png,0.0
driving_model/sim_data/RGB\02964.png,driving_model/sim_data/masks\02964.png,0.0003078351728618145
driving_model/sim_data/RGB\02965.png,driving_model/sim_data/masks\02965.png,-8.781160431681201e-05
driving_model/sim_data/RGB\02966.png,driving_model/sim_data/masks\02966.png,0.0
driving_model/sim_data/RGB\02967.png,driving_model/sim_data/masks\02967.png,0.0
driving_model/sim_data/RGB\02968.png,driving_model/sim_data/masks\02968.png,-0.0005331862485036254
driving_model/sim_data/RGB\02969.png,driving_model/sim_data/masks\02969.png,-0.0003575629962142557
driving_model/sim_data/RGB\02970.png,driving_model/sim_data/masks\02970.png,-0.0002597214770503342
driving_model/sim_data/RGB\02971.png,driving_model/sim_data/masks\02971.png,-0.00031116034369915724
driving_model/sim_data/RGB\02972.png,driving_model/sim_data/masks\02972.png,-0.0001836508308770135
driving_model/sim_data/RGB\02973.png,driving_model/sim_data/masks\02973.png,-0.0003475331177469343
driving_model/sim_data/RGB\02974.png,driving_model/sim_data/masks\02974.png,-0.00043534470023587346
driving_model/sim_data/RGB\02975.png,driving_model/sim_data/masks\02975.png,0.00012418437108863145
driving_model/sim_data/RGB\02976.png,driving_model/sim_data/masks\02976.png,0.0003078351728618145
driving_model/sim_data/RGB\02977.png,driving_model/sim_data/masks\02977.png,0.0003078351728618145
driving_model/sim_data/RGB\02978.png,driving_model/sim_data/masks\02978.png,-8.781160431681201e-05
driving_model/sim_data/RGB\02979.png,driving_model/sim_data/masks\02979.png,-8.781160431681201e-05
driving_model/sim_data/RGB\02980.png,driving_model/sim_data/masks\02980.png,0.0
driving_model/sim_data/RGB\02981.png,driving_model/sim_data/masks\02981.png,0.0003078351728618145
driving_model/sim_data/RGB\02982.png,driving_model/sim_data/masks\02982.png,0.00022002359037287533
driving_model/sim_data/RGB\02983.png,driving_model/sim_data/masks\02983.png,0.0
driving_model/sim_data/RGB\02984.png,driving_model/sim_data/masks\02984.png,0.0
driving_model/sim_data/RGB\02985.png,driving_model/sim_data/masks\02985.png,0.0003078351728618145
driving_model/sim_data/RGB\02986.png,driving_model/sim_data/masks\02986.png,0.0
driving_model/sim_data/RGB\02987.png,driving_model/sim_data/masks\02987.png,0.0
driving_model/sim_data/RGB\02988.png,driving_model/sim_data/masks\02988.png,-0.0003078351728618145
driving_model/sim_data/RGB\02989.png,driving_model/sim_data/masks\02989.png,0.0
driving_model/sim_data/RGB\02990.png,driving_model/sim_data/masks\02990.png,0.0
driving_model/sim_data/RGB\02991.png,driving_model/sim_data/masks\02991.png,-0.0003078351728618145
driving_model/sim_data/RGB\02992.png,driving_model/sim_data/masks\02992.png,8.781160431681201e-05
driving_model/sim_data/RGB\02993.png,driving_model/sim_data/masks\02993.png,-0.0003078351728618145
driving_model/sim_data/RGB\02994.png,driving_model/sim_data/masks\02994.png,0.0
driving_model/sim_data/RGB\02995.png,driving_model/sim_data/masks\02995.png,-0.0003078351728618145
driving_model/sim_data/RGB\02996.png,driving_model/sim_data/masks\02996.png,0.0003956467844545841
driving_model/sim_data/RGB\02997.png,driving_model/sim_data/masks\02997.png,0.0
driving_model/sim_data/RGB\02998.png,driving_model/sim_data/masks\02998.png,0.00022002359037287533
driving_model/sim_data/RGB\02999.png,driving_model/sim_data/masks\02999.png,0.00022002359037287533
driving_model/sim_data/RGB\03000.png,driving_model/sim_data/masks\03000.png,0.0
driving_model/sim_data/RGB\03001.png,driving_model/sim_data/masks\03001.png,0.0
driving_model/sim_data/RGB\03002.png,driving_model/sim_data/masks\03002.png,0.0
driving_model/sim_data/RGB\03003.png,driving_model/sim_data/masks\03003.png,0.0
driving_model/sim_data/RGB\03004.png,driving_model/sim_data/masks\03004.png,0.0
driving_model/sim_data/RGB\03005.png,driving_model/sim_data/masks\03005.png,0.0
driving_model/sim_data/RGB\03006.png,driving_model/sim_data/masks\03006.png,-0.0003078351728618145
driving_model/sim_data/RGB\03007.png,driving_model/sim_data/masks\03007.png,0.0
driving_model/sim_data/RGB\03008.png,driving_model/sim_data/masks\03008.png,0.0
driving_model/sim_data/RGB\03009.png,driving_model/sim_data/masks\03009.png,0.0
driving_model/sim_data/RGB\03010.png,driving_model/sim_data/masks\03010.png,0.0
driving_model/sim_data/RGB\03011.png,driving_model/sim_data/masks\03011.png,8.781160431681201e-05
driving_model/sim_data/RGB\03012.png,driving_model/sim_data/masks\03012.png,0.0
driving_model/sim_data/RGB\03013.png,driving_model/sim_data/masks\03013.png,0.0
driving_model/sim_data/RGB\03014.png,driving_model/sim_data/masks\03014.png,-0.00022002359037287533
driving_model/sim_data/RGB\03015.png,driving_model/sim_data/masks\03015.png,0.0
driving_model/sim_data/RGB\03016.png,driving_model/sim_data/masks\03016.png,0.0
driving_model/sim_data/RGB\03017.png,driving_model/sim_data/masks\03017.png,0.00043534470023587346
driving_model/sim_data/RGB\03018.png,driving_model/sim_data/masks\03018.png,0.0003475331177469343
driving_model/sim_data/RGB\03019.png,driving_model/sim_data/masks\03019.png,0.0
driving_model/sim_data/RGB\03020.png,driving_model/sim_data/masks\03020.png,0.0
driving_model/sim_data/RGB\03021.png,driving_model/sim_data/masks\03021.png,8.781160431681201e-05
driving_model/sim_data/RGB\03022.png,driving_model/sim_data/masks\03022.png,0.0
driving_model/sim_data/RGB\03023.png,driving_model/sim_data/masks\03023.png,0.0
driving_model/sim_data/RGB\03024.png,driving_model/sim_data/masks\03024.png,0.00012418437108863145
driving_model/sim_data/RGB\03025.png,driving_model/sim_data/masks\03025.png,0.0
driving_model/sim_data/RGB\03026.png,driving_model/sim_data/masks\03026.png,8.781160431681201e-05
driving_model/sim_data/RGB\03027.png,driving_model/sim_data/masks\03027.png,0.0
driving_model/sim_data/RGB\03028.png,driving_model/sim_data/masks\03028.png,-0.0003078351728618145
driving_model/sim_data/RGB\03029.png,driving_model/sim_data/masks\03029.png,-8.781160431681201e-05
driving_model/sim_data/RGB\03030.png,driving_model/sim_data/masks\03030.png,0.0039059934206306934
driving_model/sim_data/RGB\03031.png,driving_model/sim_data/masks\03031.png,0.003304065437987447
driving_model/sim_data/RGB\03032.png,driving_model/sim_data/masks\03032.png,0.010366574861109257
driving_model/sim_data/RGB\03033.png,driving_model/sim_data/masks\03033.png,0.009540123865008354
driving_model/sim_data/RGB\03034.png,driving_model/sim_data/masks\03034.png,0.017399867996573448
driving_model/sim_data/RGB\03035.png,driving_model/sim_data/masks\03035.png,0.022888775914907455
driving_model/sim_data/RGB\03036.png,driving_model/sim_data/masks\03036.png,0.026912640780210495
driving_model/sim_data/RGB\03037.png,driving_model/sim_data/masks\03037.png,0.01997130922973156
driving_model/sim_data/RGB\03038.png,driving_model/sim_data/masks\03038.png,0.025614427402615547
driving_model/sim_data/RGB\03039.png,driving_model/sim_data/masks\03039.png,0.019036969169974327
driving_model/sim_data/RGB\03040.png,driving_model/sim_data/masks\03040.png,0.0170836690813303
driving_model/sim_data/RGB\03041.png,driving_model/sim_data/masks\03041.png,0.020583488047122955
driving_model/sim_data/RGB\03042.png,driving_model/sim_data/masks\03042.png,0.014522125013172626
driving_model/sim_data/RGB\03043.png,driving_model/sim_data/masks\03043.png,0.017910171300172806
driving_model/sim_data/RGB\03044.png,driving_model/sim_data/masks\03044.png,0.014069459401071072
driving_model/sim_data/RGB\03045.png,driving_model/sim_data/masks\03045.png,0.015832776203751564
driving_model/sim_data/RGB\03046.png,driving_model/sim_data/masks\03046.png,0.02003718540072441
driving_model/sim_data/RGB\03047.png,driving_model/sim_data/masks\03047.png,0.01357579417526722
driving_model/sim_data/RGB\03048.png,driving_model/sim_data/masks\03048.png,0.016409769654273987
driving_model/sim_data/RGB\03049.png,driving_model/sim_data/masks\03049.png,0.02420356124639511
driving_model/sim_data/RGB\03050.png,driving_model/sim_data/masks\03050.png,0.01664811745285988
driving_model/sim_data/RGB\03051.png,driving_model/sim_data/masks\03051.png,0.020465267822146416
driving_model/sim_data/RGB\03052.png,driving_model/sim_data/masks\03052.png,0.014337187632918358
driving_model/sim_data/RGB\03053.png,driving_model/sim_data/masks\03053.png,0.019588299095630646
driving_model/sim_data/RGB\03054.png,driving_model/sim_data/masks\03054.png,0.02116616815328598
driving_model/sim_data/RGB\03055.png,driving_model/sim_data/masks\03055.png,0.015546648763120174
driving_model/sim_data/RGB\03056.png,driving_model/sim_data/masks\03056.png,0.014122183434665203
driving_model/sim_data/RGB\03057.png,driving_model/sim_data/masks\03057.png,0.01698918268084526
driving_model/sim_data/RGB\03058.png,driving_model/sim_data/masks\03058.png,0.022260617464780807
driving_model/sim_data/RGB\03059.png,driving_model/sim_data/masks\03059.png,0.016943011432886124
driving_model/sim_data/RGB\03060.png,driving_model/sim_data/masks\03060.png,0.01759132742881775
driving_model/sim_data/RGB\03061.png,driving_model/sim_data/masks\03061.png,0.022122684866189957
driving_model/sim_data/RGB\03062.png,driving_model/sim_data/masks\03062.png,0.016909414902329445
driving_model/sim_data/RGB\03063.png,driving_model/sim_data/masks\03063.png,0.02123722992837429
driving_model/sim_data/RGB\03064.png,driving_model/sim_data/masks\03064.png,0.01588539220392704
driving_model/sim_data/RGB\03065.png,driving_model/sim_data/masks\03065.png,0.020215805619955063
driving_model/sim_data/RGB\03066.png,driving_model/sim_data/masks\03066.png,0.015306634828448296
driving_model/sim_data/RGB\03067.png,driving_model/sim_data/masks\03067.png,0.015872586518526077
driving_model/sim_data/RGB\03068.png,driving_model/sim_data/masks\03068.png,0.020506683737039566
driving_model/sim_data/RGB\03069.png,driving_model/sim_data/masks\03069.png,0.014842025935649872
driving_model/sim_data/RGB\03070.png,driving_model/sim_data/masks\03070.png,0.01984749734401703
driving_model/sim_data/RGB\03071.png,driving_model/sim_data/masks\03071.png,0.014956699684262276
driving_model/sim_data/RGB\03072.png,driving_model/sim_data/masks\03072.png,0.018006622791290283
driving_model/sim_data/RGB\03073.png,driving_model/sim_data/masks\03073.png,0.0160470362752676
driving_model/sim_data/RGB\03074.png,driving_model/sim_data/masks\03074.png,0.021307455375790596
driving_model/sim_data/RGB\03075.png,driving_model/sim_data/masks\03075.png,0.01565093733370304
driving_model/sim_data/RGB\03076.png,driving_model/sim_data/masks\03076.png,0.01701909303665161
driving_model/sim_data/RGB\03077.png,driving_model/sim_data/masks\03077.png,0.014372188597917557
driving_model/sim_data/RGB\03078.png,driving_model/sim_data/masks\03078.png,0.017400376498699188
driving_model/sim_data/RGB\03079.png,driving_model/sim_data/masks\03079.png,0.014732777141034603
driving_model/sim_data/RGB\03080.png,driving_model/sim_data/masks\03080.png,0.01767786592245102
driving_model/sim_data/RGB\03081.png,driving_model/sim_data/masks\03081.png,0.02265317738056183
driving_model/sim_data/RGB\03082.png,driving_model/sim_data/masks\03082.png,0.016800612211227417
driving_model/sim_data/RGB\03083.png,driving_model/sim_data/masks\03083.png,0.021173296496272087
driving_model/sim_data/RGB\03084.png,driving_model/sim_data/masks\03084.png,0.015542956069111824
driving_model/sim_data/RGB\03085.png,driving_model/sim_data/masks\03085.png,0.016976676881313324
driving_model/sim_data/RGB\03086.png,driving_model/sim_data/masks\03086.png,0.013549229130148888
driving_model/sim_data/RGB\03087.png,driving_model/sim_data/masks\03087.png,0.013783155009150505
driving_model/sim_data/RGB\03088.png,driving_model/sim_data/masks\03088.png,0.019857993349432945
driving_model/sim_data/RGB\03089.png,driving_model/sim_data/masks\03089.png,0.014715556986629963
driving_model/sim_data/RGB\03090.png,driving_model/sim_data/masks\03090.png,0.014068148098886013
driving_model/sim_data/RGB\03091.png,driving_model/sim_data/masks\03091.png,0.015674252063035965
driving_model/sim_data/RGB\03092.png,driving_model/sim_data/masks\03092.png,0.017559561878442764
driving_model/sim_data/RGB\03093.png,driving_model/sim_data/masks\03093.png,0.022517547011375427
driving_model/sim_data/RGB\03094.png,driving_model/sim_data/masks\03094.png,0.015398535877466202
driving_model/sim_data/RGB\03095.png,driving_model/sim_data/masks\03095.png,0.01726691424846649
driving_model/sim_data/RGB\03096.png,driving_model/sim_data/masks\03096.png,0.014936474151909351
driving_model/sim_data/RGB\03097.png,driving_model/sim_data/masks\03097.png,0.01581675373017788
driving_model/sim_data/RGB\03098.png,driving_model/sim_data/masks\03098.png,0.020740367472171783
driving_model/sim_data/RGB\03099.png,driving_model/sim_data/masks\03099.png,0.015745170414447784
driving_model/sim_data/RGB\03100.png,driving_model/sim_data/masks\03100.png,0.02070416323840618
driving_model/sim_data/RGB\03101.png,driving_model/sim_data/masks\03101.png,0.014401894994080067
driving_model/sim_data/RGB\03102.png,driving_model/sim_data/masks\03102.png,0.017245540395379066
driving_model/sim_data/RGB\03103.png,driving_model/sim_data/masks\03103.png,0.014637472108006477
driving_model/sim_data/RGB\03104.png,driving_model/sim_data/masks\03104.png,0.017434535548090935
driving_model/sim_data/RGB\03105.png,driving_model/sim_data/masks\03105.png,0.020888403058052063
driving_model/sim_data/RGB\03106.png,driving_model/sim_data/masks\03106.png,0.016295891255140305
driving_model/sim_data/RGB\03107.png,driving_model/sim_data/masks\03107.png,0.018919186666607857
driving_model/sim_data/RGB\03108.png,driving_model/sim_data/masks\03108.png,0.015339745208621025
driving_model/sim_data/RGB\03109.png,driving_model/sim_data/masks\03109.png,0.01778409630060196
driving_model/sim_data/RGB\03110.png,driving_model/sim_data/masks\03110.png,0.020373545587062836
driving_model/sim_data/RGB\03111.png,driving_model/sim_data/masks\03111.png,0.014865977689623833
driving_model/sim_data/RGB\03112.png,driving_model/sim_data/masks\03112.png,0.01997053064405918
driving_model/sim_data/RGB\03113.png,driving_model/sim_data/masks\03113.png,0.015221992507576942
driving_model/sim_data/RGB\03114.png,driving_model/sim_data/masks\03114.png,0.020428555086255074
driving_model/sim_data/RGB\03115.png,driving_model/sim_data/masks\03115.png,0.015473883599042892
driving_model/sim_data/RGB\03116.png,driving_model/sim_data/masks\03116.png,0.017605219036340714
driving_model/sim_data/RGB\03117.png,driving_model/sim_data/masks\03117.png,0.02133522368967533
driving_model/sim_data/RGB\03118.png,driving_model/sim_data/masks\03118.png,0.016162004321813583
driving_model/sim_data/RGB\03119.png,driving_model/sim_data/masks\03119.png,0.02059025689959526
driving_model/sim_data/RGB\03120.png,driving_model/sim_data/masks\03120.png,0.015603803098201752
driving_model/sim_data/RGB\03121.png,driving_model/sim_data/masks\03121.png,0.018281497061252594
driving_model/sim_data/RGB\03122.png,driving_model/sim_data/masks\03122.png,0.014750457368791103
driving_model/sim_data/RGB\03123.png,driving_model/sim_data/masks\03123.png,0.017314117401838303
driving_model/sim_data/RGB\03124.png,driving_model/sim_data/masks\03124.png,0.014333721250295639
driving_model/sim_data/RGB\03125.png,driving_model/sim_data/masks\03125.png,0.016844699159264565
driving_model/sim_data/RGB\03126.png,driving_model/sim_data/masks\03126.png,0.013932622037827969
driving_model/sim_data/RGB\03127.png,driving_model/sim_data/masks\03127.png,0.01567910797894001
driving_model/sim_data/RGB\03128.png,driving_model/sim_data/masks\03128.png,0.020790275186300278
driving_model/sim_data/RGB\03129.png,driving_model/sim_data/masks\03129.png,0.016113130375742912
driving_model/sim_data/RGB\03130.png,driving_model/sim_data/masks\03130.png,0.017026172950863838
driving_model/sim_data/RGB\03131.png,driving_model/sim_data/masks\03131.png,0.021589836105704308
driving_model/sim_data/RGB\03132.png,driving_model/sim_data/masks\03132.png,0.0161064974963665
driving_model/sim_data/RGB\03133.png,driving_model/sim_data/masks\03133.png,0.016933176666498184
driving_model/sim_data/RGB\03134.png,driving_model/sim_data/masks\03134.png,0.014009215869009495
driving_model/sim_data/RGB\03135.png,driving_model/sim_data/masks\03135.png,0.01654714159667492
driving_model/sim_data/RGB\03136.png,driving_model/sim_data/masks\03136.png,0.015209193341434002
driving_model/sim_data/RGB\03137.png,driving_model/sim_data/masks\03137.png,0.01348932646214962
driving_model/sim_data/RGB\03138.png,driving_model/sim_data/masks\03138.png,0.008864679373800755
driving_model/sim_data/RGB\03139.png,driving_model/sim_data/masks\03139.png,0.00021139055024832487
driving_model/sim_data/RGB\03140.png,driving_model/sim_data/masks\03140.png,-0.004555549472570419
driving_model/sim_data/RGB\03141.png,driving_model/sim_data/masks\03141.png,-0.0039019666146486998
driving_model/sim_data/RGB\03142.png,driving_model/sim_data/masks\03142.png,-0.005687997210770845
driving_model/sim_data/RGB\03143.png,driving_model/sim_data/masks\03143.png,-0.004139610566198826
driving_model/sim_data/RGB\03144.png,driving_model/sim_data/masks\03144.png,-0.0030956463888287544
driving_model/sim_data/RGB\03145.png,driving_model/sim_data/masks\03145.png,-0.002062095794826746
driving_model/sim_data/RGB\03146.png,driving_model/sim_data/masks\03146.png,-0.0011755053419619799
driving_model/sim_data/RGB\03147.png,driving_model/sim_data/masks\03147.png,-0.0006836105021648109
driving_model/sim_data/RGB\03148.png,driving_model/sim_data/masks\03148.png,0.0003956467844545841
driving_model/sim_data/RGB\03149.png,driving_model/sim_data/masks\03149.png,0.00022002359037287533
driving_model/sim_data/RGB\03150.png,driving_model/sim_data/masks\03150.png,0.0007575390627607703
driving_model/sim_data/RGB\03151.png,driving_model/sim_data/masks\03151.png,0.0009034451213665307
driving_model/sim_data/RGB\03152.png,driving_model/sim_data/masks\03152.png,0.0006322673871181905
driving_model/sim_data/RGB\03153.png,driving_model/sim_data/masks\03153.png,0.0003833427035715431
driving_model/sim_data/RGB\03154.png,driving_model/sim_data/masks\03154.png,-8.781160431681201e-05
driving_model/sim_data/RGB\03155.png,driving_model/sim_data/masks\03155.png,0.0003078351728618145
driving_model/sim_data/RGB\03156.png,driving_model/sim_data/masks\03156.png,0.0
driving_model/sim_data/RGB\03157.png,driving_model/sim_data/masks\03157.png,0.0
driving_model/sim_data/RGB\03158.png,driving_model/sim_data/masks\03158.png,0.0
driving_model/sim_data/RGB\03159.png,driving_model/sim_data/masks\03159.png,0.0
driving_model/sim_data/RGB\03160.png,driving_model/sim_data/masks\03160.png,0.00022002359037287533
driving_model/sim_data/RGB\03161.png,driving_model/sim_data/masks\03161.png,0.0
driving_model/sim_data/RGB\03162.png,driving_model/sim_data/masks\03162.png,-0.00031116034369915724
driving_model/sim_data/RGB\03163.png,driving_model/sim_data/masks\03163.png,0.0
driving_model/sim_data/RGB\03164.png,driving_model/sim_data/masks\03164.png,0.0
driving_model/sim_data/RGB\03165.png,driving_model/sim_data/masks\03165.png,0.0
driving_model/sim_data/RGB\03166.png,driving_model/sim_data/masks\03166.png,0.0
driving_model/sim_data/RGB\03167.png,driving_model/sim_data/masks\03167.png,8.781160431681201e-05
driving_model/sim_data/RGB\03168.png,driving_model/sim_data/masks\03168.png,0.0
driving_model/sim_data/RGB\03169.png,driving_model/sim_data/masks\03169.png,0.0
driving_model/sim_data/RGB\03170.png,driving_model/sim_data/masks\03170.png,-0.0003078351728618145
driving_model/sim_data/RGB\03171.png,driving_model/sim_data/masks\03171.png,-0.0003078351728618145
driving_model/sim_data/RGB\03172.png,driving_model/sim_data/masks\03172.png,0.0
driving_model/sim_data/RGB\03173.png,driving_model/sim_data/masks\03173.png,0.0
driving_model/sim_data/RGB\03174.png,driving_model/sim_data/masks\03174.png,0.0
driving_model/sim_data/RGB\03175.png,driving_model/sim_data/masks\03175.png,0.0003078351728618145
driving_model/sim_data/RGB\03176.png,driving_model/sim_data/masks\03176.png,0.0
driving_model/sim_data/RGB\03177.png,driving_model/sim_data/masks\03177.png,0.0008692843257449567
driving_model/sim_data/RGB\03178.png,driving_model/sim_data/masks\03178.png,0.00683930329978466
driving_model/sim_data/RGB\03179.png,driving_model/sim_data/masks\03179.png,0.018324606120586395
driving_model/sim_data/RGB\03180.png,driving_model/sim_data/masks\03180.png,0.013212683610618114
driving_model/sim_data/RGB\03181.png,driving_model/sim_data/masks\03181.png,0.02090354450047016
driving_model/sim_data/RGB\03182.png,driving_model/sim_data/masks\03182.png,0.03039609268307686
driving_model/sim_data/RGB\03183.png,driving_model/sim_data/masks\03183.png,0.022860582917928696
driving_model/sim_data/RGB\03184.png,driving_model/sim_data/masks\03184.png,0.024322083219885826
driving_model/sim_data/RGB\03185.png,driving_model/sim_data/masks\03185.png,0.019884182140231133
driving_model/sim_data/RGB\03186.png,driving_model/sim_data/masks\03186.png,0.021999670192599297
driving_model/sim_data/RGB\03187.png,driving_model/sim_data/masks\03187.png,0.01824311912059784
driving_model/sim_data/RGB\03188.png,driving_model/sim_data/masks\03188.png,0.017992954701185226
driving_model/sim_data/RGB\03189.png,driving_model/sim_data/masks\03189.png,0.019155031070113182
driving_model/sim_data/RGB\03190.png,driving_model/sim_data/masks\03190.png,0.018044646829366684
driving_model/sim_data/RGB\03191.png,driving_model/sim_data/masks\03191.png,0.017242642119526863
driving_model/sim_data/RGB\03192.png,driving_model/sim_data/masks\03192.png,0.02236763760447502
driving_model/sim_data/RGB\03193.png,driving_model/sim_data/masks\03193.png,0.01631336845457554
driving_model/sim_data/RGB\03194.png,driving_model/sim_data/masks\03194.png,0.021325871348381042
driving_model/sim_data/RGB\03195.png,driving_model/sim_data/masks\03195.png,0.016067441552877426
driving_model/sim_data/RGB\03196.png,driving_model/sim_data/masks\03196.png,0.021835634484887123
driving_model/sim_data/RGB\03197.png,driving_model/sim_data/masks\03197.png,0.016824547201395035
driving_model/sim_data/RGB\03198.png,driving_model/sim_data/masks\03198.png,0.020094934850931168
driving_model/sim_data/RGB\03199.png,driving_model/sim_data/masks\03199.png,0.024987148120999336
driving_model/sim_data/RGB\03200.png,driving_model/sim_data/masks\03200.png,0.01800929754972458
driving_model/sim_data/RGB\03201.png,driving_model/sim_data/masks\03201.png,0.022763071581721306
driving_model/sim_data/RGB\03202.png,driving_model/sim_data/masks\03202.png,0.015735285356640816
driving_model/sim_data/RGB\03203.png,driving_model/sim_data/masks\03203.png,0.018944764509797096
driving_model/sim_data/RGB\03204.png,driving_model/sim_data/masks\03204.png,0.024625958874821663
driving_model/sim_data/RGB\03205.png,driving_model/sim_data/masks\03205.png,0.01837373711168766
driving_model/sim_data/RGB\03206.png,driving_model/sim_data/masks\03206.png,0.023493262007832527
driving_model/sim_data/RGB\03207.png,driving_model/sim_data/masks\03207.png,0.01579042710363865
driving_model/sim_data/RGB\03208.png,driving_model/sim_data/masks\03208.png,0.01845850609242916
driving_model/sim_data/RGB\03209.png,driving_model/sim_data/masks\03209.png,0.024035386741161346
driving_model/sim_data/RGB\03210.png,driving_model/sim_data/masks\03210.png,0.017419923096895218
driving_model/sim_data/RGB\03211.png,driving_model/sim_data/masks\03211.png,0.022860519587993622
driving_model/sim_data/RGB\03212.png,driving_model/sim_data/masks\03212.png,0.017397122457623482
driving_model/sim_data/RGB\03213.png,driving_model/sim_data/masks\03213.png,0.022715959697961807
driving_model/sim_data/RGB\03214.png,driving_model/sim_data/masks\03214.png,0.017593711614608765
driving_model/sim_data/RGB\03215.png,driving_model/sim_data/masks\03215.png,0.019442806020379066
driving_model/sim_data/RGB\03216.png,driving_model/sim_data/masks\03216.png,0.016376934945583344
driving_model/sim_data/RGB\03217.png,driving_model/sim_data/masks\03217.png,0.01892418973147869
driving_model/sim_data/RGB\03218.png,driving_model/sim_data/masks\03218.png,0.02376306615769863
driving_model/sim_data/RGB\03219.png,driving_model/sim_data/masks\03219.png,0.0175163596868515
driving_model/sim_data/RGB\03220.png,driving_model/sim_data/masks\03220.png,0.018202347680926323
driving_model/sim_data/RGB\03221.png,driving_model/sim_data/masks\03221.png,0.023749658837914467
driving_model/sim_data/RGB\03222.png,driving_model/sim_data/masks\03222.png,0.017817731946706772
driving_model/sim_data/RGB\03223.png,driving_model/sim_data/masks\03223.png,0.02300129644572735
driving_model/sim_data/RGB\03224.png,driving_model/sim_data/masks\03224.png,0.017461922019720078
driving_model/sim_data/RGB\03225.png,driving_model/sim_data/masks\03225.png,0.0181309524923563
driving_model/sim_data/RGB\03226.png,driving_model/sim_data/masks\03226.png,0.023853488266468048
driving_model/sim_data/RGB\03227.png,driving_model/sim_data/masks\03227.png,0.017567886039614677
driving_model/sim_data/RGB\03228.png,driving_model/sim_data/masks\03228.png,0.020590193569660187
driving_model/sim_data/RGB\03229.png,driving_model/sim_data/masks\03229.png,0.016838861629366875
driving_model/sim_data/RGB\03230.png,driving_model/sim_data/masks\03230.png,0.01913486048579216
driving_model/sim_data/RGB\03231.png,driving_model/sim_data/masks\03231.png,0.01587750017642975
driving_model/sim_data/RGB\03232.png,driving_model/sim_data/masks\03232.png,0.018568111583590508
driving_model/sim_data/RGB\03233.png,driving_model/sim_data/masks\03233.png,0.019802115857601166
driving_model/sim_data/RGB\03234.png,driving_model/sim_data/masks\03234.png,0.01645011454820633
driving_model/sim_data/RGB\03235.png,driving_model/sim_data/masks\03235.png,0.019167538732290268
driving_model/sim_data/RGB\03236.png,driving_model/sim_data/masks\03236.png,0.015852224081754684
driving_model/sim_data/RGB\03237.png,driving_model/sim_data/masks\03237.png,0.01878545619547367
driving_model/sim_data/RGB\03238.png,driving_model/sim_data/masks\03238.png,0.015627041459083557
driving_model/sim_data/RGB\03239.png,driving_model/sim_data/masks\03239.png,0.018702665343880653
driving_model/sim_data/RGB\03240.png,driving_model/sim_data/masks\03240.png,0.023988641798496246
driving_model/sim_data/RGB\03241.png,driving_model/sim_data/masks\03241.png,0.017905643209815025
driving_model/sim_data/RGB\03242.png,driving_model/sim_data/masks\03242.png,0.023224739357829094
driving_model/sim_data/RGB\03243.png,driving_model/sim_data/masks\03243.png,0.017281226813793182
driving_model/sim_data/RGB\03244.png,driving_model/sim_data/masks\03244.png,0.019856590777635574
driving_model/sim_data/RGB\03245.png,driving_model/sim_data/masks\03245.png,0.016462713479995728
driving_model/sim_data/RGB\03246.png,driving_model/sim_data/masks\03246.png,0.019208019599318504
driving_model/sim_data/RGB\03247.png,driving_model/sim_data/masks\03247.png,0.015901274979114532
driving_model/sim_data/RGB\03248.png,driving_model/sim_data/masks\03248.png,0.018489746376872063
driving_model/sim_data/RGB\03249.png,driving_model/sim_data/masks\03249.png,0.023540165275335312
driving_model/sim_data/RGB\03250.png,driving_model/sim_data/masks\03250.png,0.017509477213025093
driving_model/sim_data/RGB\03251.png,driving_model/sim_data/masks\03251.png,0.022535745054483414
driving_model/sim_data/RGB\03252.png,driving_model/sim_data/masks\03252.png,0.017055388540029526
driving_model/sim_data/RGB\03253.png,driving_model/sim_data/masks\03253.png,0.019758807495236397
driving_model/sim_data/RGB\03254.png,driving_model/sim_data/masks\03254.png,0.016277795657515526
driving_model/sim_data/RGB\03255.png,driving_model/sim_data/masks\03255.png,0.01742640510201454
driving_model/sim_data/RGB\03256.png,driving_model/sim_data/masks\03256.png,0.024348115548491478
driving_model/sim_data/RGB\03257.png,driving_model/sim_data/masks\03257.png,0.01688634417951107
driving_model/sim_data/RGB\03258.png,driving_model/sim_data/masks\03258.png,0.023025447502732277
driving_model/sim_data/RGB\03259.png,driving_model/sim_data/masks\03259.png,0.023734411224722862
driving_model/sim_data/RGB\03260.png,driving_model/sim_data/masks\03260.png,0.01761724427342415
driving_model/sim_data/RGB\03261.png,driving_model/sim_data/masks\03261.png,0.02215275540947914
driving_model/sim_data/RGB\03262.png,driving_model/sim_data/masks\03262.png,0.016855593770742416
driving_model/sim_data/RGB\03263.png,driving_model/sim_data/masks\03263.png,0.019299691542983055
driving_model/sim_data/RGB\03264.png,driving_model/sim_data/masks\03264.png,0.0240629855543375
driving_model/sim_data/RGB\03265.png,driving_model/sim_data/masks\03265.png,0.017611155286431313
driving_model/sim_data/RGB\03266.png,driving_model/sim_data/masks\03266.png,0.02226514182984829
driving_model/sim_data/RGB\03267.png,driving_model/sim_data/masks\03267.png,0.016634736210107803
driving_model/sim_data/RGB\03268.png,driving_model/sim_data/masks\03268.png,0.019418204203248024
driving_model/sim_data/RGB\03269.png,driving_model/sim_data/masks\03269.png,0.015756772831082344
driving_model/sim_data/RGB\03270.png,driving_model/sim_data/masks\03270.png,0.01803584396839142
driving_model/sim_data/RGB\03271.png,driving_model/sim_data/masks\03271.png,0.015390939079225063
driving_model/sim_data/RGB\03272.png,driving_model/sim_data/masks\03272.png,0.01857038028538227
driving_model/sim_data/RGB\03273.png,driving_model/sim_data/masks\03273.png,0.018912456929683685
driving_model/sim_data/RGB\03274.png,driving_model/sim_data/masks\03274.png,0.01452744472771883
driving_model/sim_data/RGB\03275.png,driving_model/sim_data/masks\03275.png,0.009262347593903542
driving_model/sim_data/RGB\03276.png,driving_model/sim_data/masks\03276.png,0.007111469283699989
driving_model/sim_data/RGB\03277.png,driving_model/sim_data/masks\03277.png,0.0017340658232569695
driving_model/sim_data/RGB\03278.png,driving_model/sim_data/masks\03278.png,0.0011710597900673747
driving_model/sim_data/RGB\03279.png,driving_model/sim_data/masks\03279.png,-8.781160431681201e-05
driving_model/sim_data/RGB\03280.png,driving_model/sim_data/masks\03280.png,0.0012620098423212767
driving_model/sim_data/RGB\03281.png,driving_model/sim_data/masks\03281.png,0.0011464706622064114
driving_model/sim_data/RGB\03282.png,driving_model/sim_data/masks\03282.png,0.0037060510367155075
driving_model/sim_data/RGB\03283.png,driving_model/sim_data/masks\03283.png,0.0030788322910666466
driving_model/sim_data/RGB\03284.png,driving_model/sim_data/masks\03284.png,0.003117599990218878
driving_model/sim_data/RGB\03285.png,driving_model/sim_data/masks\03285.png,0.002371697686612606
driving_model/sim_data/RGB\03286.png,driving_model/sim_data/masks\03286.png,0.0013499411288648844
driving_model/sim_data/RGB\03287.png,driving_model/sim_data/masks\03287.png,-3.7134159356355667e-06
driving_model/sim_data/RGB\03288.png,driving_model/sim_data/masks\03288.png,-0.00043534470023587346
driving_model/sim_data/RGB\03289.png,driving_model/sim_data/masks\03289.png,-0.003682386828586459
driving_model/sim_data/RGB\03290.png,driving_model/sim_data/masks\03290.png,-0.002823128364980221
driving_model/sim_data/RGB\03291.png,driving_model/sim_data/masks\03291.png,-0.005935944151133299
driving_model/sim_data/RGB\03292.png,driving_model/sim_data/masks\03292.png,-0.00484338728711009
driving_model/sim_data/RGB\03293.png,driving_model/sim_data/masks\03293.png,-0.005780101753771305
driving_model/sim_data/RGB\03294.png,driving_model/sim_data/masks\03294.png,-0.0047445837408304214
driving_model/sim_data/RGB\03295.png,driving_model/sim_data/masks\03295.png,-0.0030811005271971226
driving_model/sim_data/RGB\03296.png,driving_model/sim_data/masks\03296.png,-0.0016597782960161567
driving_model/sim_data/RGB\03297.png,driving_model/sim_data/masks\03297.png,-0.0008938494720496237
driving_model/sim_data/RGB\03298.png,driving_model/sim_data/masks\03298.png,0.0003285610000602901
driving_model/sim_data/RGB\03299.png,driving_model/sim_data/masks\03299.png,0.0001836508308770135
driving_model/sim_data/RGB\03300.png,driving_model/sim_data/masks\03300.png,0.00031116034369915724
driving_model/sim_data/RGB\03301.png,driving_model/sim_data/masks\03301.png,0.0008800944196991622
driving_model/sim_data/RGB\03302.png,driving_model/sim_data/masks\03302.png,0.0007813547272235155
driving_model/sim_data/RGB\03303.png,driving_model/sim_data/masks\03303.png,0.0008094786899164319
driving_model/sim_data/RGB\03304.png,driving_model/sim_data/masks\03304.png,0.0005930046900175512
driving_model/sim_data/RGB\03305.png,driving_model/sim_data/masks\03305.png,0.00031809258507564664
driving_model/sim_data/RGB\03306.png,driving_model/sim_data/masks\03306.png,0.00015574102872051299
driving_model/sim_data/RGB\03307.png,driving_model/sim_data/masks\03307.png,0.00022002359037287533
driving_model/sim_data/RGB\03308.png,driving_model/sim_data/masks\03308.png,0.0003078351728618145
driving_model/sim_data/RGB\03309.png,driving_model/sim_data/masks\03309.png,0.0
driving_model/sim_data/RGB\03310.png,driving_model/sim_data/masks\03310.png,0.0
driving_model/sim_data/RGB\03311.png,driving_model/sim_data/masks\03311.png,0.0003078351728618145
driving_model/sim_data/RGB\03312.png,driving_model/sim_data/masks\03312.png,0.0
driving_model/sim_data/RGB\03313.png,driving_model/sim_data/masks\03313.png,0.0
driving_model/sim_data/RGB\03314.png,driving_model/sim_data/masks\03314.png,0.0
driving_model/sim_data/RGB\03315.png,driving_model/sim_data/masks\03315.png,0.0
driving_model/sim_data/RGB\03316.png,driving_model/sim_data/masks\03316.png,0.0
driving_model/sim_data/RGB\03317.png,driving_model/sim_data/masks\03317.png,0.0
driving_model/sim_data/RGB\03318.png,driving_model/sim_data/masks\03318.png,-0.0003078351728618145
driving_model/sim_data/RGB\03319.png,driving_model/sim_data/masks\03319.png,8.781160431681201e-05
driving_model/sim_data/RGB\03320.png,driving_model/sim_data/masks\03320.png,0.0
driving_model/sim_data/RGB\03321.png,driving_model/sim_data/masks\03321.png,0.0
driving_model/sim_data/RGB\03322.png,driving_model/sim_data/masks\03322.png,0.0
driving_model/sim_data/RGB\03323.png,driving_model/sim_data/masks\03323.png,0.0
driving_model/sim_data/RGB\03324.png,driving_model/sim_data/masks\03324.png,0.000304378685541451
driving_model/sim_data/RGB\03325.png,driving_model/sim_data/masks\03325.png,0.0
driving_model/sim_data/RGB\03326.png,driving_model/sim_data/masks\03326.png,0.0
driving_model/sim_data/RGB\03327.png,driving_model/sim_data/masks\03327.png,0.00017573311924934387
driving_model/sim_data/RGB\03328.png,driving_model/sim_data/masks\03328.png,0.0
driving_model/sim_data/RGB\03329.png,driving_model/sim_data/masks\03329.png,-0.0006155604496598244
driving_model/sim_data/RGB\03330.png,driving_model/sim_data/masks\03330.png,0.0006155604496598244
driving_model/sim_data/RGB\03331.png,driving_model/sim_data/masks\03331.png,0.0
driving_model/sim_data/RGB\03332.png,driving_model/sim_data/masks\03332.png,0.0
driving_model/sim_data/RGB\03333.png,driving_model/sim_data/masks\03333.png,-0.00017573311924934387
driving_model/sim_data/RGB\03334.png,driving_model/sim_data/masks\03334.png,0.0006155604496598244
driving_model/sim_data/RGB\03335.png,driving_model/sim_data/masks\03335.png,0.0
driving_model/sim_data/RGB\03336.png,driving_model/sim_data/masks\03336.png,0.0
driving_model/sim_data/RGB\03337.png,driving_model/sim_data/masks\03337.png,-0.00017573311924934387
driving_model/sim_data/RGB\03338.png,driving_model/sim_data/masks\03338.png,0.0
driving_model/sim_data/RGB\03339.png,driving_model/sim_data/masks\03339.png,0.03171977028250694
driving_model/sim_data/RGB\03340.png,driving_model/sim_data/masks\03340.png,0.02032928168773651
driving_model/sim_data/RGB\03341.png,driving_model/sim_data/masks\03341.png,0.0065144626423716545
driving_model/sim_data/RGB\03342.png,driving_model/sim_data/masks\03342.png,0.04419485479593277
driving_model/sim_data/RGB\03343.png,driving_model/sim_data/masks\03343.png,0.025937657803297043
driving_model/sim_data/RGB\03344.png,driving_model/sim_data/masks\03344.png,0.007046937011182308
driving_model/sim_data/RGB\03345.png,driving_model/sim_data/masks\03345.png,0.05468107759952545
driving_model/sim_data/RGB\03346.png,driving_model/sim_data/masks\03346.png,0.029928144067525864
driving_model/sim_data/RGB\03347.png,driving_model/sim_data/masks\03347.png,0.06759130954742432
driving_model/sim_data/RGB\03348.png,driving_model/sim_data/masks\03348.png,0.01680077239871025
driving_model/sim_data/RGB\03349.png,driving_model/sim_data/masks\03349.png,0.08313680440187454
driving_model/sim_data/RGB\03350.png,driving_model/sim_data/masks\03350.png,0.05055343732237816
driving_model/sim_data/RGB\03351.png,driving_model/sim_data/masks\03351.png,0.10019957274198532
driving_model/sim_data/RGB\03352.png,driving_model/sim_data/masks\03352.png,0.05416015535593033
driving_model/sim_data/RGB\03353.png,driving_model/sim_data/masks\03353.png,0.01752106100320816
driving_model/sim_data/RGB\03354.png,driving_model/sim_data/masks\03354.png,0.06225304305553436
driving_model/sim_data/RGB\03355.png,driving_model/sim_data/masks\03355.png,0.027163216844201088
driving_model/sim_data/RGB\03356.png,driving_model/sim_data/masks\03356.png,0.08750634640455246
driving_model/sim_data/RGB\03357.png,driving_model/sim_data/masks\03357.png,-0.042697858065366745
driving_model/sim_data/RGB\03358.png,driving_model/sim_data/masks\03358.png,-0.0412614569067955
driving_model/sim_data/RGB\03359.png,driving_model/sim_data/masks\03359.png,0.10697388648986816
driving_model/sim_data/RGB\03360.png,driving_model/sim_data/masks\03360.png,0.09488534927368164
driving_model/sim_data/RGB\03361.png,driving_model/sim_data/masks\03361.png,0.07164045423269272
driving_model/sim_data/RGB\03362.png,driving_model/sim_data/masks\03362.png,0.04506860673427582
driving_model/sim_data/RGB\03363.png,driving_model/sim_data/masks\03363.png,0.08402818441390991
driving_model/sim_data/RGB\03364.png,driving_model/sim_data/masks\03364.png,0.04820498079061508
driving_model/sim_data/RGB\03365.png,driving_model/sim_data/masks\03365.png,0.015683511272072792
driving_model/sim_data/RGB\03366.png,driving_model/sim_data/masks\03366.png,0.07249882817268372
driving_model/sim_data/RGB\03367.png,driving_model/sim_data/masks\03367.png,0.049007631838321686
driving_model/sim_data/RGB\03368.png,driving_model/sim_data/masks\03368.png,0.026860598474740982
driving_model/sim_data/RGB\03369.png,driving_model/sim_data/masks\03369.png,0.08086150884628296
driving_model/sim_data/RGB\03370.png,driving_model/sim_data/masks\03370.png,0.06297961622476578
driving_model/sim_data/RGB\03371.png,driving_model/sim_data/masks\03371.png,0.04284819960594177
driving_model/sim_data/RGB\03372.png,driving_model/sim_data/masks\03372.png,0.017263835296034813
driving_model/sim_data/RGB\03373.png,driving_model/sim_data/masks\03373.png,0.08366437256336212
driving_model/sim_data/RGB\03374.png,driving_model/sim_data/masks\03374.png,0.03294359892606735
driving_model/sim_data/RGB\03375.png,driving_model/sim_data/masks\03375.png,0.008692965842783451
driving_model/sim_data/RGB\03376.png,driving_model/sim_data/masks\03376.png,0.08206922560930252
driving_model/sim_data/RGB\03377.png,driving_model/sim_data/masks\03377.png,0.062094587832689285
driving_model/sim_data/RGB\03378.png,driving_model/sim_data/masks\03378.png,0.03735623136162758
driving_model/sim_data/RGB\03379.png,driving_model/sim_data/masks\03379.png,0.010846608318388462
driving_model/sim_data/RGB\03380.png,driving_model/sim_data/masks\03380.png,-0.0069476403295993805
driving_model/sim_data/RGB\03381.png,driving_model/sim_data/masks\03381.png,0.08818712830543518
driving_model/sim_data/RGB\03382.png,driving_model/sim_data/masks\03382.png,0.07340650260448456
driving_model/sim_data/RGB\03383.png,driving_model/sim_data/masks\03383.png,0.046946603804826736
driving_model/sim_data/RGB\03384.png,driving_model/sim_data/masks\03384.png,0.012483661994338036
driving_model/sim_data/RGB\03385.png,driving_model/sim_data/masks\03385.png,0.08656180649995804
driving_model/sim_data/RGB\03386.png,driving_model/sim_data/masks\03386.png,0.06439375877380371
driving_model/sim_data/RGB\03387.png,driving_model/sim_data/masks\03387.png,0.03461918979883194
driving_model/sim_data/RGB\03388.png,driving_model/sim_data/masks\03388.png,0.008890059776604176
driving_model/sim_data/RGB\03389.png,driving_model/sim_data/masks\03389.png,0.08350752294063568
driving_model/sim_data/RGB\03390.png,driving_model/sim_data/masks\03390.png,0.062206391245126724
driving_model/sim_data/RGB\03391.png,driving_model/sim_data/masks\03391.png,0.035944439470767975
driving_model/sim_data/RGB\03392.png,driving_model/sim_data/masks\03392.png,0.001826938008889556
driving_model/sim_data/RGB\03393.png,driving_model/sim_data/masks\03393.png,0.0007495805039070547
driving_model/sim_data/RGB\03394.png,driving_model/sim_data/masks\03394.png,0.0001719098654575646
driving_model/sim_data/RGB\03395.png,driving_model/sim_data/masks\03395.png,0.0001836508308770135
driving_model/sim_data/RGB\03396.png,driving_model/sim_data/masks\03396.png,-0.0006019449792802334
driving_model/sim_data/RGB\03397.png,driving_model/sim_data/masks\03397.png,-0.0005576864932663739
driving_model/sim_data/RGB\03398.png,driving_model/sim_data/masks\03398.png,-0.0006458209245465696
driving_model/sim_data/RGB\03399.png,driving_model/sim_data/masks\03399.png,-0.0005056704394519329
driving_model/sim_data/RGB\03400.png,driving_model/sim_data/masks\03400.png,-0.00038109204615466297
driving_model/sim_data/RGB\03401.png,driving_model/sim_data/masks\03401.png,-0.0001836508308770135
driving_model/sim_data/RGB\03402.png,driving_model/sim_data/masks\03402.png,0.00043534470023587346
driving_model/sim_data/RGB\03403.png,driving_model/sim_data/masks\03403.png,-0.0002485241857357323
driving_model/sim_data/RGB\03404.png,driving_model/sim_data/masks\03404.png,-0.0006155604496598244
driving_model/sim_data/RGB\03405.png,driving_model/sim_data/masks\03405.png,0.000304378685541451
driving_model/sim_data/RGB\03406.png,driving_model/sim_data/masks\03406.png,0.0006155604496598244
driving_model/sim_data/RGB\03407.png,driving_model/sim_data/masks\03407.png,0.0
driving_model/sim_data/RGB\03408.png,driving_model/sim_data/masks\03408.png,-0.000870533986017108
driving_model/sim_data/RGB\03409.png,driving_model/sim_data/masks\03409.png,0.001174912671558559
driving_model/sim_data/RGB\03410.png,driving_model/sim_data/masks\03410.png,0.0
driving_model/sim_data/RGB\03411.png,driving_model/sim_data/masks\03411.png,0.0003670363512355834
driving_model/sim_data/RGB\03412.png,driving_model/sim_data/masks\03412.png,0.0003670363512355834
driving_model/sim_data/RGB\03413.png,driving_model/sim_data/masks\03413.png,-0.0006155604496598244
driving_model/sim_data/RGB\03414.png,driving_model/sim_data/masks\03414.png,-0.00031118179322220385
driving_model/sim_data/RGB\03415.png,driving_model/sim_data/masks\03415.png,0.0002485241857357323
driving_model/sim_data/RGB\03416.png,driving_model/sim_data/masks\03416.png,0.0006155604496598244
driving_model/sim_data/RGB\03417.png,driving_model/sim_data/masks\03417.png,0.0006948008667677641
driving_model/sim_data/RGB\03418.png,driving_model/sim_data/masks\03418.png,0.0
driving_model/sim_data/RGB\03419.png,driving_model/sim_data/masks\03419.png,0.00017573311924934387
driving_model/sim_data/RGB\03420.png,driving_model/sim_data/masks\03420.png,0.0
driving_model/sim_data/RGB\03421.png,driving_model/sim_data/masks\03421.png,-0.0006220098002813756
driving_model/sim_data/RGB\03422.png,driving_model/sim_data/masks\03422.png,0.0006155604496598244
driving_model/sim_data/RGB\03423.png,driving_model/sim_data/masks\03423.png,0.0006155604496598244
driving_model/sim_data/RGB\03424.png,driving_model/sim_data/masks\03424.png,0.0006155604496598244
driving_model/sim_data/RGB\03425.png,driving_model/sim_data/masks\03425.png,0.0
driving_model/sim_data/RGB\03426.png,driving_model/sim_data/masks\03426.png,-0.00043982735951431096
driving_model/sim_data/RGB\03427.png,driving_model/sim_data/masks\03427.png,0.0
driving_model/sim_data/RGB\03428.png,driving_model/sim_data/masks\03428.png,-0.00017573311924934387
driving_model/sim_data/RGB\03429.png,driving_model/sim_data/masks\03429.png,-0.00017573311924934387
driving_model/sim_data/RGB\03430.png,driving_model/sim_data/masks\03430.png,-0.00017573311924934387
driving_model/sim_data/RGB\03431.png,driving_model/sim_data/masks\03431.png,0.00017573311924934387
driving_model/sim_data/RGB\03432.png,driving_model/sim_data/masks\03432.png,-0.0012311208993196487
driving_model/sim_data/RGB\03433.png,driving_model/sim_data/masks\03433.png,0.000870533986017108
driving_model/sim_data/RGB\03434.png,driving_model/sim_data/masks\03434.png,-0.0008640846936032176
driving_model/sim_data/RGB\03435.png,driving_model/sim_data/masks\03435.png,-0.00043982735951431096
driving_model/sim_data/RGB\03436.png,driving_model/sim_data/masks\03436.png,0.0007912935689091682
driving_model/sim_data/RGB\03437.png,driving_model/sim_data/masks\03437.png,0.0006155604496598244
driving_model/sim_data/RGB\03438.png,driving_model/sim_data/masks\03438.png,-0.00017573311924934387
driving_model/sim_data/RGB\03439.png,driving_model/sim_data/masks\03439.png,0.0006155604496598244
driving_model/sim_data/RGB\03440.png,driving_model/sim_data/masks\03440.png,-0.00017573311924934387
driving_model/sim_data/RGB\03441.png,driving_model/sim_data/masks\03441.png,-0.0003670363512355834
driving_model/sim_data/RGB\03442.png,driving_model/sim_data/masks\03442.png,0.0
driving_model/sim_data/RGB\03443.png,driving_model/sim_data/masks\03443.png,-0.000870533986017108
driving_model/sim_data/RGB\03444.png,driving_model/sim_data/masks\03444.png,0.0008640846936032176
driving_model/sim_data/RGB\03445.png,driving_model/sim_data/masks\03445.png,0.0006155604496598244
driving_model/sim_data/RGB\03446.png,driving_model/sim_data/masks\03446.png,0.00043982735951431096
driving_model/sim_data/RGB\03447.png,driving_model/sim_data/masks\03447.png,-0.00017573311924934387
driving_model/sim_data/RGB\03448.png,driving_model/sim_data/masks\03448.png,-0.000870533986017108
driving_model/sim_data/RGB\03449.png,driving_model/sim_data/masks\03449.png,-0.0006155604496598244
driving_model/sim_data/RGB\03450.png,driving_model/sim_data/masks\03450.png,-0.0006155604496598244
driving_model/sim_data/RGB\03451.png,driving_model/sim_data/masks\03451.png,0.0
driving_model/sim_data/RGB\03452.png,driving_model/sim_data/masks\03452.png,0.0
driving_model/sim_data/RGB\03453.png,driving_model/sim_data/masks\03453.png,0.0005661552422679961
driving_model/sim_data/RGB\03454.png,driving_model/sim_data/masks\03454.png,0.0
driving_model/sim_data/RGB\03455.png,driving_model/sim_data/masks\03455.png,-0.0006155604496598244
driving_model/sim_data/RGB\03456.png,driving_model/sim_data/masks\03456.png,-0.000870533986017108
driving_model/sim_data/RGB\03457.png,driving_model/sim_data/masks\03457.png,-0.00043982735951431096
driving_model/sim_data/RGB\03458.png,driving_model/sim_data/masks\03458.png,0.00043982735951431096
driving_model/sim_data/RGB\03459.png,driving_model/sim_data/masks\03459.png,-0.00017573311924934387
driving_model/sim_data/RGB\03460.png,driving_model/sim_data/masks\03460.png,0.0
driving_model/sim_data/RGB\03461.png,driving_model/sim_data/masks\03461.png,-0.00043982735951431096
driving_model/sim_data/RGB\03462.png,driving_model/sim_data/masks\03462.png,0.0
driving_model/sim_data/RGB\03463.png,driving_model/sim_data/masks\03463.png,0.0007618034142069519
driving_model/sim_data/RGB\03464.png,driving_model/sim_data/masks\03464.png,-0.0010462671052664518
driving_model/sim_data/RGB\03465.png,driving_model/sim_data/masks\03465.png,0.00017573311924934387
driving_model/sim_data/RGB\03466.png,driving_model/sim_data/masks\03466.png,0.0
driving_model/sim_data/RGB\03467.png,driving_model/sim_data/masks\03467.png,0.0
driving_model/sim_data/RGB\03468.png,driving_model/sim_data/masks\03468.png,0.00017573311924934387
driving_model/sim_data/RGB\03469.png,driving_model/sim_data/masks\03469.png,-0.0002485241857357323
driving_model/sim_data/RGB\03470.png,driving_model/sim_data/masks\03470.png,-0.000870533986017108
driving_model/sim_data/RGB\03471.png,driving_model/sim_data/masks\03471.png,-0.000870533986017108
driving_model/sim_data/RGB\03472.png,driving_model/sim_data/masks\03472.png,0.0006155604496598244
driving_model/sim_data/RGB\03473.png,driving_model/sim_data/masks\03473.png,-0.00017573311924934387
driving_model/sim_data/RGB\03474.png,driving_model/sim_data/masks\03474.png,-0.00017573311924934387
driving_model/sim_data/RGB\03475.png,driving_model/sim_data/masks\03475.png,0.0
driving_model/sim_data/RGB\03476.png,driving_model/sim_data/masks\03476.png,-0.00017573311924934387
driving_model/sim_data/RGB\03477.png,driving_model/sim_data/masks\03477.png,-0.0006155604496598244
driving_model/sim_data/RGB\03478.png,driving_model/sim_data/masks\03478.png,0.00017573311924934387
driving_model/sim_data/RGB\03479.png,driving_model/sim_data/masks\03479.png,-0.0006155604496598244
driving_model/sim_data/RGB\03480.png,driving_model/sim_data/masks\03480.png,0.0002485241857357323
driving_model/sim_data/RGB\03481.png,driving_model/sim_data/masks\03481.png,0.0006155604496598244
driving_model/sim_data/RGB\03482.png,driving_model/sim_data/masks\03482.png,0.000870533986017108
driving_model/sim_data/RGB\03483.png,driving_model/sim_data/masks\03483.png,0.0
driving_model/sim_data/RGB\03484.png,driving_model/sim_data/masks\03484.png,0.0
driving_model/sim_data/RGB\03485.png,driving_model/sim_data/masks\03485.png,0.0002485241857357323
driving_model/sim_data/RGB\03486.png,driving_model/sim_data/masks\03486.png,0.0
driving_model/sim_data/RGB\03487.png,driving_model/sim_data/masks\03487.png,0.0008640846936032176
driving_model/sim_data/RGB\03488.png,driving_model/sim_data/masks\03488.png,0.0
driving_model/sim_data/RGB\03489.png,driving_model/sim_data/masks\03489.png,-0.00017573311924934387
driving_model/sim_data/RGB\03490.png,driving_model/sim_data/masks\03490.png,0.0
driving_model/sim_data/RGB\03491.png,driving_model/sim_data/masks\03491.png,-0.000890448922291398
driving_model/sim_data/RGB\03492.png,driving_model/sim_data/masks\03492.png,-0.00017573311924934387
driving_model/sim_data/RGB\03493.png,driving_model/sim_data/masks\03493.png,0.0006155604496598244
driving_model/sim_data/RGB\03494.png,driving_model/sim_data/masks\03494.png,0.0
driving_model/sim_data/RGB\03495.png,driving_model/sim_data/masks\03495.png,-0.000304378685541451
driving_model/sim_data/RGB\03496.png,driving_model/sim_data/masks\03496.png,-0.0002485241857357323
driving_model/sim_data/RGB\03497.png,driving_model/sim_data/masks\03497.png,0.0
driving_model/sim_data/RGB\03498.png,driving_model/sim_data/masks\03498.png,-0.000890448922291398
driving_model/sim_data/RGB\03499.png,driving_model/sim_data/masks\03499.png,-0.0006155604496598244
driving_model/sim_data/RGB\03500.png,driving_model/sim_data/masks\03500.png,0.0011190581135451794
driving_model/sim_data/RGB\03501.png,driving_model/sim_data/masks\03501.png,0.0006220098002813756
driving_model/sim_data/RGB\03502.png,driving_model/sim_data/masks\03502.png,-0.000870533986017108
driving_model/sim_data/RGB\03503.png,driving_model/sim_data/masks\03503.png,0.0
driving_model/sim_data/RGB\03504.png,driving_model/sim_data/masks\03504.png,0.0
driving_model/sim_data/RGB\03505.png,driving_model/sim_data/masks\03505.png,-0.0003670363512355834
driving_model/sim_data/RGB\03506.png,driving_model/sim_data/masks\03506.png,0.0
driving_model/sim_data/RGB\03507.png,driving_model/sim_data/masks\03507.png,0.0006155604496598244
driving_model/sim_data/RGB\03508.png,driving_model/sim_data/masks\03508.png,0.00043982735951431096
driving_model/sim_data/RGB\03509.png,driving_model/sim_data/masks\03509.png,-0.001066182041540742
driving_model/sim_data/RGB\03510.png,driving_model/sim_data/masks\03510.png,-0.00043982735951431096
driving_model/sim_data/RGB\03511.png,driving_model/sim_data/masks\03511.png,0.000870533986017108
driving_model/sim_data/RGB\03512.png,driving_model/sim_data/masks\03512.png,0.00043982735951431096
driving_model/sim_data/RGB\03513.png,driving_model/sim_data/masks\03513.png,-0.0006220098002813756
driving_model/sim_data/RGB\03514.png,driving_model/sim_data/masks\03514.png,0.0002485241857357323
driving_model/sim_data/RGB\03515.png,driving_model/sim_data/masks\03515.png,-0.00017573311924934387
driving_model/sim_data/RGB\03516.png,driving_model/sim_data/masks\03516.png,-0.01180642656981945
driving_model/sim_data/RGB\03517.png,driving_model/sim_data/masks\03517.png,-0.007734786719083786
driving_model/sim_data/RGB\03518.png,driving_model/sim_data/masks\03518.png,-0.07876461744308472
driving_model/sim_data/RGB\03519.png,driving_model/sim_data/masks\03519.png,-0.05338302254676819
driving_model/sim_data/RGB\03520.png,driving_model/sim_data/masks\03520.png,-0.022660313174128532
driving_model/sim_data/RGB\03521.png,driving_model/sim_data/masks\03521.png,-0.006778196431696415
driving_model/sim_data/RGB\03522.png,driving_model/sim_data/masks\03522.png,-0.049986932426691055
driving_model/sim_data/RGB\03523.png,driving_model/sim_data/masks\03523.png,-0.06636320799589157
driving_model/sim_data/RGB\03524.png,driving_model/sim_data/masks\03524.png,-0.0562218502163887
driving_model/sim_data/RGB\03525.png,driving_model/sim_data/masks\03525.png,-0.0857863575220108
driving_model/sim_data/RGB\03526.png,driving_model/sim_data/masks\03526.png,-0.06789526343345642
driving_model/sim_data/RGB\03527.png,driving_model/sim_data/masks\03527.png,-0.022609442472457886
driving_model/sim_data/RGB\03528.png,driving_model/sim_data/masks\03528.png,-0.03850289061665535
driving_model/sim_data/RGB\03529.png,driving_model/sim_data/masks\03529.png,-0.06572788953781128
driving_model/sim_data/RGB\03530.png,driving_model/sim_data/masks\03530.png,-0.04686538502573967
driving_model/sim_data/RGB\03531.png,driving_model/sim_data/masks\03531.png,-0.0720413476228714
driving_model/sim_data/RGB\03532.png,driving_model/sim_data/masks\03532.png,-0.03434988856315613
driving_model/sim_data/RGB\03533.png,driving_model/sim_data/masks\03533.png,-0.04799835383892059
driving_model/sim_data/RGB\03534.png,driving_model/sim_data/masks\03534.png,-0.03244340792298317
driving_model/sim_data/RGB\03535.png,driving_model/sim_data/masks\03535.png,-0.047293346375226974
driving_model/sim_data/RGB\03536.png,driving_model/sim_data/masks\03536.png,-0.057455793023109436
driving_model/sim_data/RGB\03537.png,driving_model/sim_data/masks\03537.png,-0.08956758677959442
driving_model/sim_data/RGB\03538.png,driving_model/sim_data/masks\03538.png,-0.06756146252155304
driving_model/sim_data/RGB\03539.png,driving_model/sim_data/masks\03539.png,-0.022167671471834183
driving_model/sim_data/RGB\03540.png,driving_model/sim_data/masks\03540.png,-0.051844801753759384
driving_model/sim_data/RGB\03541.png,driving_model/sim_data/masks\03541.png,-0.036240965127944946
driving_model/sim_data/RGB\03542.png,driving_model/sim_data/masks\03542.png,-0.05625762790441513
driving_model/sim_data/RGB\03543.png,driving_model/sim_data/masks\03543.png,-0.045323990285396576
driving_model/sim_data/RGB\03544.png,driving_model/sim_data/masks\03544.png,-0.07119708508253098
driving_model/sim_data/RGB\03545.png,driving_model/sim_data/masks\03545.png,-0.04501025751233101
driving_model/sim_data/RGB\03546.png,driving_model/sim_data/masks\03546.png,-0.04743869602680206
driving_model/sim_data/RGB\03547.png,driving_model/sim_data/masks\03547.png,-0.06200962886214256
driving_model/sim_data/RGB\03548.png,driving_model/sim_data/masks\03548.png,-0.057497020810842514
driving_model/sim_data/RGB\03549.png,driving_model/sim_data/masks\03549.png,-0.06687695533037186
driving_model/sim_data/RGB\03550.png,driving_model/sim_data/masks\03550.png,-0.07843383401632309
driving_model/sim_data/RGB\03551.png,driving_model/sim_data/masks\03551.png,-0.05976206436753273
driving_model/sim_data/RGB\03552.png,driving_model/sim_data/masks\03552.png,-0.050563398748636246
driving_model/sim_data/RGB\03553.png,driving_model/sim_data/masks\03553.png,-0.05189613252878189
driving_model/sim_data/RGB\03554.png,driving_model/sim_data/masks\03554.png,-0.04480813816189766
driving_model/sim_data/RGB\03555.png,driving_model/sim_data/masks\03555.png,-0.04391095042228699
driving_model/sim_data/RGB\03556.png,driving_model/sim_data/masks\03556.png,-0.04289048910140991
driving_model/sim_data/RGB\03557.png,driving_model/sim_data/masks\03557.png,-0.05142071843147278
driving_model/sim_data/RGB\03558.png,driving_model/sim_data/masks\03558.png,-0.05161362886428833
driving_model/sim_data/RGB\03559.png,driving_model/sim_data/masks\03559.png,-0.06531091779470444
driving_model/sim_data/RGB\03560.png,driving_model/sim_data/masks\03560.png,-0.05334371328353882
driving_model/sim_data/RGB\03561.png,driving_model/sim_data/masks\03561.png,-0.028221242129802704
driving_model/sim_data/RGB\03562.png,driving_model/sim_data/masks\03562.png,0.00568787707015872
driving_model/sim_data/RGB\03563.png,driving_model/sim_data/masks\03563.png,0.009693150408565998
driving_model/sim_data/RGB\03564.png,driving_model/sim_data/masks\03564.png,0.026309892535209656
driving_model/sim_data/RGB\03565.png,driving_model/sim_data/masks\03565.png,0.021938616409897804
driving_model/sim_data/RGB\03566.png,driving_model/sim_data/masks\03566.png,0.02638263814151287
driving_model/sim_data/RGB\03567.png,driving_model/sim_data/masks\03567.png,0.01731373928487301
driving_model/sim_data/RGB\03568.png,driving_model/sim_data/masks\03568.png,0.011879363097250462
driving_model/sim_data/RGB\03569.png,driving_model/sim_data/masks\03569.png,0.0076260073110461235
driving_model/sim_data/RGB\03570.png,driving_model/sim_data/masks\03570.png,-0.0008427095599472523
driving_model/sim_data/RGB\03571.png,driving_model/sim_data/masks\03571.png,-0.0020939765963703394
driving_model/sim_data/RGB\03572.png,driving_model/sim_data/masks\03572.png,-0.005411953665316105
driving_model/sim_data/RGB\03573.png,driving_model/sim_data/masks\03573.png,-0.004160045180469751
driving_model/sim_data/RGB\03574.png,driving_model/sim_data/masks\03574.png,-0.0031994744203984737
driving_model/sim_data/RGB\03575.png,driving_model/sim_data/masks\03575.png,-0.002978026634082198
driving_model/sim_data/RGB\03576.png,driving_model/sim_data/masks\03576.png,-0.0026156476233154535
driving_model/sim_data/RGB\03577.png,driving_model/sim_data/masks\03577.png,-0.0016528575215488672
driving_model/sim_data/RGB\03578.png,driving_model/sim_data/masks\03578.png,0.0005341371870599687
driving_model/sim_data/RGB\03579.png,driving_model/sim_data/masks\03579.png,0.0
driving_model/sim_data/RGB\03580.png,driving_model/sim_data/masks\03580.png,0.001506585394963622
driving_model/sim_data/RGB\03581.png,driving_model/sim_data/masks\03581.png,0.0013711017090827227
driving_model/sim_data/RGB\03582.png,driving_model/sim_data/masks\03582.png,0.0016375321429222822
driving_model/sim_data/RGB\03583.png,driving_model/sim_data/masks\03583.png,0.0011307134991511703
driving_model/sim_data/RGB\03584.png,driving_model/sim_data/masks\03584.png,0.0007922827498987317
driving_model/sim_data/RGB\03585.png,driving_model/sim_data/masks\03585.png,0.0005722591886296868
driving_model/sim_data/RGB\03586.png,driving_model/sim_data/masks\03586.png,0.0001836508308770135
driving_model/sim_data/RGB\03587.png,driving_model/sim_data/masks\03587.png,0.0
driving_model/sim_data/RGB\03588.png,driving_model/sim_data/masks\03588.png,8.781160431681201e-05
driving_model/sim_data/RGB\03589.png,driving_model/sim_data/masks\03589.png,-0.0005331862485036254
driving_model/sim_data/RGB\03590.png,driving_model/sim_data/masks\03590.png,-0.0002832505269907415
driving_model/sim_data/RGB\03591.png,driving_model/sim_data/masks\03591.png,-0.00043534470023587346
driving_model/sim_data/RGB\03592.png,driving_model/sim_data/masks\03592.png,-0.0004914860473945737
driving_model/sim_data/RGB\03593.png,driving_model/sim_data/masks\03593.png,-0.0003078351728618145
driving_model/sim_data/RGB\03594.png,driving_model/sim_data/masks\03594.png,8.781160431681201e-05
driving_model/sim_data/RGB\03595.png,driving_model/sim_data/masks\03595.png,-0.0003078351728618145
driving_model/sim_data/RGB\03596.png,driving_model/sim_data/masks\03596.png,0.0
driving_model/sim_data/RGB\03597.png,driving_model/sim_data/masks\03597.png,0.0003078351728618145
driving_model/sim_data/RGB\03598.png,driving_model/sim_data/masks\03598.png,-8.781160431681201e-05
driving_model/sim_data/RGB\03599.png,driving_model/sim_data/masks\03599.png,0.00022002359037287533
driving_model/sim_data/RGB\03600.png,driving_model/sim_data/masks\03600.png,0.0
driving_model/sim_data/RGB\03601.png,driving_model/sim_data/masks\03601.png,0.0
driving_model/sim_data/RGB\03602.png,driving_model/sim_data/masks\03602.png,0.0
driving_model/sim_data/RGB\03603.png,driving_model/sim_data/masks\03603.png,0.0
driving_model/sim_data/RGB\03604.png,driving_model/sim_data/masks\03604.png,0.0
driving_model/sim_data/RGB\03605.png,driving_model/sim_data/masks\03605.png,0.0
driving_model/sim_data/RGB\03606.png,driving_model/sim_data/masks\03606.png,0.0
driving_model/sim_data/RGB\03607.png,driving_model/sim_data/masks\03607.png,-0.0003078351728618145
driving_model/sim_data/RGB\03608.png,driving_model/sim_data/masks\03608.png,-0.0003078351728618145
driving_model/sim_data/RGB\03609.png,driving_model/sim_data/masks\03609.png,-0.00022002359037287533
driving_model/sim_data/RGB\03610.png,driving_model/sim_data/masks\03610.png,8.781160431681201e-05
driving_model/sim_data/RGB\03611.png,driving_model/sim_data/masks\03611.png,0.0
driving_model/sim_data/RGB\03612.png,driving_model/sim_data/masks\03612.png,0.0
driving_model/sim_data/RGB\03613.png,driving_model/sim_data/masks\03613.png,0.0
driving_model/sim_data/RGB\03614.png,driving_model/sim_data/masks\03614.png,0.00031116034369915724
driving_model/sim_data/RGB\03615.png,driving_model/sim_data/masks\03615.png,0.00031116034369915724
driving_model/sim_data/RGB\03616.png,driving_model/sim_data/masks\03616.png,0.0001836508308770135
driving_model/sim_data/RGB\03617.png,driving_model/sim_data/masks\03617.png,0.0
driving_model/sim_data/RGB\03618.png,driving_model/sim_data/masks\03618.png,0.0
driving_model/sim_data/RGB\03619.png,driving_model/sim_data/masks\03619.png,0.0
driving_model/sim_data/RGB\03620.png,driving_model/sim_data/masks\03620.png,0.0
driving_model/sim_data/RGB\03621.png,driving_model/sim_data/masks\03621.png,0.0
driving_model/sim_data/RGB\03622.png,driving_model/sim_data/masks\03622.png,0.0
driving_model/sim_data/RGB\03623.png,driving_model/sim_data/masks\03623.png,0.00012418437108863145
driving_model/sim_data/RGB\03624.png,driving_model/sim_data/masks\03624.png,0.0
driving_model/sim_data/RGB\03625.png,driving_model/sim_data/masks\03625.png,0.0
driving_model/sim_data/RGB\03626.png,driving_model/sim_data/masks\03626.png,0.0
driving_model/sim_data/RGB\03627.png,driving_model/sim_data/masks\03627.png,-0.0003078351728618145
driving_model/sim_data/RGB\03628.png,driving_model/sim_data/masks\03628.png,0.0
driving_model/sim_data/RGB\03629.png,driving_model/sim_data/masks\03629.png,-0.0003078351728618145
driving_model/sim_data/RGB\03630.png,driving_model/sim_data/masks\03630.png,0.0
driving_model/sim_data/RGB\03631.png,driving_model/sim_data/masks\03631.png,0.0
driving_model/sim_data/RGB\03632.png,driving_model/sim_data/masks\03632.png,0.0
driving_model/sim_data/RGB\03633.png,driving_model/sim_data/masks\03633.png,0.0
driving_model/sim_data/RGB\03634.png,driving_model/sim_data/masks\03634.png,-0.0062179784290492535
driving_model/sim_data/RGB\03635.png,driving_model/sim_data/masks\03635.png,-0.005144041962921619
driving_model/sim_data/RGB\03636.png,driving_model/sim_data/masks\03636.png,-0.017900006845593452
driving_model/sim_data/RGB\03637.png,driving_model/sim_data/masks\03637.png,-0.01471796166151762
driving_model/sim_data/RGB\03638.png,driving_model/sim_data/masks\03638.png,-0.028053639456629753
driving_model/sim_data/RGB\03639.png,driving_model/sim_data/masks\03639.png,-0.022206593304872513
driving_model/sim_data/RGB\03640.png,driving_model/sim_data/masks\03640.png,-0.03232719376683235
driving_model/sim_data/RGB\03641.png,driving_model/sim_data/masks\03641.png,-0.025486577302217484
driving_model/sim_data/RGB\03642.png,driving_model/sim_data/masks\03642.png,-0.025928109884262085
driving_model/sim_data/RGB\03643.png,driving_model/sim_data/masks\03643.png,-0.022025376558303833
driving_model/sim_data/RGB\03644.png,driving_model/sim_data/masks\03644.png,-0.027669694274663925
driving_model/sim_data/RGB\03645.png,driving_model/sim_data/masks\03645.png,-0.017443357035517693
driving_model/sim_data/RGB\03646.png,driving_model/sim_data/masks\03646.png,-0.019168879836797714
driving_model/sim_data/RGB\03647.png,driving_model/sim_data/masks\03647.png,-0.015260374173521996
driving_model/sim_data/RGB\03648.png,driving_model/sim_data/masks\03648.png,-0.024312740191817284
driving_model/sim_data/RGB\03649.png,driving_model/sim_data/masks\03649.png,-0.016809191554784775
driving_model/sim_data/RGB\03650.png,driving_model/sim_data/masks\03650.png,-0.026772581040859222
driving_model/sim_data/RGB\03651.png,driving_model/sim_data/masks\03651.png,-0.017834994941949844
driving_model/sim_data/RGB\03652.png,driving_model/sim_data/masks\03652.png,-0.024954617023468018
driving_model/sim_data/RGB\03653.png,driving_model/sim_data/masks\03653.png,-0.01986868493258953
driving_model/sim_data/RGB\03654.png,driving_model/sim_data/masks\03654.png,-0.02680848352611065
driving_model/sim_data/RGB\03655.png,driving_model/sim_data/masks\03655.png,-0.020113270729780197
driving_model/sim_data/RGB\03656.png,driving_model/sim_data/masks\03656.png,-0.027599748224020004
driving_model/sim_data/RGB\03657.png,driving_model/sim_data/masks\03657.png,-0.01812821440398693
driving_model/sim_data/RGB\03658.png,driving_model/sim_data/masks\03658.png,-0.015612730756402016
driving_model/sim_data/RGB\03659.png,driving_model/sim_data/masks\03659.png,-0.017099011689424515
driving_model/sim_data/RGB\03660.png,driving_model/sim_data/masks\03660.png,-0.022651366889476776
driving_model/sim_data/RGB\03661.png,driving_model/sim_data/masks\03661.png,-0.01858292520046234
driving_model/sim_data/RGB\03662.png,driving_model/sim_data/masks\03662.png,-0.02581072598695755
driving_model/sim_data/RGB\03663.png,driving_model/sim_data/masks\03663.png,-0.017742883414030075
driving_model/sim_data/RGB\03664.png,driving_model/sim_data/masks\03664.png,-0.027464665472507477
driving_model/sim_data/RGB\03665.png,driving_model/sim_data/masks\03665.png,-0.01885928027331829
driving_model/sim_data/RGB\03666.png,driving_model/sim_data/masks\03666.png,-0.022300302982330322
driving_model/sim_data/RGB\03667.png,driving_model/sim_data/masks\03667.png,-0.015054689720273018
driving_model/sim_data/RGB\03668.png,driving_model/sim_data/masks\03668.png,-0.024995533749461174
driving_model/sim_data/RGB\03669.png,driving_model/sim_data/masks\03669.png,-0.016642754897475243
driving_model/sim_data/RGB\03670.png,driving_model/sim_data/masks\03670.png,-0.024986939504742622
driving_model/sim_data/RGB\03671.png,driving_model/sim_data/masks\03671.png,-0.0174875371158123
driving_model/sim_data/RGB\03672.png,driving_model/sim_data/masks\03672.png,-0.02797148935496807
driving_model/sim_data/RGB\03673.png,driving_model/sim_data/masks\03673.png,-0.01900702342391014
driving_model/sim_data/RGB\03674.png,driving_model/sim_data/masks\03674.png,-0.028320437297225
driving_model/sim_data/RGB\03675.png,driving_model/sim_data/masks\03675.png,-0.019024785608053207
driving_model/sim_data/RGB\03676.png,driving_model/sim_data/masks\03676.png,-0.02501094341278076
driving_model/sim_data/RGB\03677.png,driving_model/sim_data/masks\03677.png,-0.01970498263835907
driving_model/sim_data/RGB\03678.png,driving_model/sim_data/masks\03678.png,-0.016925444826483727
driving_model/sim_data/RGB\03679.png,driving_model/sim_data/masks\03679.png,-0.020817171782255173
driving_model/sim_data/RGB\03680.png,driving_model/sim_data/masks\03680.png,-0.027387352660298347
driving_model/sim_data/RGB\03681.png,driving_model/sim_data/masks\03681.png,-0.02135937660932541
driving_model/sim_data/RGB\03682.png,driving_model/sim_data/masks\03682.png,-0.01770159602165222
driving_model/sim_data/RGB\03683.png,driving_model/sim_data/masks\03683.png,-0.020647045224905014
driving_model/sim_data/RGB\03684.png,driving_model/sim_data/masks\03684.png,-0.017217222601175308
driving_model/sim_data/RGB\03685.png,driving_model/sim_data/masks\03685.png,-0.024035068228840828
driving_model/sim_data/RGB\03686.png,driving_model/sim_data/masks\03686.png,-0.018922971561551094
driving_model/sim_data/RGB\03687.png,driving_model/sim_data/masks\03687.png,-0.026396963745355606
driving_model/sim_data/RGB\03688.png,driving_model/sim_data/masks\03688.png,-0.01836702600121498
driving_model/sim_data/RGB\03689.png,driving_model/sim_data/masks\03689.png,-0.02806241810321808
driving_model/sim_data/RGB\03690.png,driving_model/sim_data/masks\03690.png,-0.018757421523332596
driving_model/sim_data/RGB\03691.png,driving_model/sim_data/masks\03691.png,-0.021759774535894394
driving_model/sim_data/RGB\03692.png,driving_model/sim_data/masks\03692.png,-0.01732737384736538
driving_model/sim_data/RGB\03693.png,driving_model/sim_data/masks\03693.png,-0.025225473567843437
driving_model/sim_data/RGB\03694.png,driving_model/sim_data/masks\03694.png,-0.01633867435157299
driving_model/sim_data/RGB\03695.png,driving_model/sim_data/masks\03695.png,-0.02719215117394924
driving_model/sim_data/RGB\03696.png,driving_model/sim_data/masks\03696.png,-0.01842988096177578
driving_model/sim_data/RGB\03697.png,driving_model/sim_data/masks\03697.png,-0.02481081523001194
driving_model/sim_data/RGB\03698.png,driving_model/sim_data/masks\03698.png,-0.020582187920808792
driving_model/sim_data/RGB\03699.png,driving_model/sim_data/masks\03699.png,-0.025526465848088264
driving_model/sim_data/RGB\03700.png,driving_model/sim_data/masks\03700.png,-0.021499687805771828
driving_model/sim_data/RGB\03701.png,driving_model/sim_data/masks\03701.png,-0.02736339345574379
driving_model/sim_data/RGB\03702.png,driving_model/sim_data/masks\03702.png,-0.01858876645565033
driving_model/sim_data/RGB\03703.png,driving_model/sim_data/masks\03703.png,-0.02633003517985344
driving_model/sim_data/RGB\03704.png,driving_model/sim_data/masks\03704.png,-0.018171504139900208
driving_model/sim_data/RGB\03705.png,driving_model/sim_data/masks\03705.png,-0.021552762016654015
driving_model/sim_data/RGB\03706.png,driving_model/sim_data/masks\03706.png,-0.02677055634558201
driving_model/sim_data/RGB\03707.png,driving_model/sim_data/masks\03707.png,-0.018472209572792053
driving_model/sim_data/RGB\03708.png,driving_model/sim_data/masks\03708.png,-0.025105932727456093
driving_model/sim_data/RGB\03709.png,driving_model/sim_data/masks\03709.png,-0.016705527901649475
driving_model/sim_data/RGB\03710.png,driving_model/sim_data/masks\03710.png,-0.02111305668950081
driving_model/sim_data/RGB\03711.png,driving_model/sim_data/masks\03711.png,-0.015061180107295513
driving_model/sim_data/RGB\03712.png,driving_model/sim_data/masks\03712.png,-0.01981663517653942
driving_model/sim_data/RGB\03713.png,driving_model/sim_data/masks\03713.png,-0.017537666484713554
driving_model/sim_data/RGB\03714.png,driving_model/sim_data/masks\03714.png,-0.021719230338931084
driving_model/sim_data/RGB\03715.png,driving_model/sim_data/masks\03715.png,-0.028503060340881348
driving_model/sim_data/RGB\03716.png,driving_model/sim_data/masks\03716.png,-0.01730901002883911
driving_model/sim_data/RGB\03717.png,driving_model/sim_data/masks\03717.png,-0.02517053857445717
driving_model/sim_data/RGB\03718.png,driving_model/sim_data/masks\03718.png,-0.01627008616924286
driving_model/sim_data/RGB\03719.png,driving_model/sim_data/masks\03719.png,-0.01939195767045021
driving_model/sim_data/RGB\03720.png,driving_model/sim_data/masks\03720.png,-0.017271099612116814
driving_model/sim_data/RGB\03721.png,driving_model/sim_data/masks\03721.png,-0.020490484312176704
driving_model/sim_data/RGB\03722.png,driving_model/sim_data/masks\03722.png,-0.026486702263355255
driving_model/sim_data/RGB\03723.png,driving_model/sim_data/masks\03723.png,-0.02042205259203911
driving_model/sim_data/RGB\03724.png,driving_model/sim_data/masks\03724.png,-0.02427891455590725
driving_model/sim_data/RGB\03725.png,driving_model/sim_data/masks\03725.png,-0.01701674610376358
driving_model/sim_data/RGB\03726.png,driving_model/sim_data/masks\03726.png,-0.016627298668026924
driving_model/sim_data/RGB\03727.png,driving_model/sim_data/masks\03727.png,-0.012990598566830158
driving_model/sim_data/RGB\03728.png,driving_model/sim_data/masks\03728.png,-0.005297115072607994
driving_model/sim_data/RGB\03729.png,driving_model/sim_data/masks\03729.png,-0.003729549702256918
driving_model/sim_data/RGB\03730.png,driving_model/sim_data/masks\03730.png,0.004598002415150404
driving_model/sim_data/RGB\03731.png,driving_model/sim_data/masks\03731.png,0.007856672629714012
driving_model/sim_data/RGB\03732.png,driving_model/sim_data/masks\03732.png,0.0069842590019106865
driving_model/sim_data/RGB\03733.png,driving_model/sim_data/masks\03733.png,0.006877920590341091
driving_model/sim_data/RGB\03734.png,driving_model/sim_data/masks\03734.png,0.006877920590341091
driving_model/sim_data/RGB\03735.png,driving_model/sim_data/masks\03735.png,0.005186392925679684
driving_model/sim_data/RGB\03736.png,driving_model/sim_data/masks\03736.png,0.004959167446941137
driving_model/sim_data/RGB\03737.png,driving_model/sim_data/masks\03737.png,0.0024861155543476343
driving_model/sim_data/RGB\03738.png,driving_model/sim_data/masks\03738.png,0.0004888191469945014
driving_model/sim_data/RGB\03739.png,driving_model/sim_data/masks\03739.png,-0.0005231563118286431
driving_model/sim_data/RGB\03740.png,driving_model/sim_data/masks\03740.png,-0.001352141611278057
driving_model/sim_data/RGB\03741.png,driving_model/sim_data/masks\03741.png,-0.0010517959017306566
driving_model/sim_data/RGB\03742.png,driving_model/sim_data/masks\03742.png,-0.001390132587403059
driving_model/sim_data/RGB\03743.png,driving_model/sim_data/masks\03743.png,-0.0009376227972097695
driving_model/sim_data/RGB\03744.png,driving_model/sim_data/masks\03744.png,-0.0007271537906490266
driving_model/sim_data/RGB\03745.png,driving_model/sim_data/masks\03745.png,-0.000439971627201885
driving_model/sim_data/RGB\03746.png,driving_model/sim_data/masks\03746.png,-0.00033683350193314254
driving_model/sim_data/RGB\03747.png,driving_model/sim_data/masks\03747.png,-0.0003078351728618145
driving_model/sim_data/RGB\03748.png,driving_model/sim_data/masks\03748.png,0.0
driving_model/sim_data/RGB\03749.png,driving_model/sim_data/masks\03749.png,0.0003956467844545841
driving_model/sim_data/RGB\03750.png,driving_model/sim_data/masks\03750.png,0.00022002359037287533
driving_model/sim_data/RGB\03751.png,driving_model/sim_data/masks\03751.png,0.0006751369219273329
driving_model/sim_data/RGB\03752.png,driving_model/sim_data/masks\03752.png,0.000691177963744849
driving_model/sim_data/RGB\03753.png,driving_model/sim_data/masks\03753.png,0.000607254565693438
driving_model/sim_data/RGB\03754.png,driving_model/sim_data/masks\03754.png,0.00031809258507564664
driving_model/sim_data/RGB\03755.png,driving_model/sim_data/masks\03755.png,0.0005331862485036254
driving_model/sim_data/RGB\03756.png,driving_model/sim_data/masks\03756.png,-0.00015209417324513197
driving_model/sim_data/RGB\03757.png,driving_model/sim_data/masks\03757.png,0.0
driving_model/sim_data/RGB\03758.png,driving_model/sim_data/masks\03758.png,-0.0011876857606694102
driving_model/sim_data/RGB\03759.png,driving_model/sim_data/masks\03759.png,-0.012543968856334686
driving_model/sim_data/RGB\03760.png,driving_model/sim_data/masks\03760.png,-0.010691164061427116
driving_model/sim_data/RGB\03761.png,driving_model/sim_data/masks\03761.png,-0.025317693129181862
driving_model/sim_data/RGB\03762.png,driving_model/sim_data/masks\03762.png,-0.03431284800171852
driving_model/sim_data/RGB\03763.png,driving_model/sim_data/masks\03763.png,-0.025205519050359726
driving_model/sim_data/RGB\03764.png,driving_model/sim_data/masks\03764.png,-0.03314249590039253
driving_model/sim_data/RGB\03765.png,driving_model/sim_data/masks\03765.png,-0.02196563594043255
driving_model/sim_data/RGB\03766.png,driving_model/sim_data/masks\03766.png,-0.021880192682147026
driving_model/sim_data/RGB\03767.png,driving_model/sim_data/masks\03767.png,-0.023672278970479965
driving_model/sim_data/RGB\03768.png,driving_model/sim_data/masks\03768.png,-0.01766647771000862
driving_model/sim_data/RGB\03769.png,driving_model/sim_data/masks\03769.png,-0.022305293008685112
driving_model/sim_data/RGB\03770.png,driving_model/sim_data/masks\03770.png,-0.014404311776161194
driving_model/sim_data/RGB\03771.png,driving_model/sim_data/masks\03771.png,-0.01203104481101036
driving_model/sim_data/RGB\03772.png,driving_model/sim_data/masks\03772.png,-0.01625392585992813
driving_model/sim_data/RGB\03773.png,driving_model/sim_data/masks\03773.png,-0.023715868592262268
driving_model/sim_data/RGB\03774.png,driving_model/sim_data/masks\03774.png,-0.01876651495695114
driving_model/sim_data/RGB\03775.png,driving_model/sim_data/masks\03775.png,-0.025193460285663605
driving_model/sim_data/RGB\03776.png,driving_model/sim_data/masks\03776.png,-0.018831267952919006
driving_model/sim_data/RGB\03777.png,driving_model/sim_data/masks\03777.png,-0.02549348957836628
driving_model/sim_data/RGB\03778.png,driving_model/sim_data/masks\03778.png,-0.019664976745843887
driving_model/sim_data/RGB\03779.png,driving_model/sim_data/masks\03779.png,-0.025399481877684593
driving_model/sim_data/RGB\03780.png,driving_model/sim_data/masks\03780.png,-0.019164981320500374
driving_model/sim_data/RGB\03781.png,driving_model/sim_data/masks\03781.png,-0.01616523042321205
driving_model/sim_data/RGB\03782.png,driving_model/sim_data/masks\03782.png,-0.022089848294854164
driving_model/sim_data/RGB\03783.png,driving_model/sim_data/masks\03783.png,-0.017203884199261665
driving_model/sim_data/RGB\03784.png,driving_model/sim_data/masks\03784.png,-0.0207973625510931
driving_model/sim_data/RGB\03785.png,driving_model/sim_data/masks\03785.png,-0.017458241432905197
driving_model/sim_data/RGB\03786.png,driving_model/sim_data/masks\03786.png,-0.02565666101872921
driving_model/sim_data/RGB\03787.png,driving_model/sim_data/masks\03787.png,-0.014867093414068222
driving_model/sim_data/RGB\03788.png,driving_model/sim_data/masks\03788.png,-0.024426737800240517
driving_model/sim_data/RGB\03789.png,driving_model/sim_data/masks\03789.png,-0.017123034223914146
driving_model/sim_data/RGB\03790.png,driving_model/sim_data/masks\03790.png,-0.022836657240986824
driving_model/sim_data/RGB\03791.png,driving_model/sim_data/masks\03791.png,-0.015396751463413239
driving_model/sim_data/RGB\03792.png,driving_model/sim_data/masks\03792.png,-0.012858130969107151
driving_model/sim_data/RGB\03793.png,driving_model/sim_data/masks\03793.png,-0.02223805896937847
driving_model/sim_data/RGB\03794.png,driving_model/sim_data/masks\03794.png,-0.026925448328256607
driving_model/sim_data/RGB\03795.png,driving_model/sim_data/masks\03795.png,-0.01801278255879879
driving_model/sim_data/RGB\03796.png,driving_model/sim_data/masks\03796.png,-0.014925803989171982
driving_model/sim_data/RGB\03797.png,driving_model/sim_data/masks\03797.png,-0.02346714213490486
driving_model/sim_data/RGB\03798.png,driving_model/sim_data/masks\03798.png,-0.0157597865909338
driving_model/sim_data/RGB\03799.png,driving_model/sim_data/masks\03799.png,-0.02338484674692154
driving_model/sim_data/RGB\03800.png,driving_model/sim_data/masks\03800.png,-0.02824455499649048
driving_model/sim_data/RGB\03801.png,driving_model/sim_data/masks\03801.png,-0.022140994668006897
driving_model/sim_data/RGB\03802.png,driving_model/sim_data/masks\03802.png,-0.015062942169606686
driving_model/sim_data/RGB\03803.png,driving_model/sim_data/masks\03803.png,-0.022530002519488335
driving_model/sim_data/RGB\03804.png,driving_model/sim_data/masks\03804.png,-0.017041325569152832
driving_model/sim_data/RGB\03805.png,driving_model/sim_data/masks\03805.png,-0.016284752637147903
driving_model/sim_data/RGB\03806.png,driving_model/sim_data/masks\03806.png,-0.015172213315963745
driving_model/sim_data/RGB\03807.png,driving_model/sim_data/masks\03807.png,-0.018325375393033028
driving_model/sim_data/RGB\03808.png,driving_model/sim_data/masks\03808.png,-0.02036684937775135
driving_model/sim_data/RGB\03809.png,driving_model/sim_data/masks\03809.png,-0.024205220863223076
driving_model/sim_data/RGB\03810.png,driving_model/sim_data/masks\03810.png,-0.018191253766417503
driving_model/sim_data/RGB\03811.png,driving_model/sim_data/masks\03811.png,-0.014618860557675362
driving_model/sim_data/RGB\03812.png,driving_model/sim_data/masks\03812.png,-0.017127392813563347
driving_model/sim_data/RGB\03813.png,driving_model/sim_data/masks\03813.png,-0.013853191398084164
driving_model/sim_data/RGB\03814.png,driving_model/sim_data/masks\03814.png,-0.022832375019788742
driving_model/sim_data/RGB\03815.png,driving_model/sim_data/masks\03815.png,-0.014213656075298786
driving_model/sim_data/RGB\03816.png,driving_model/sim_data/masks\03816.png,-0.023728832602500916
driving_model/sim_data/RGB\03817.png,driving_model/sim_data/masks\03817.png,-0.0149438651278615
driving_model/sim_data/RGB\03818.png,driving_model/sim_data/masks\03818.png,-0.0242245364934206
driving_model/sim_data/RGB\03819.png,driving_model/sim_data/masks\03819.png,-0.014845258556306362
driving_model/sim_data/RGB\03820.png,driving_model/sim_data/masks\03820.png,-0.023637503385543823
driving_model/sim_data/RGB\03821.png,driving_model/sim_data/masks\03821.png,-0.017842017114162445
driving_model/sim_data/RGB\03822.png,driving_model/sim_data/masks\03822.png,-0.023772582411766052
driving_model/sim_data/RGB\03823.png,driving_model/sim_data/masks\03823.png,-0.018826715648174286
driving_model/sim_data/RGB\03824.png,driving_model/sim_data/masks\03824.png,-0.020249081775546074
driving_model/sim_data/RGB\03825.png,driving_model/sim_data/masks\03825.png,-0.01773364655673504
driving_model/sim_data/RGB\03826.png,driving_model/sim_data/masks\03826.png,-0.024616098031401634
driving_model/sim_data/RGB\03827.png,driving_model/sim_data/masks\03827.png,-0.01354942750185728
driving_model/sim_data/RGB\03828.png,driving_model/sim_data/masks\03828.png,-0.019303418695926666
driving_model/sim_data/RGB\03829.png,driving_model/sim_data/masks\03829.png,-0.012450378388166428
driving_model/sim_data/RGB\03830.png,driving_model/sim_data/masks\03830.png,-0.022001538425683975
driving_model/sim_data/RGB\03831.png,driving_model/sim_data/masks\03831.png,-0.017897555604577065
driving_model/sim_data/RGB\03832.png,driving_model/sim_data/masks\03832.png,-0.021714668720960617
driving_model/sim_data/RGB\03833.png,driving_model/sim_data/masks\03833.png,-0.018636159598827362
driving_model/sim_data/RGB\03834.png,driving_model/sim_data/masks\03834.png,-0.02017241157591343
driving_model/sim_data/RGB\03835.png,driving_model/sim_data/masks\03835.png,-0.01658560149371624
driving_model/sim_data/RGB\03836.png,driving_model/sim_data/masks\03836.png,-0.023204654455184937
driving_model/sim_data/RGB\03837.png,driving_model/sim_data/masks\03837.png,-0.025026021525263786
driving_model/sim_data/RGB\03838.png,driving_model/sim_data/masks\03838.png,-0.01903725229203701
driving_model/sim_data/RGB\03839.png,driving_model/sim_data/masks\03839.png,-0.015277908183634281
driving_model/sim_data/RGB\03840.png,driving_model/sim_data/masks\03840.png,-0.017008066177368164
driving_model/sim_data/RGB\03841.png,driving_model/sim_data/masks\03841.png,-0.013755184598267078
driving_model/sim_data/RGB\03842.png,driving_model/sim_data/masks\03842.png,-0.02167753502726555
driving_model/sim_data/RGB\03843.png,driving_model/sim_data/masks\03843.png,-0.013235113583505154
driving_model/sim_data/RGB\03844.png,driving_model/sim_data/masks\03844.png,-0.022953616455197334
driving_model/sim_data/RGB\03845.png,driving_model/sim_data/masks\03845.png,-0.015164929442107677
driving_model/sim_data/RGB\03846.png,driving_model/sim_data/masks\03846.png,-0.023824073374271393
driving_model/sim_data/RGB\03847.png,driving_model/sim_data/masks\03847.png,-0.027457548305392265
driving_model/sim_data/RGB\03848.png,driving_model/sim_data/masks\03848.png,-0.02118130400776863
driving_model/sim_data/RGB\03849.png,driving_model/sim_data/masks\03849.png,-0.025068163871765137
driving_model/sim_data/RGB\03850.png,driving_model/sim_data/masks\03850.png,-0.017712024971842766
driving_model/sim_data/RGB\03851.png,driving_model/sim_data/masks\03851.png,-0.02287132292985916
driving_model/sim_data/RGB\03852.png,driving_model/sim_data/masks\03852.png,-0.018412983044981956
driving_model/sim_data/RGB\03853.png,driving_model/sim_data/masks\03853.png,-0.014744261279702187
driving_model/sim_data/RGB\03854.png,driving_model/sim_data/masks\03854.png,-0.016508696600794792
driving_model/sim_data/RGB\03855.png,driving_model/sim_data/masks\03855.png,-0.016508696600794792
driving_model/sim_data/RGB\03856.png,driving_model/sim_data/masks\03856.png,-0.021253587678074837
driving_model/sim_data/RGB\03857.png,driving_model/sim_data/masks\03857.png,-0.015183434821665287
driving_model/sim_data/RGB\03858.png,driving_model/sim_data/masks\03858.png,-0.022159187123179436
driving_model/sim_data/RGB\03859.png,driving_model/sim_data/masks\03859.png,-0.018695736303925514
driving_model/sim_data/RGB\03860.png,driving_model/sim_data/masks\03860.png,-0.01566469855606556
driving_model/sim_data/RGB\03861.png,driving_model/sim_data/masks\03861.png,-0.009742505848407745
driving_model/sim_data/RGB\03862.png,driving_model/sim_data/masks\03862.png,-0.003117411397397518
driving_model/sim_data/RGB\03863.png,driving_model/sim_data/masks\03863.png,0.002175993751734495
driving_model/sim_data/RGB\03864.png,driving_model/sim_data/masks\03864.png,0.0031088199466466904
driving_model/sim_data/RGB\03865.png,driving_model/sim_data/masks\03865.png,0.006671162322163582
driving_model/sim_data/RGB\03866.png,driving_model/sim_data/masks\03866.png,0.004742313642054796
driving_model/sim_data/RGB\03867.png,driving_model/sim_data/masks\03867.png,0.005770272575318813
driving_model/sim_data/RGB\03868.png,driving_model/sim_data/masks\03868.png,0.0042002517729997635
driving_model/sim_data/RGB\03869.png,driving_model/sim_data/masks\03869.png,0.002561356872320175
driving_model/sim_data/RGB\03870.png,driving_model/sim_data/masks\03870.png,0.0012182018253952265
driving_model/sim_data/RGB\03871.png,driving_model/sim_data/masks\03871.png,0.00017156271496787667
driving_model/sim_data/RGB\03872.png,driving_model/sim_data/masks\03872.png,0.0
driving_model/sim_data/RGB\03873.png,driving_model/sim_data/masks\03873.png,-0.0014106782618910074
driving_model/sim_data/RGB\03874.png,driving_model/sim_data/masks\03874.png,-0.001105002360418439
driving_model/sim_data/RGB\03875.png,driving_model/sim_data/masks\03875.png,-0.0013206256553530693
driving_model/sim_data/RGB\03876.png,driving_model/sim_data/masks\03876.png,-0.0007647976744920015
driving_model/sim_data/RGB\03877.png,driving_model/sim_data/masks\03877.png,-0.00020301701442804188
driving_model/sim_data/RGB\03878.png,driving_model/sim_data/masks\03878.png,-0.00043534470023587346
driving_model/sim_data/RGB\03879.png,driving_model/sim_data/masks\03879.png,0.00012418437108863145
driving_model/sim_data/RGB\03880.png,driving_model/sim_data/masks\03880.png,0.0
driving_model/sim_data/RGB\03881.png,driving_model/sim_data/masks\03881.png,0.0
driving_model/sim_data/RGB\03882.png,driving_model/sim_data/masks\03882.png,0.0
driving_model/sim_data/RGB\03883.png,driving_model/sim_data/masks\03883.png,-8.781160431681201e-05
driving_model/sim_data/RGB\03884.png,driving_model/sim_data/masks\03884.png,0.0
driving_model/sim_data/RGB\03885.png,driving_model/sim_data/masks\03885.png,0.00022002359037287533
driving_model/sim_data/RGB\03886.png,driving_model/sim_data/masks\03886.png,0.00022002359037287533
driving_model/sim_data/RGB\03887.png,driving_model/sim_data/masks\03887.png,0.00022002359037287533
driving_model/sim_data/RGB\03888.png,driving_model/sim_data/masks\03888.png,-8.781160431681201e-05
driving_model/sim_data/RGB\03889.png,driving_model/sim_data/masks\03889.png,0.0
driving_model/sim_data/RGB\03890.png,driving_model/sim_data/masks\03890.png,0.0
driving_model/sim_data/RGB\03891.png,driving_model/sim_data/masks\03891.png,0.0
driving_model/sim_data/RGB\03892.png,driving_model/sim_data/masks\03892.png,0.0
driving_model/sim_data/RGB\03893.png,driving_model/sim_data/masks\03893.png,0.0003078351728618145
driving_model/sim_data/RGB\03894.png,driving_model/sim_data/masks\03894.png,0.0
driving_model/sim_data/RGB\03895.png,driving_model/sim_data/masks\03895.png,0.0
driving_model/sim_data/RGB\03896.png,driving_model/sim_data/masks\03896.png,0.0
driving_model/sim_data/RGB\03897.png,driving_model/sim_data/masks\03897.png,0.0
driving_model/sim_data/RGB\03898.png,driving_model/sim_data/masks\03898.png,-0.0003078351728618145
driving_model/sim_data/RGB\03899.png,driving_model/sim_data/masks\03899.png,0.0
driving_model/sim_data/RGB\03900.png,driving_model/sim_data/masks\03900.png,0.0
driving_model/sim_data/RGB\03901.png,driving_model/sim_data/masks\03901.png,0.0
driving_model/sim_data/RGB\03902.png,driving_model/sim_data/masks\03902.png,0.0
driving_model/sim_data/RGB\03903.png,driving_model/sim_data/masks\03903.png,-0.0003078351728618145
driving_model/sim_data/RGB\03904.png,driving_model/sim_data/masks\03904.png,8.781160431681201e-05
driving_model/sim_data/RGB\03905.png,driving_model/sim_data/masks\03905.png,0.0
driving_model/sim_data/RGB\03906.png,driving_model/sim_data/masks\03906.png,0.0
driving_model/sim_data/RGB\03907.png,driving_model/sim_data/masks\03907.png,0.0
driving_model/sim_data/RGB\03908.png,driving_model/sim_data/masks\03908.png,0.0
driving_model/sim_data/RGB\03909.png,driving_model/sim_data/masks\03909.png,0.0
driving_model/sim_data/RGB\03910.png,driving_model/sim_data/masks\03910.png,8.781160431681201e-05
driving_model/sim_data/RGB\03911.png,driving_model/sim_data/masks\03911.png,8.781160431681201e-05
driving_model/sim_data/RGB\03912.png,driving_model/sim_data/masks\03912.png,0.0
driving_model/sim_data/RGB\03913.png,driving_model/sim_data/masks\03913.png,0.0
driving_model/sim_data/RGB\03914.png,driving_model/sim_data/masks\03914.png,0.0003078351728618145
driving_model/sim_data/RGB\03915.png,driving_model/sim_data/masks\03915.png,-8.781160431681201e-05
driving_model/sim_data/RGB\03916.png,driving_model/sim_data/masks\03916.png,0.0
driving_model/sim_data/RGB\03917.png,driving_model/sim_data/masks\03917.png,0.0
driving_model/sim_data/RGB\03918.png,driving_model/sim_data/masks\03918.png,0.0
driving_model/sim_data/RGB\03919.png,driving_model/sim_data/masks\03919.png,0.0
driving_model/sim_data/RGB\03920.png,driving_model/sim_data/masks\03920.png,0.0003078351728618145
driving_model/sim_data/RGB\03921.png,driving_model/sim_data/masks\03921.png,0.00022002359037287533
driving_model/sim_data/RGB\03922.png,driving_model/sim_data/masks\03922.png,-8.781160431681201e-05
driving_model/sim_data/RGB\03923.png,driving_model/sim_data/masks\03923.png,0.0
driving_model/sim_data/RGB\03924.png,driving_model/sim_data/masks\03924.png,0.0
driving_model/sim_data/RGB\03925.png,driving_model/sim_data/masks\03925.png,0.0
driving_model/sim_data/RGB\03926.png,driving_model/sim_data/masks\03926.png,8.781160431681201e-05
driving_model/sim_data/RGB\03927.png,driving_model/sim_data/masks\03927.png,0.0
driving_model/sim_data/RGB\03928.png,driving_model/sim_data/masks\03928.png,0.0
driving_model/sim_data/RGB\03929.png,driving_model/sim_data/masks\03929.png,0.0
driving_model/sim_data/RGB\03930.png,driving_model/sim_data/masks\03930.png,0.0
driving_model/sim_data/RGB\03931.png,driving_model/sim_data/masks\03931.png,0.0
driving_model/sim_data/RGB\03932.png,driving_model/sim_data/masks\03932.png,0.0
driving_model/sim_data/RGB\03933.png,driving_model/sim_data/masks\03933.png,-0.0003078351728618145
driving_model/sim_data/RGB\03934.png,driving_model/sim_data/masks\03934.png,8.781160431681201e-05
driving_model/sim_data/RGB\03935.png,driving_model/sim_data/masks\03935.png,0.0
driving_model/sim_data/RGB\03936.png,driving_model/sim_data/masks\03936.png,-0.0003078351728618145
driving_model/sim_data/RGB\03937.png,driving_model/sim_data/masks\03937.png,0.0
driving_model/sim_data/RGB\03938.png,driving_model/sim_data/masks\03938.png,0.0
driving_model/sim_data/RGB\03939.png,driving_model/sim_data/masks\03939.png,0.0
driving_model/sim_data/RGB\03940.png,driving_model/sim_data/masks\03940.png,0.0
driving_model/sim_data/RGB\03941.png,driving_model/sim_data/masks\03941.png,-8.781160431681201e-05
driving_model/sim_data/RGB\03942.png,driving_model/sim_data/masks\03942.png,0.0003078351728618145
driving_model/sim_data/RGB\03943.png,driving_model/sim_data/masks\03943.png,-8.781160431681201e-05
driving_model/sim_data/RGB\03944.png,driving_model/sim_data/masks\03944.png,0.0
driving_model/sim_data/RGB\03945.png,driving_model/sim_data/masks\03945.png,0.0
driving_model/sim_data/RGB\03946.png,driving_model/sim_data/masks\03946.png,0.0
driving_model/sim_data/RGB\03947.png,driving_model/sim_data/masks\03947.png,0.0
driving_model/sim_data/RGB\03948.png,driving_model/sim_data/masks\03948.png,0.0
driving_model/sim_data/RGB\03949.png,driving_model/sim_data/masks\03949.png,0.0
driving_model/sim_data/RGB\03950.png,driving_model/sim_data/masks\03950.png,-0.00031116034369915724
driving_model/sim_data/RGB\03951.png,driving_model/sim_data/masks\03951.png,-0.00033683350193314254
driving_model/sim_data/RGB\03952.png,driving_model/sim_data/masks\03952.png,-0.00038109204615466297
driving_model/sim_data/RGB\03953.png,driving_model/sim_data/masks\03953.png,0.00015209417324513197
driving_model/sim_data/RGB\03954.png,driving_model/sim_data/masks\03954.png,0.0
driving_model/sim_data/RGB\03955.png,driving_model/sim_data/masks\03955.png,0.0
driving_model/sim_data/RGB\03956.png,driving_model/sim_data/masks\03956.png,-0.0003078351728618145
driving_model/sim_data/RGB\03957.png,driving_model/sim_data/masks\03957.png,-0.0003475331177469343
driving_model/sim_data/RGB\03958.png,driving_model/sim_data/masks\03958.png,-0.0003078351728618145
driving_model/sim_data/RGB\03959.png,driving_model/sim_data/masks\03959.png,0.0
driving_model/sim_data/RGB\03960.png,driving_model/sim_data/masks\03960.png,0.0
driving_model/sim_data/RGB\03961.png,driving_model/sim_data/masks\03961.png,0.0003078351728618145
driving_model/sim_data/RGB\03962.png,driving_model/sim_data/masks\03962.png,0.0003078351728618145
driving_model/sim_data/RGB\03963.png,driving_model/sim_data/masks\03963.png,-8.781160431681201e-05
driving_model/sim_data/RGB\03964.png,driving_model/sim_data/masks\03964.png,-8.781160431681201e-05
driving_model/sim_data/RGB\03965.png,driving_model/sim_data/masks\03965.png,0.0
driving_model/sim_data/RGB\03966.png,driving_model/sim_data/masks\03966.png,0.0
driving_model/sim_data/RGB\03967.png,driving_model/sim_data/masks\03967.png,0.0
driving_model/sim_data/RGB\03968.png,driving_model/sim_data/masks\03968.png,0.0
driving_model/sim_data/RGB\03969.png,driving_model/sim_data/masks\03969.png,0.00043534470023587346
driving_model/sim_data/RGB\03970.png,driving_model/sim_data/masks\03970.png,0.0003078351728618145
driving_model/sim_data/RGB\03971.png,driving_model/sim_data/masks\03971.png,0.00022002359037287533
driving_model/sim_data/RGB\03972.png,driving_model/sim_data/masks\03972.png,0.0
driving_model/sim_data/RGB\03973.png,driving_model/sim_data/masks\03973.png,0.0
driving_model/sim_data/RGB\03974.png,driving_model/sim_data/masks\03974.png,-0.0003078351728618145
driving_model/sim_data/RGB\03975.png,driving_model/sim_data/masks\03975.png,0.00012418437108863145
driving_model/sim_data/RGB\03976.png,driving_model/sim_data/masks\03976.png,0.0
driving_model/sim_data/RGB\03977.png,driving_model/sim_data/masks\03977.png,0.0
driving_model/sim_data/RGB\03978.png,driving_model/sim_data/masks\03978.png,8.781160431681201e-05
driving_model/sim_data/RGB\03979.png,driving_model/sim_data/masks\03979.png,0.0
driving_model/sim_data/RGB\03980.png,driving_model/sim_data/masks\03980.png,0.0
driving_model/sim_data/RGB\03981.png,driving_model/sim_data/masks\03981.png,0.0
driving_model/sim_data/RGB\03982.png,driving_model/sim_data/masks\03982.png,-0.00043534470023587346
driving_model/sim_data/RGB\03983.png,driving_model/sim_data/masks\03983.png,0.00012418437108863145
driving_model/sim_data/RGB\03984.png,driving_model/sim_data/masks\03984.png,0.0
driving_model/sim_data/RGB\03985.png,driving_model/sim_data/masks\03985.png,0.0
driving_model/sim_data/RGB\03986.png,driving_model/sim_data/masks\03986.png,0.0
driving_model/sim_data/RGB\03987.png,driving_model/sim_data/masks\03987.png,0.0
driving_model/sim_data/RGB\03988.png,driving_model/sim_data/masks\03988.png,0.0
driving_model/sim_data/RGB\03989.png,driving_model/sim_data/masks\03989.png,0.0
driving_model/sim_data/RGB\03990.png,driving_model/sim_data/masks\03990.png,0.0
driving_model/sim_data/RGB\03991.png,driving_model/sim_data/masks\03991.png,0.0003078351728618145
driving_model/sim_data/RGB\03992.png,driving_model/sim_data/masks\03992.png,0.0
driving_model/sim_data/RGB\03993.png,driving_model/sim_data/masks\03993.png,0.0
driving_model/sim_data/RGB\03994.png,driving_model/sim_data/masks\03994.png,-8.781160431681201e-05
driving_model/sim_data/RGB\03995.png,driving_model/sim_data/masks\03995.png,0.0
driving_model/sim_data/RGB\03996.png,driving_model/sim_data/masks\03996.png,-0.00012418437108863145
driving_model/sim_data/RGB\03997.png,driving_model/sim_data/masks\03997.png,0.0
driving_model/sim_data/RGB\03998.png,driving_model/sim_data/masks\03998.png,0.0
driving_model/sim_data/RGB\03999.png,driving_model/sim_data/masks\03999.png,0.0
driving_model/sim_data/RGB\04000.png,driving_model/sim_data/masks\04000.png,0.0
driving_model/sim_data/RGB\04001.png,driving_model/sim_data/masks\04001.png,0.0
driving_model/sim_data/RGB\04002.png,driving_model/sim_data/masks\04002.png,0.0
driving_model/sim_data/RGB\04003.png,driving_model/sim_data/masks\04003.png,0.0
driving_model/sim_data/RGB\04004.png,driving_model/sim_data/masks\04004.png,0.0
driving_model/sim_data/RGB\04005.png,driving_model/sim_data/masks\04005.png,-0.0003475331177469343
driving_model/sim_data/RGB\04006.png,driving_model/sim_data/masks\04006.png,-0.00022002359037287533
driving_model/sim_data/RGB\04007.png,driving_model/sim_data/masks\04007.png,8.781160431681201e-05
driving_model/sim_data/RGB\04008.png,driving_model/sim_data/masks\04008.png,0.00012418437108863145
driving_model/sim_data/RGB\04009.png,driving_model/sim_data/masks\04009.png,8.781160431681201e-05
driving_model/sim_data/RGB\04010.png,driving_model/sim_data/masks\04010.png,0.0003078351728618145
driving_model/sim_data/RGB\04011.png,driving_model/sim_data/masks\04011.png,0.00022002359037287533
driving_model/sim_data/RGB\04012.png,driving_model/sim_data/masks\04012.png,-8.781160431681201e-05
driving_model/sim_data/RGB\04013.png,driving_model/sim_data/masks\04013.png,0.0
driving_model/sim_data/RGB\04014.png,driving_model/sim_data/masks\04014.png,0.00043534470023587346
driving_model/sim_data/RGB\04015.png,driving_model/sim_data/masks\04015.png,0.00022002359037287533
driving_model/sim_data/RGB\04016.png,driving_model/sim_data/masks\04016.png,0.0003078351728618145
driving_model/sim_data/RGB\04017.png,driving_model/sim_data/masks\04017.png,-8.781160431681201e-05
driving_model/sim_data/RGB\04018.png,driving_model/sim_data/masks\04018.png,0.0
driving_model/sim_data/RGB\04019.png,driving_model/sim_data/masks\04019.png,-0.0003078351728618145
driving_model/sim_data/RGB\04020.png,driving_model/sim_data/masks\04020.png,0.0
driving_model/sim_data/RGB\04021.png,driving_model/sim_data/masks\04021.png,0.0
driving_model/sim_data/RGB\04022.png,driving_model/sim_data/masks\04022.png,0.00423203781247139
driving_model/sim_data/RGB\04023.png,driving_model/sim_data/masks\04023.png,0.003785043256357312
driving_model/sim_data/RGB\04024.png,driving_model/sim_data/masks\04024.png,0.011588368564844131
driving_model/sim_data/RGB\04025.png,driving_model/sim_data/masks\04025.png,0.021840432658791542
driving_model/sim_data/RGB\04026.png,driving_model/sim_data/masks\04026.png,0.016606802120804787
driving_model/sim_data/RGB\04027.png,driving_model/sim_data/masks\04027.png,0.026439331471920013
driving_model/sim_data/RGB\04028.png,driving_model/sim_data/masks\04028.png,0.019247254356741905
driving_model/sim_data/RGB\04029.png,driving_model/sim_data/masks\04029.png,0.027046995237469673
driving_model/sim_data/RGB\04030.png,driving_model/sim_data/masks\04030.png,0.01936539262533188
driving_model/sim_data/RGB\04031.png,driving_model/sim_data/masks\04031.png,0.02276613563299179
driving_model/sim_data/RGB\04032.png,driving_model/sim_data/masks\04032.png,0.018515871837735176
driving_model/sim_data/RGB\04033.png,driving_model/sim_data/masks\04033.png,0.021863732486963272
driving_model/sim_data/RGB\04034.png,driving_model/sim_data/masks\04034.png,0.015891183167696
driving_model/sim_data/RGB\04035.png,driving_model/sim_data/masks\04035.png,0.01614845171570778
driving_model/sim_data/RGB\04036.png,driving_model/sim_data/masks\04036.png,0.015192949213087559
driving_model/sim_data/RGB\04037.png,driving_model/sim_data/masks\04037.png,0.016319407150149345
driving_model/sim_data/RGB\04038.png,driving_model/sim_data/masks\04038.png,0.01881234720349312
driving_model/sim_data/RGB\04039.png,driving_model/sim_data/masks\04039.png,0.016080742701888084
driving_model/sim_data/RGB\04040.png,driving_model/sim_data/masks\04040.png,0.019930286332964897
driving_model/sim_data/RGB\04041.png,driving_model/sim_data/masks\04041.png,0.014237938448786736
driving_model/sim_data/RGB\04042.png,driving_model/sim_data/masks\04042.png,0.020211664959788322
driving_model/sim_data/RGB\04043.png,driving_model/sim_data/masks\04043.png,0.015088488347828388
driving_model/sim_data/RGB\04044.png,driving_model/sim_data/masks\04044.png,0.018981391564011574
driving_model/sim_data/RGB\04045.png,driving_model/sim_data/masks\04045.png,0.02253378927707672
driving_model/sim_data/RGB\04046.png,driving_model/sim_data/masks\04046.png,0.01483155507594347
driving_model/sim_data/RGB\04047.png,driving_model/sim_data/masks\04047.png,0.012325780466198921
driving_model/sim_data/RGB\04048.png,driving_model/sim_data/masks\04048.png,0.014843570999801159
driving_model/sim_data/RGB\04049.png,driving_model/sim_data/masks\04049.png,0.012892997823655605
driving_model/sim_data/RGB\04050.png,driving_model/sim_data/masks\04050.png,0.01603475958108902
driving_model/sim_data/RGB\04051.png,driving_model/sim_data/masks\04051.png,0.012750749476253986
driving_model/sim_data/RGB\04052.png,driving_model/sim_data/masks\04052.png,0.019873393699526787
driving_model/sim_data/RGB\04053.png,driving_model/sim_data/masks\04053.png,0.014524530619382858
driving_model/sim_data/RGB\04054.png,driving_model/sim_data/masks\04054.png,0.021994994953274727
driving_model/sim_data/RGB\04055.png,driving_model/sim_data/masks\04055.png,0.01651398278772831
driving_model/sim_data/RGB\04056.png,driving_model/sim_data/masks\04056.png,0.018878869712352753
driving_model/sim_data/RGB\04057.png,driving_model/sim_data/masks\04057.png,0.02244943380355835
driving_model/sim_data/RGB\04058.png,driving_model/sim_data/masks\04058.png,0.01540197990834713
driving_model/sim_data/RGB\04059.png,driving_model/sim_data/masks\04059.png,0.02033078484237194
driving_model/sim_data/RGB\04060.png,driving_model/sim_data/masks\04060.png,0.014626899734139442
driving_model/sim_data/RGB\04061.png,driving_model/sim_data/masks\04061.png,0.015587201341986656
driving_model/sim_data/RGB\04062.png,driving_model/sim_data/masks\04062.png,0.014297849498689175
driving_model/sim_data/RGB\04063.png,driving_model/sim_data/masks\04063.png,0.016480378806591034
driving_model/sim_data/RGB\04064.png,driving_model/sim_data/masks\04064.png,0.020354928448796272
driving_model/sim_data/RGB\04065.png,driving_model/sim_data/masks\04065.png,0.01648165099322796
driving_model/sim_data/RGB\04066.png,driving_model/sim_data/masks\04066.png,0.01296299695968628
driving_model/sim_data/RGB\04067.png,driving_model/sim_data/masks\04067.png,0.01571454107761383
driving_model/sim_data/RGB\04068.png,driving_model/sim_data/masks\04068.png,0.021957315504550934
driving_model/sim_data/RGB\04069.png,driving_model/sim_data/masks\04069.png,0.01623815856873989
driving_model/sim_data/RGB\04070.png,driving_model/sim_data/masks\04070.png,0.018225325271487236
driving_model/sim_data/RGB\04071.png,driving_model/sim_data/masks\04071.png,0.015841199085116386
driving_model/sim_data/RGB\04072.png,driving_model/sim_data/masks\04072.png,0.019488658756017685
driving_model/sim_data/RGB\04073.png,driving_model/sim_data/masks\04073.png,0.014184538275003433
driving_model/sim_data/RGB\04074.png,driving_model/sim_data/masks\04074.png,0.016222471371293068
driving_model/sim_data/RGB\04075.png,driving_model/sim_data/masks\04075.png,0.021038461476564407
driving_model/sim_data/RGB\04076.png,driving_model/sim_data/masks\04076.png,0.017496025189757347
driving_model/sim_data/RGB\04077.png,driving_model/sim_data/masks\04077.png,0.021297583356499672
driving_model/sim_data/RGB\04078.png,driving_model/sim_data/masks\04078.png,0.017311718314886093
driving_model/sim_data/RGB\04079.png,driving_model/sim_data/masks\04079.png,0.021135108545422554
driving_model/sim_data/RGB\04080.png,driving_model/sim_data/masks\04080.png,0.01544996164739132
driving_model/sim_data/RGB\04081.png,driving_model/sim_data/masks\04081.png,0.017169155180454254
driving_model/sim_data/RGB\04082.png,driving_model/sim_data/masks\04082.png,0.014615189284086227
driving_model/sim_data/RGB\04083.png,driving_model/sim_data/masks\04083.png,0.020370444282889366
driving_model/sim_data/RGB\04084.png,driving_model/sim_data/masks\04084.png,0.020174559205770493
driving_model/sim_data/RGB\04085.png,driving_model/sim_data/masks\04085.png,0.012440481223165989
driving_model/sim_data/RGB\04086.png,driving_model/sim_data/masks\04086.png,0.01954679936170578
driving_model/sim_data/RGB\04087.png,driving_model/sim_data/masks\04087.png,0.01379011757671833
driving_model/sim_data/RGB\04088.png,driving_model/sim_data/masks\04088.png,0.020171040669083595
driving_model/sim_data/RGB\04089.png,driving_model/sim_data/masks\04089.png,0.02085736021399498
driving_model/sim_data/RGB\04090.png,driving_model/sim_data/masks\04090.png,0.01680665649473667
driving_model/sim_data/RGB\04091.png,driving_model/sim_data/masks\04091.png,0.0212024487555027
driving_model/sim_data/RGB\04092.png,driving_model/sim_data/masks\04092.png,0.01520618237555027
driving_model/sim_data/RGB\04093.png,driving_model/sim_data/masks\04093.png,0.021386845037341118
driving_model/sim_data/RGB\04094.png,driving_model/sim_data/masks\04094.png,0.01493149809539318
driving_model/sim_data/RGB\04095.png,driving_model/sim_data/masks\04095.png,0.01692744344472885
driving_model/sim_data/RGB\04096.png,driving_model/sim_data/masks\04096.png,0.01301257498562336
driving_model/sim_data/RGB\04097.png,driving_model/sim_data/masks\04097.png,0.019064459949731827
driving_model/sim_data/RGB\04098.png,driving_model/sim_data/masks\04098.png,0.022211069241166115
driving_model/sim_data/RGB\04099.png,driving_model/sim_data/masks\04099.png,0.01638825610280037
driving_model/sim_data/RGB\04100.png,driving_model/sim_data/masks\04100.png,0.020291175693273544
driving_model/sim_data/RGB\04101.png,driving_model/sim_data/masks\04101.png,0.01649317890405655
driving_model/sim_data/RGB\04102.png,driving_model/sim_data/masks\04102.png,0.020801017060875893
driving_model/sim_data/RGB\04103.png,driving_model/sim_data/masks\04103.png,0.01548206340521574
driving_model/sim_data/RGB\04104.png,driving_model/sim_data/masks\04104.png,0.01721302978694439
driving_model/sim_data/RGB\04105.png,driving_model/sim_data/masks\04105.png,0.015456357039511204
driving_model/sim_data/RGB\04106.png,driving_model/sim_data/masks\04106.png,0.016659844666719437
driving_model/sim_data/RGB\04107.png,driving_model/sim_data/masks\04107.png,0.020698625594377518
driving_model/sim_data/RGB\04108.png,driving_model/sim_data/masks\04108.png,0.016872569918632507
driving_model/sim_data/RGB\04109.png,driving_model/sim_data/masks\04109.png,0.020352471619844437
driving_model/sim_data/RGB\04110.png,driving_model/sim_data/masks\04110.png,0.014737254939973354
driving_model/sim_data/RGB\04111.png,driving_model/sim_data/masks\04111.png,0.019770164042711258
driving_model/sim_data/RGB\04112.png,driving_model/sim_data/masks\04112.png,0.014818641357123852
driving_model/sim_data/RGB\04113.png,driving_model/sim_data/masks\04113.png,0.01634925603866577
driving_model/sim_data/RGB\04114.png,driving_model/sim_data/masks\04114.png,0.01506955549120903
driving_model/sim_data/RGB\04115.png,driving_model/sim_data/masks\04115.png,0.01666104979813099
driving_model/sim_data/RGB\04116.png,driving_model/sim_data/masks\04116.png,0.020660875365138054
driving_model/sim_data/RGB\04117.png,driving_model/sim_data/masks\04117.png,0.01675848849117756
driving_model/sim_data/RGB\04118.png,driving_model/sim_data/masks\04118.png,0.020911002531647682
driving_model/sim_data/RGB\04119.png,driving_model/sim_data/masks\04119.png,0.014816472306847572
driving_model/sim_data/RGB\04120.png,driving_model/sim_data/masks\04120.png,0.02062460593879223
driving_model/sim_data/RGB\04121.png,driving_model/sim_data/masks\04121.png,0.014602460898458958
driving_model/sim_data/RGB\04122.png,driving_model/sim_data/masks\04122.png,0.017415804788470268
driving_model/sim_data/RGB\04123.png,driving_model/sim_data/masks\04123.png,0.021483153104782104
driving_model/sim_data/RGB\04124.png,driving_model/sim_data/masks\04124.png,0.014963428489863873
driving_model/sim_data/RGB\04125.png,driving_model/sim_data/masks\04125.png,0.0193935614079237
driving_model/sim_data/RGB\04126.png,driving_model/sim_data/masks\04126.png,0.013977664522826672
driving_model/sim_data/RGB\04127.png,driving_model/sim_data/masks\04127.png,0.016820717602968216
driving_model/sim_data/RGB\04128.png,driving_model/sim_data/masks\04128.png,0.021408632397651672
driving_model/sim_data/RGB\04129.png,driving_model/sim_data/masks\04129.png,0.01750844344496727
driving_model/sim_data/RGB\04130.png,driving_model/sim_data/masks\04130.png,0.02179970219731331
driving_model/sim_data/RGB\04131.png,driving_model/sim_data/masks\04131.png,0.014634545892477036
driving_model/sim_data/RGB\04132.png,driving_model/sim_data/masks\04132.png,0.02149537205696106
driving_model/sim_data/RGB\04133.png,driving_model/sim_data/masks\04133.png,0.014891738072037697
driving_model/sim_data/RGB\04134.png,driving_model/sim_data/masks\04134.png,0.01605214737355709
driving_model/sim_data/RGB\04135.png,driving_model/sim_data/masks\04135.png,0.011719160713255405
driving_model/sim_data/RGB\04136.png,driving_model/sim_data/masks\04136.png,0.00687316944822669
driving_model/sim_data/RGB\04137.png,driving_model/sim_data/masks\04137.png,0.005738448817282915
driving_model/sim_data/RGB\04138.png,driving_model/sim_data/masks\04138.png,-0.0003219015197828412
driving_model/sim_data/RGB\04139.png,driving_model/sim_data/masks\04139.png,-0.004133015871047974
driving_model/sim_data/RGB\04140.png,driving_model/sim_data/masks\04140.png,-0.0034256852231919765
driving_model/sim_data/RGB\04141.png,driving_model/sim_data/masks\04141.png,-0.005032356362789869
driving_model/sim_data/RGB\04142.png,driving_model/sim_data/masks\04142.png,-0.0032415855675935745
driving_model/sim_data/RGB\04143.png,driving_model/sim_data/masks\04143.png,-0.0038663295563310385
driving_model/sim_data/RGB\04144.png,driving_model/sim_data/masks\04144.png,-0.0024403908755630255
driving_model/sim_data/RGB\04145.png,driving_model/sim_data/masks\04145.png,-0.0011957308743149042
driving_model/sim_data/RGB\04146.png,driving_model/sim_data/masks\04146.png,-0.0006544995121657848
driving_model/sim_data/RGB\04147.png,driving_model/sim_data/masks\04147.png,0.0
driving_model/sim_data/RGB\04148.png,driving_model/sim_data/masks\04148.png,0.0009734603809192777
driving_model/sim_data/RGB\04149.png,driving_model/sim_data/masks\04149.png,0.0007497631595470011
driving_model/sim_data/RGB\04150.png,driving_model/sim_data/masks\04150.png,0.0007167855510488153
driving_model/sim_data/RGB\04151.png,driving_model/sim_data/masks\04151.png,0.0007813547272235155
driving_model/sim_data/RGB\04152.png,driving_model/sim_data/masks\04152.png,0.0005821277154609561
driving_model/sim_data/RGB\04153.png,driving_model/sim_data/masks\04153.png,0.0003575629962142557
driving_model/sim_data/RGB\04154.png,driving_model/sim_data/masks\04154.png,0.0002832505269907415
driving_model/sim_data/RGB\04155.png,driving_model/sim_data/masks\04155.png,0.00022002359037287533
driving_model/sim_data/RGB\04156.png,driving_model/sim_data/masks\04156.png,0.0
driving_model/sim_data/RGB\04157.png,driving_model/sim_data/masks\04157.png,8.781160431681201e-05
driving_model/sim_data/RGB\04158.png,driving_model/sim_data/masks\04158.png,-0.0001836508308770135
driving_model/sim_data/RGB\04159.png,driving_model/sim_data/masks\04159.png,8.781160431681201e-05
driving_model/sim_data/RGB\04160.png,driving_model/sim_data/masks\04160.png,0.0
driving_model/sim_data/RGB\04161.png,driving_model/sim_data/masks\04161.png,-0.0003078351728618145
driving_model/sim_data/RGB\04162.png,driving_model/sim_data/masks\04162.png,-0.0003475331177469343
driving_model/sim_data/RGB\04163.png,driving_model/sim_data/masks\04163.png,0.0
driving_model/sim_data/RGB\04164.png,driving_model/sim_data/masks\04164.png,0.0
driving_model/sim_data/RGB\04165.png,driving_model/sim_data/masks\04165.png,-0.0003475331177469343
driving_model/sim_data/RGB\04166.png,driving_model/sim_data/masks\04166.png,0.0
driving_model/sim_data/RGB\04167.png,driving_model/sim_data/masks\04167.png,0.0
driving_model/sim_data/RGB\04168.png,driving_model/sim_data/masks\04168.png,0.0
driving_model/sim_data/RGB\04169.png,driving_model/sim_data/masks\04169.png,0.0
driving_model/sim_data/RGB\04170.png,driving_model/sim_data/masks\04170.png,0.0
driving_model/sim_data/RGB\04171.png,driving_model/sim_data/masks\04171.png,0.0
driving_model/sim_data/RGB\04172.png,driving_model/sim_data/masks\04172.png,0.0
driving_model/sim_data/RGB\04173.png,driving_model/sim_data/masks\04173.png,0.0
driving_model/sim_data/RGB\04174.png,driving_model/sim_data/masks\04174.png,0.0003078351728618145
driving_model/sim_data/RGB\04175.png,driving_model/sim_data/masks\04175.png,0.0
driving_model/sim_data/RGB\04176.png,driving_model/sim_data/masks\04176.png,0.00022002359037287533
driving_model/sim_data/RGB\04177.png,driving_model/sim_data/masks\04177.png,-8.781160431681201e-05
driving_model/sim_data/RGB\04178.png,driving_model/sim_data/masks\04178.png,0.0012313408078625798
driving_model/sim_data/RGB\04179.png,driving_model/sim_data/masks\04179.png,0.0010179728269577026
driving_model/sim_data/RGB\04180.png,driving_model/sim_data/masks\04180.png,0.007377862464636564
driving_model/sim_data/RGB\04181.png,driving_model/sim_data/masks\04181.png,0.006627318914979696
driving_model/sim_data/RGB\04182.png,driving_model/sim_data/masks\04182.png,0.018941828981041908
driving_model/sim_data/RGB\04183.png,driving_model/sim_data/masks\04183.png,0.014940948225557804
driving_model/sim_data/RGB\04184.png,driving_model/sim_data/masks\04184.png,0.022653283551335335
driving_model/sim_data/RGB\04185.png,driving_model/sim_data/masks\04185.png,0.030672352761030197
driving_model/sim_data/RGB\04186.png,driving_model/sim_data/masks\04186.png,0.022890230640769005
driving_model/sim_data/RGB\04187.png,driving_model/sim_data/masks\04187.png,0.02447827160358429
driving_model/sim_data/RGB\04188.png,driving_model/sim_data/masks\04188.png,0.027214260771870613
driving_model/sim_data/RGB\04189.png,driving_model/sim_data/masks\04189.png,0.01884309947490692
driving_model/sim_data/RGB\04190.png,driving_model/sim_data/masks\04190.png,0.01919705979526043
driving_model/sim_data/RGB\04191.png,driving_model/sim_data/masks\04191.png,0.016564685851335526
driving_model/sim_data/RGB\04192.png,driving_model/sim_data/masks\04192.png,0.01758408173918724
driving_model/sim_data/RGB\04193.png,driving_model/sim_data/masks\04193.png,0.01541826780885458
driving_model/sim_data/RGB\04194.png,driving_model/sim_data/masks\04194.png,0.019643718376755714
driving_model/sim_data/RGB\04195.png,driving_model/sim_data/masks\04195.png,0.014667920768260956
driving_model/sim_data/RGB\04196.png,driving_model/sim_data/masks\04196.png,0.0179451871663332
driving_model/sim_data/RGB\04197.png,driving_model/sim_data/masks\04197.png,0.016334321349859238
driving_model/sim_data/RGB\04198.png,driving_model/sim_data/masks\04198.png,0.018391655758023262
driving_model/sim_data/RGB\04199.png,driving_model/sim_data/masks\04199.png,0.02393731102347374
driving_model/sim_data/RGB\04200.png,driving_model/sim_data/masks\04200.png,0.01968281716108322
driving_model/sim_data/RGB\04201.png,driving_model/sim_data/masks\04201.png,0.02308960258960724
driving_model/sim_data/RGB\04202.png,driving_model/sim_data/masks\04202.png,0.01732495240867138
driving_model/sim_data/RGB\04203.png,driving_model/sim_data/masks\04203.png,0.019039040431380272
driving_model/sim_data/RGB\04204.png,driving_model/sim_data/masks\04204.png,0.016955813392996788
driving_model/sim_data/RGB\04205.png,driving_model/sim_data/masks\04205.png,0.11487118899822235
driving_model/sim_data/RGB\04206.png,driving_model/sim_data/masks\04206.png,0.07744233310222626
driving_model/sim_data/RGB\04207.png,driving_model/sim_data/masks\04207.png,0.03565600514411926
driving_model/sim_data/RGB\04208.png,driving_model/sim_data/masks\04208.png,0.07349906861782074
driving_model/sim_data/RGB\04209.png,driving_model/sim_data/masks\04209.png,0.03835983946919441
driving_model/sim_data/RGB\04210.png,driving_model/sim_data/masks\04210.png,0.005124591290950775
driving_model/sim_data/RGB\04211.png,driving_model/sim_data/masks\04211.png,0.06186038628220558
driving_model/sim_data/RGB\04212.png,driving_model/sim_data/masks\04212.png,0.04438244178891182
driving_model/sim_data/RGB\04213.png,driving_model/sim_data/masks\04213.png,0.02241162396967411
driving_model/sim_data/RGB\04214.png,driving_model/sim_data/masks\04214.png,0.08218248933553696
driving_model/sim_data/RGB\04215.png,driving_model/sim_data/masks\04215.png,0.08218248933553696
driving_model/sim_data/RGB\04216.png,driving_model/sim_data/masks\04216.png,0.05579366534948349
driving_model/sim_data/RGB\04217.png,driving_model/sim_data/masks\04217.png,0.020620428025722504
driving_model/sim_data/RGB\04218.png,driving_model/sim_data/masks\04218.png,0.07496868818998337
driving_model/sim_data/RGB\04219.png,driving_model/sim_data/masks\04219.png,0.04021979123353958
driving_model/sim_data/RGB\04220.png,driving_model/sim_data/masks\04220.png,0.00926410686224699
driving_model/sim_data/RGB\04221.png,driving_model/sim_data/masks\04221.png,-0.002186145167797804
driving_model/sim_data/RGB\04222.png,driving_model/sim_data/masks\04222.png,0.09079433977603912
driving_model/sim_data/RGB\04223.png,driving_model/sim_data/masks\04223.png,0.09079433977603912
driving_model/sim_data/RGB\04224.png,driving_model/sim_data/masks\04224.png,0.0734073743224144
driving_model/sim_data/RGB\04225.png,driving_model/sim_data/masks\04225.png,0.02463502250611782
driving_model/sim_data/RGB\04226.png,driving_model/sim_data/masks\04226.png,0.08551014959812164
driving_model/sim_data/RGB\04227.png,driving_model/sim_data/masks\04227.png,0.06291470676660538
driving_model/sim_data/RGB\04228.png,driving_model/sim_data/masks\04228.png,0.06291470676660538
driving_model/sim_data/RGB\04229.png,driving_model/sim_data/masks\04229.png,0.03373557701706886
driving_model/sim_data/RGB\04230.png,driving_model/sim_data/masks\04230.png,0.08020812273025513
