rgb,mask,steering
sim_data/RGB\00000.png,sim_data/masks\00000.png,0.0
sim_data/RGB\00001.png,sim_data/masks\00001.png,0.0006948008667677641
sim_data/RGB\00002.png,sim_data/masks\00002.png,0.0006948008667677641
sim_data/RGB\00003.png,sim_data/masks\00003.png,0.0
sim_data/RGB\00004.png,sim_data/masks\00004.png,0.0
sim_data/RGB\00005.png,sim_data/masks\00005.png,-0.0006155604496598244
sim_data/RGB\00006.png,sim_data/masks\00006.png,-0.0006948008667677641
sim_data/RGB\00007.png,sim_data/masks\00007.png,0.0002485241857357323
sim_data/RGB\00008.png,sim_data/masks\00008.png,0.0
sim_data/RGB\00009.png,sim_data/masks\00009.png,0.0
sim_data/RGB\00010.png,sim_data/masks\00010.png,0.0
sim_data/RGB\00011.png,sim_data/masks\00011.png,0.0
sim_data/RGB\00012.png,sim_data/masks\00012.png,0.0
sim_data/RGB\00013.png,sim_data/masks\00013.png,0.0
sim_data/RGB\00014.png,sim_data/masks\00014.png,0.0
sim_data/RGB\00015.png,sim_data/masks\00015.png,-0.00017573311924934387
sim_data/RGB\00016.png,sim_data/masks\00016.png,0.0
sim_data/RGB\00017.png,sim_data/masks\00017.png,0.0
sim_data/RGB\00018.png,sim_data/masks\00018.png,0.0006155604496598244
sim_data/RGB\00019.png,sim_data/masks\00019.png,-0.00017573311924934387
sim_data/RGB\00020.png,sim_data/masks\00020.png,0.0
sim_data/RGB\00021.png,sim_data/masks\00021.png,0.0
sim_data/RGB\00022.png,sim_data/masks\00022.png,0.0
sim_data/RGB\00023.png,sim_data/masks\00023.png,0.0
sim_data/RGB\00024.png,sim_data/masks\00024.png,0.0
sim_data/RGB\00025.png,sim_data/masks\00025.png,0.0
sim_data/RGB\00026.png,sim_data/masks\00026.png,0.0
sim_data/RGB\00027.png,sim_data/masks\00027.png,0.0
sim_data/RGB\00028.png,sim_data/masks\00028.png,0.0
sim_data/RGB\00029.png,sim_data/masks\00029.png,0.0
sim_data/RGB\00030.png,sim_data/masks\00030.png,0.0
sim_data/RGB\00031.png,sim_data/masks\00031.png,0.0
sim_data/RGB\00032.png,sim_data/masks\00032.png,0.0
sim_data/RGB\00033.png,sim_data/masks\00033.png,0.0
sim_data/RGB\00034.png,sim_data/masks\00034.png,0.0006155604496598244
sim_data/RGB\00035.png,sim_data/masks\00035.png,0.0
sim_data/RGB\00036.png,sim_data/masks\00036.png,0.0
sim_data/RGB\00037.png,sim_data/masks\00037.png,0.0
sim_data/RGB\00038.png,sim_data/masks\00038.png,-0.0006155604496598244
sim_data/RGB\00039.png,sim_data/masks\00039.png,0.0
sim_data/RGB\00040.png,sim_data/masks\00040.png,0.0
sim_data/RGB\00041.png,sim_data/masks\00041.png,0.0
sim_data/RGB\00042.png,sim_data/masks\00042.png,0.0
sim_data/RGB\00043.png,sim_data/masks\00043.png,0.0
sim_data/RGB\00044.png,sim_data/masks\00044.png,0.0
sim_data/RGB\00045.png,sim_data/masks\00045.png,0.0
sim_data/RGB\00046.png,sim_data/masks\00046.png,-0.0006155604496598244
sim_data/RGB\00047.png,sim_data/masks\00047.png,0.0
sim_data/RGB\00048.png,sim_data/masks\00048.png,0.0
sim_data/RGB\00049.png,sim_data/masks\00049.png,0.00017573311924934387
sim_data/RGB\00050.png,sim_data/masks\00050.png,0.0
sim_data/RGB\00051.png,sim_data/masks\00051.png,-0.00043982735951431096
sim_data/RGB\00052.png,sim_data/masks\00052.png,0.00017573311924934387
sim_data/RGB\00053.png,sim_data/masks\00053.png,0.0
sim_data/RGB\00054.png,sim_data/masks\00054.png,0.0006155604496598244
sim_data/RGB\00055.png,sim_data/masks\00055.png,-0.000304378685541451
sim_data/RGB\00056.png,sim_data/masks\00056.png,-0.000870533986017108
sim_data/RGB\00057.png,sim_data/masks\00057.png,0.0002485241857357323
sim_data/RGB\00058.png,sim_data/masks\00058.png,0.0
sim_data/RGB\00059.png,sim_data/masks\00059.png,0.0006155604496598244
sim_data/RGB\00060.png,sim_data/masks\00060.png,0.0
sim_data/RGB\00061.png,sim_data/masks\00061.png,0.0
sim_data/RGB\00062.png,sim_data/masks\00062.png,0.0
sim_data/RGB\00063.png,sim_data/masks\00063.png,0.0
sim_data/RGB\00064.png,sim_data/masks\00064.png,0.0006155604496598244
sim_data/RGB\00065.png,sim_data/masks\00065.png,0.0
sim_data/RGB\00066.png,sim_data/masks\00066.png,0.0
sim_data/RGB\00067.png,sim_data/masks\00067.png,0.0006155604496598244
sim_data/RGB\00068.png,sim_data/masks\00068.png,0.0
sim_data/RGB\00069.png,sim_data/masks\00069.png,0.0
sim_data/RGB\00070.png,sim_data/masks\00070.png,0.0
sim_data/RGB\00071.png,sim_data/masks\00071.png,0.0
sim_data/RGB\00072.png,sim_data/masks\00072.png,0.0
sim_data/RGB\00073.png,sim_data/masks\00073.png,0.00017573311924934387
sim_data/RGB\00074.png,sim_data/masks\00074.png,0.0
sim_data/RGB\00075.png,sim_data/masks\00075.png,0.0
sim_data/RGB\00076.png,sim_data/masks\00076.png,0.0
sim_data/RGB\00077.png,sim_data/masks\00077.png,0.0
sim_data/RGB\00078.png,sim_data/masks\00078.png,0.0
sim_data/RGB\00079.png,sim_data/masks\00079.png,0.0
sim_data/RGB\00080.png,sim_data/masks\00080.png,0.0
sim_data/RGB\00081.png,sim_data/masks\00081.png,0.0
sim_data/RGB\00082.png,sim_data/masks\00082.png,0.0
sim_data/RGB\00083.png,sim_data/masks\00083.png,0.0
sim_data/RGB\00084.png,sim_data/masks\00084.png,0.0
sim_data/RGB\00085.png,sim_data/masks\00085.png,0.017421625554561615
sim_data/RGB\00086.png,sim_data/masks\00086.png,0.012717805802822113
sim_data/RGB\00087.png,sim_data/masks\00087.png,0.010554959997534752
sim_data/RGB\00088.png,sim_data/masks\00088.png,0.008639270439743996
sim_data/RGB\00089.png,sim_data/masks\00089.png,0.00827940646559
sim_data/RGB\00090.png,sim_data/masks\00090.png,0.005390165373682976
sim_data/RGB\00091.png,sim_data/masks\00091.png,0.005092507693916559
sim_data/RGB\00092.png,sim_data/masks\00092.png,0.0028522845823317766
sim_data/RGB\00093.png,sim_data/masks\00093.png,0.002540902467444539
sim_data/RGB\00094.png,sim_data/masks\00094.png,0.0012173218419775367
sim_data/RGB\00095.png,sim_data/masks\00095.png,0.05192030221223831
sim_data/RGB\00096.png,sim_data/masks\00096.png,0.03885103762149811
sim_data/RGB\00097.png,sim_data/masks\00097.png,0.013778842985630035
sim_data/RGB\00098.png,sim_data/masks\00098.png,0.01278645358979702
sim_data/RGB\00099.png,sim_data/masks\00099.png,0.0034884882625192404
sim_data/RGB\00100.png,sim_data/masks\00100.png,0.0018341409740969539
sim_data/RGB\00101.png,sim_data/masks\00101.png,0.0035770765971392393
sim_data/RGB\00102.png,sim_data/masks\00102.png,0.0016248848987743258
sim_data/RGB\00103.png,sim_data/masks\00103.png,0.0010165018029510975
sim_data/RGB\00104.png,sim_data/masks\00104.png,-0.00017573311924934387
sim_data/RGB\00105.png,sim_data/masks\00105.png,0.0006155604496598244
sim_data/RGB\00106.png,sim_data/masks\00106.png,-0.03818036988377571
sim_data/RGB\00107.png,sim_data/masks\00107.png,-0.02865036018192768
sim_data/RGB\00108.png,sim_data/masks\00108.png,-0.011496145278215408
sim_data/RGB\00109.png,sim_data/masks\00109.png,-0.0055253952741622925
sim_data/RGB\00110.png,sim_data/masks\00110.png,-0.0026535112410783768
sim_data/RGB\00111.png,sim_data/masks\00111.png,-0.022917477414011955
sim_data/RGB\00112.png,sim_data/masks\00112.png,-0.01705625280737877
sim_data/RGB\00113.png,sim_data/masks\00113.png,-0.004750507418066263
sim_data/RGB\00114.png,sim_data/masks\00114.png,-0.004563415888696909
sim_data/RGB\00115.png,sim_data/masks\00115.png,-0.0012347489828243852
sim_data/RGB\00116.png,sim_data/masks\00116.png,-0.001317017013207078
sim_data/RGB\00117.png,sim_data/masks\00117.png,-0.0006732309120707214
sim_data/RGB\00118.png,sim_data/masks\00118.png,-0.00031118179322220385
sim_data/RGB\00119.png,sim_data/masks\00119.png,-0.004466314800083637
sim_data/RGB\00120.png,sim_data/masks\00120.png,-0.001745526329614222
sim_data/RGB\00121.png,sim_data/masks\00121.png,-0.0006958235753700137
sim_data/RGB\00122.png,sim_data/masks\00122.png,0.000304378685541451
sim_data/RGB\00123.png,sim_data/masks\00123.png,-0.0006155604496598244
sim_data/RGB\00124.png,sim_data/masks\00124.png,-0.028816362842917442
sim_data/RGB\00125.png,sim_data/masks\00125.png,-0.011855976656079292
sim_data/RGB\00126.png,sim_data/masks\00126.png,-0.01032691914588213
sim_data/RGB\00127.png,sim_data/masks\00127.png,-0.0019136120099574327
sim_data/RGB\00128.png,sim_data/masks\00128.png,-0.0017510466277599335
sim_data/RGB\00129.png,sim_data/masks\00129.png,-0.04691195860505104
sim_data/RGB\00130.png,sim_data/masks\00130.png,-0.04286523535847664
sim_data/RGB\00131.png,sim_data/masks\00131.png,-0.07887492328882217
sim_data/RGB\00132.png,sim_data/masks\00132.png,-0.06105680391192436
sim_data/RGB\00133.png,sim_data/masks\00133.png,-0.02015315555036068
sim_data/RGB\00134.png,sim_data/masks\00134.png,-0.017774993553757668
sim_data/RGB\00135.png,sim_data/masks\00135.png,-0.061811093240976334
sim_data/RGB\00136.png,sim_data/masks\00136.png,-0.05628702789545059
sim_data/RGB\00137.png,sim_data/masks\00137.png,-0.0902724489569664
sim_data/RGB\00138.png,sim_data/masks\00138.png,-0.06960898637771606
sim_data/RGB\00139.png,sim_data/masks\00139.png,-0.024575676769018173
sim_data/RGB\00140.png,sim_data/masks\00140.png,-0.09044396132230759
sim_data/RGB\00141.png,sim_data/masks\00141.png,-0.07046929001808167
sim_data/RGB\00142.png,sim_data/masks\00142.png,-0.02622559666633606
sim_data/RGB\00143.png,sim_data/masks\00143.png,-0.02227555215358734
sim_data/RGB\00144.png,sim_data/masks\00144.png,-0.06963717192411423
sim_data/RGB\00145.png,sim_data/masks\00145.png,-0.0645381510257721
sim_data/RGB\00146.png,sim_data/masks\00146.png,-0.09903498739004135
sim_data/RGB\00147.png,sim_data/masks\00147.png,-0.07771231234073639
sim_data/RGB\00148.png,sim_data/masks\00148.png,-0.027738627046346664
sim_data/RGB\00149.png,sim_data/masks\00149.png,-0.09638994932174683
sim_data/RGB\00150.png,sim_data/masks\00150.png,-0.04998393356800079
sim_data/RGB\00151.png,sim_data/masks\00151.png,-0.09149664640426636
sim_data/RGB\00152.png,sim_data/masks\00152.png,-0.06970977783203125
sim_data/RGB\00153.png,sim_data/masks\00153.png,-0.02649976871907711
sim_data/RGB\00154.png,sim_data/masks\00154.png,-0.09164391458034515
sim_data/RGB\00155.png,sim_data/masks\00155.png,-0.07127447426319122
sim_data/RGB\00156.png,sim_data/masks\00156.png,-0.023783158510923386
sim_data/RGB\00157.png,sim_data/masks\00157.png,-0.0878102034330368
sim_data/RGB\00158.png,sim_data/masks\00158.png,-0.06814300268888474
sim_data/RGB\00159.png,sim_data/masks\00159.png,-0.025874197483062744
sim_data/RGB\00160.png,sim_data/masks\00160.png,-0.09833072870969772
sim_data/RGB\00161.png,sim_data/masks\00161.png,-0.05033954232931137
sim_data/RGB\00162.png,sim_data/masks\00162.png,-0.04246881231665611
sim_data/RGB\00163.png,sim_data/masks\00163.png,-0.07251323759555817
sim_data/RGB\00164.png,sim_data/masks\00164.png,-0.0650346577167511
sim_data/RGB\00165.png,sim_data/masks\00165.png,-0.09888236969709396
sim_data/RGB\00166.png,sim_data/masks\00166.png,-0.07511517405509949
sim_data/RGB\00167.png,sim_data/masks\00167.png,-0.016172826290130615
sim_data/RGB\00168.png,sim_data/masks\00168.png,-0.0677901953458786
sim_data/RGB\00169.png,sim_data/masks\00169.png,-0.1257176399230957
sim_data/RGB\00170.png,sim_data/masks\00170.png,-0.05523219704627991
sim_data/RGB\00171.png,sim_data/masks\00171.png,-0.12293655425310135
sim_data/RGB\00172.png,sim_data/masks\00172.png,-0.10352134704589844
sim_data/RGB\00173.png,sim_data/masks\00173.png,-0.07578212022781372
sim_data/RGB\00174.png,sim_data/masks\00174.png,-0.06885377317667007
sim_data/RGB\00175.png,sim_data/masks\00175.png,-0.0996273010969162
sim_data/RGB\00176.png,sim_data/masks\00176.png,-0.07706854492425919
sim_data/RGB\00177.png,sim_data/masks\00177.png,-0.12260943651199341
sim_data/RGB\00178.png,sim_data/masks\00178.png,-0.0947628766298294
sim_data/RGB\00179.png,sim_data/masks\00179.png,-0.03662935271859169
sim_data/RGB\00180.png,sim_data/masks\00180.png,-0.05840379744768143
sim_data/RGB\00181.png,sim_data/masks\00181.png,-0.04926416277885437
sim_data/RGB\00182.png,sim_data/masks\00182.png,-0.07813861966133118
sim_data/RGB\00183.png,sim_data/masks\00183.png,-0.09812851250171661
sim_data/RGB\00184.png,sim_data/masks\00184.png,-0.1266610324382782
sim_data/RGB\00185.png,sim_data/masks\00185.png,-0.1040821447968483
sim_data/RGB\00186.png,sim_data/masks\00186.png,-0.08945995569229126
sim_data/RGB\00187.png,sim_data/masks\00187.png,-0.07593689113855362
sim_data/RGB\00188.png,sim_data/masks\00188.png,-0.04243014007806778
sim_data/RGB\00189.png,sim_data/masks\00189.png,-0.0215457696467638
sim_data/RGB\00190.png,sim_data/masks\00190.png,-0.013666059821844101
sim_data/RGB\00191.png,sim_data/masks\00191.png,-0.008404811844229698
sim_data/RGB\00192.png,sim_data/masks\00192.png,0.02391570433974266
sim_data/RGB\00193.png,sim_data/masks\00193.png,0.021796483546495438
sim_data/RGB\00194.png,sim_data/masks\00194.png,0.021429847925901413
sim_data/RGB\00195.png,sim_data/masks\00195.png,0.033404137939214706
sim_data/RGB\00196.png,sim_data/masks\00196.png,0.02521342784166336
sim_data/RGB\00197.png,sim_data/masks\00197.png,0.019975876435637474
sim_data/RGB\00198.png,sim_data/masks\00198.png,0.017127783969044685
sim_data/RGB\00199.png,sim_data/masks\00199.png,0.008816849440336227
sim_data/RGB\00200.png,sim_data/masks\00200.png,0.005955923348665237
sim_data/RGB\00201.png,sim_data/masks\00201.png,-0.0037449791561812162
sim_data/RGB\00202.png,sim_data/masks\00202.png,-0.009201673790812492
sim_data/RGB\00203.png,sim_data/masks\00203.png,-0.008351744152605534
sim_data/RGB\00204.png,sim_data/masks\00204.png,-0.0075650387443602085
sim_data/RGB\00205.png,sim_data/masks\00205.png,-0.007950483821332455
sim_data/RGB\00206.png,sim_data/masks\00206.png,-0.006120486184954643
sim_data/RGB\00207.png,sim_data/masks\00207.png,-0.0049286410212516785
sim_data/RGB\00208.png,sim_data/masks\00208.png,-0.0033209717366844416
sim_data/RGB\00209.png,sim_data/masks\00209.png,-0.0003471075906418264
sim_data/RGB\00210.png,sim_data/masks\00210.png,0.00010403779742773622
sim_data/RGB\00211.png,sim_data/masks\00211.png,0.0005231563118286431
sim_data/RGB\00212.png,sim_data/masks\00212.png,0.002052539959549904
sim_data/RGB\00213.png,sim_data/masks\00213.png,0.001783348503522575
sim_data/RGB\00214.png,sim_data/masks\00214.png,0.002361583523452282
sim_data/RGB\00215.png,sim_data/masks\00215.png,0.0018319530645385385
sim_data/RGB\00216.png,sim_data/masks\00216.png,0.001181899569928646
sim_data/RGB\00217.png,sim_data/masks\00217.png,0.001181899569928646
sim_data/RGB\00218.png,sim_data/masks\00218.png,0.00038148602470755577
sim_data/RGB\00219.png,sim_data/masks\00219.png,0.00022025105135980994
sim_data/RGB\00220.png,sim_data/masks\00220.png,-0.00012418437108863145
sim_data/RGB\00221.png,sim_data/masks\00221.png,0.0
sim_data/RGB\00222.png,sim_data/masks\00222.png,-0.0003078351728618145
sim_data/RGB\00223.png,sim_data/masks\00223.png,-0.00022002359037287533
sim_data/RGB\00224.png,sim_data/masks\00224.png,-0.00022002359037287533
sim_data/RGB\00225.png,sim_data/masks\00225.png,0.0
sim_data/RGB\00226.png,sim_data/masks\00226.png,-0.0003078351728618145
sim_data/RGB\00227.png,sim_data/masks\00227.png,-0.00022002359037287533
sim_data/RGB\00228.png,sim_data/masks\00228.png,-0.0003475331177469343
sim_data/RGB\00229.png,sim_data/masks\00229.png,-0.00031116034369915724
sim_data/RGB\00230.png,sim_data/masks\00230.png,0.00012418437108863145
sim_data/RGB\00231.png,sim_data/masks\00231.png,0.0
sim_data/RGB\00232.png,sim_data/masks\00232.png,0.0
sim_data/RGB\00233.png,sim_data/masks\00233.png,-0.0003078351728618145
sim_data/RGB\00234.png,sim_data/masks\00234.png,8.781160431681201e-05
sim_data/RGB\00235.png,sim_data/masks\00235.png,0.0
sim_data/RGB\00236.png,sim_data/masks\00236.png,-0.0003078351728618145
sim_data/RGB\00237.png,sim_data/masks\00237.png,8.781160431681201e-05
sim_data/RGB\00238.png,sim_data/masks\00238.png,8.781160431681201e-05
sim_data/RGB\00239.png,sim_data/masks\00239.png,0.0005331862485036254
sim_data/RGB\00240.png,sim_data/masks\00240.png,-0.00015209417324513197
sim_data/RGB\00241.png,sim_data/masks\00241.png,0.00043534470023587346
sim_data/RGB\00242.png,sim_data/masks\00242.png,0.00031116034369915724
sim_data/RGB\00243.png,sim_data/masks\00243.png,0.00031116034369915724
sim_data/RGB\00244.png,sim_data/masks\00244.png,-0.00012418437108863145
sim_data/RGB\00245.png,sim_data/masks\00245.png,0.0
sim_data/RGB\00246.png,sim_data/masks\00246.png,0.0
sim_data/RGB\00247.png,sim_data/masks\00247.png,0.0
sim_data/RGB\00248.png,sim_data/masks\00248.png,0.0
sim_data/RGB\00249.png,sim_data/masks\00249.png,0.0
sim_data/RGB\00250.png,sim_data/masks\00250.png,0.0
sim_data/RGB\00251.png,sim_data/masks\00251.png,-0.00043534470023587346
sim_data/RGB\00252.png,sim_data/masks\00252.png,-0.0001836508308770135
sim_data/RGB\00253.png,sim_data/masks\00253.png,8.781160431681201e-05
sim_data/RGB\00254.png,sim_data/masks\00254.png,-8.781160431681201e-05
sim_data/RGB\00255.png,sim_data/masks\00255.png,-8.781160431681201e-05
sim_data/RGB\00256.png,sim_data/masks\00256.png,0.0
sim_data/RGB\00257.png,sim_data/masks\00257.png,0.0
sim_data/RGB\00258.png,sim_data/masks\00258.png,0.0003078351728618145
sim_data/RGB\00259.png,sim_data/masks\00259.png,-8.781160431681201e-05
sim_data/RGB\00260.png,sim_data/masks\00260.png,0.0
sim_data/RGB\00261.png,sim_data/masks\00261.png,0.0003078351728618145
sim_data/RGB\00262.png,sim_data/masks\00262.png,-8.781160431681201e-05
sim_data/RGB\00263.png,sim_data/masks\00263.png,0.0003078351728618145
sim_data/RGB\00264.png,sim_data/masks\00264.png,0.00022002359037287533
sim_data/RGB\00265.png,sim_data/masks\00265.png,-8.781160431681201e-05
sim_data/RGB\00266.png,sim_data/masks\00266.png,-0.0003078351728618145
sim_data/RGB\00267.png,sim_data/masks\00267.png,-0.0003078351728618145
sim_data/RGB\00268.png,sim_data/masks\00268.png,-0.0003078351728618145
sim_data/RGB\00269.png,sim_data/masks\00269.png,8.781160431681201e-05
sim_data/RGB\00270.png,sim_data/masks\00270.png,0.0
sim_data/RGB\00271.png,sim_data/masks\00271.png,0.0
sim_data/RGB\00272.png,sim_data/masks\00272.png,0.0
sim_data/RGB\00273.png,sim_data/masks\00273.png,-0.00043534470023587346
sim_data/RGB\00274.png,sim_data/masks\00274.png,-0.00043534470023587346
sim_data/RGB\00275.png,sim_data/masks\00275.png,-0.00022002359037287533
sim_data/RGB\00276.png,sim_data/masks\00276.png,8.781160431681201e-05
sim_data/RGB\00277.png,sim_data/masks\00277.png,0.0
sim_data/RGB\00278.png,sim_data/masks\00278.png,0.0
sim_data/RGB\00279.png,sim_data/masks\00279.png,-0.0030282968655228615
sim_data/RGB\00280.png,sim_data/masks\00280.png,-0.0030282968655228615
sim_data/RGB\00281.png,sim_data/masks\00281.png,-0.0022116221953183413
sim_data/RGB\00282.png,sim_data/masks\00282.png,-0.0022116221953183413
sim_data/RGB\00283.png,sim_data/masks\00283.png,-0.014362419955432415
sim_data/RGB\00284.png,sim_data/masks\00284.png,-0.014362419955432415
sim_data/RGB\00285.png,sim_data/masks\00285.png,-0.03275027498602867
sim_data/RGB\00286.png,sim_data/masks\00286.png,-0.03275027498602867
sim_data/RGB\00287.png,sim_data/masks\00287.png,-0.021225688979029655
sim_data/RGB\00288.png,sim_data/masks\00288.png,-0.01900039240717888
sim_data/RGB\00289.png,sim_data/masks\00289.png,-0.039912547916173935
sim_data/RGB\00290.png,sim_data/masks\00290.png,-0.030321868136525154
sim_data/RGB\00291.png,sim_data/masks\00291.png,-0.04529548063874245
sim_data/RGB\00292.png,sim_data/masks\00292.png,-0.036998625844717026
sim_data/RGB\00293.png,sim_data/masks\00293.png,-0.030666911974549294
sim_data/RGB\00294.png,sim_data/masks\00294.png,-0.0476578027009964
sim_data/RGB\00295.png,sim_data/masks\00295.png,-0.032915450632572174
sim_data/RGB\00296.png,sim_data/masks\00296.png,-0.029965125024318695
sim_data/RGB\00297.png,sim_data/masks\00297.png,-0.03909417986869812
sim_data/RGB\00298.png,sim_data/masks\00298.png,-0.0227995365858078
sim_data/RGB\00299.png,sim_data/masks\00299.png,-0.0227995365858078
sim_data/RGB\00300.png,sim_data/masks\00300.png,-0.03226325660943985
sim_data/RGB\00301.png,sim_data/masks\00301.png,-0.03226325660943985
sim_data/RGB\00302.png,sim_data/masks\00302.png,-0.025576068088412285
sim_data/RGB\00303.png,sim_data/masks\00303.png,-0.018112732097506523
sim_data/RGB\00304.png,sim_data/masks\00304.png,-0.036000315099954605
sim_data/RGB\00305.png,sim_data/masks\00305.png,-0.02117948606610298
sim_data/RGB\00306.png,sim_data/masks\00306.png,-0.02117948606610298
sim_data/RGB\00307.png,sim_data/masks\00307.png,-0.034142300486564636
sim_data/RGB\00308.png,sim_data/masks\00308.png,-0.027193544432520866
sim_data/RGB\00309.png,sim_data/masks\00309.png,-0.02440323308110237
sim_data/RGB\00310.png,sim_data/masks\00310.png,-0.01787540316581726
sim_data/RGB\00311.png,sim_data/masks\00311.png,-0.03847900778055191
sim_data/RGB\00312.png,sim_data/masks\00312.png,-0.02809559367597103
sim_data/RGB\00313.png,sim_data/masks\00313.png,-0.041520386934280396
sim_data/RGB\00314.png,sim_data/masks\00314.png,-0.041520386934280396
sim_data/RGB\00315.png,sim_data/masks\00315.png,-0.023136664181947708
sim_data/RGB\00316.png,sim_data/masks\00316.png,-0.023136664181947708
sim_data/RGB\00317.png,sim_data/masks\00317.png,-0.04050679877400398
sim_data/RGB\00318.png,sim_data/masks\00318.png,-0.03225705027580261
sim_data/RGB\00319.png,sim_data/masks\00319.png,-0.028991051018238068
sim_data/RGB\00320.png,sim_data/masks\00320.png,-0.02122754044830799
sim_data/RGB\00321.png,sim_data/masks\00321.png,-0.038159310817718506
sim_data/RGB\00322.png,sim_data/masks\00322.png,-0.02931099385023117
sim_data/RGB\00323.png,sim_data/masks\00323.png,-0.02808104269206524
sim_data/RGB\00324.png,sim_data/masks\00324.png,-0.06645024567842484
sim_data/RGB\00325.png,sim_data/masks\00325.png,-0.047038815915584564
sim_data/RGB\00326.png,sim_data/masks\00326.png,-0.047038815915584564
sim_data/RGB\00327.png,sim_data/masks\00327.png,-0.05662691593170166
sim_data/RGB\00328.png,sim_data/masks\00328.png,-0.05662691593170166
sim_data/RGB\00329.png,sim_data/masks\00329.png,-0.057554442435503006
sim_data/RGB\00330.png,sim_data/masks\00330.png,-0.057554442435503006
sim_data/RGB\00331.png,sim_data/masks\00331.png,-0.05582427978515625
sim_data/RGB\00332.png,sim_data/masks\00332.png,-0.06611499190330505
sim_data/RGB\00333.png,sim_data/masks\00333.png,-0.05441388487815857
sim_data/RGB\00334.png,sim_data/masks\00334.png,-0.052574723958969116
sim_data/RGB\00335.png,sim_data/masks\00335.png,-0.06256473809480667
sim_data/RGB\00336.png,sim_data/masks\00336.png,-0.05277349427342415
sim_data/RGB\00337.png,sim_data/masks\00337.png,-0.06164047122001648
sim_data/RGB\00338.png,sim_data/masks\00338.png,-0.041827891021966934
sim_data/RGB\00339.png,sim_data/masks\00339.png,-0.09967013448476791
sim_data/RGB\00340.png,sim_data/masks\00340.png,-0.08827802538871765
sim_data/RGB\00341.png,sim_data/masks\00341.png,-0.050335951149463654
sim_data/RGB\00342.png,sim_data/masks\00342.png,-0.050335951149463654
sim_data/RGB\00343.png,sim_data/masks\00343.png,-0.010822819545865059
sim_data/RGB\00344.png,sim_data/masks\00344.png,-0.0287798885256052
sim_data/RGB\00345.png,sim_data/masks\00345.png,-0.013016167096793652
sim_data/RGB\00346.png,sim_data/masks\00346.png,0.0003795218653976917
sim_data/RGB\00347.png,sim_data/masks\00347.png,-0.04046563804149628
sim_data/RGB\00348.png,sim_data/masks\00348.png,-0.07029570639133453
sim_data/RGB\00349.png,sim_data/masks\00349.png,-0.052545543760061264
sim_data/RGB\00350.png,sim_data/masks\00350.png,-0.03787640854716301
sim_data/RGB\00351.png,sim_data/masks\00351.png,-0.06491215527057648
sim_data/RGB\00352.png,sim_data/masks\00352.png,-0.04499022662639618
sim_data/RGB\00353.png,sim_data/masks\00353.png,-0.07864497601985931
sim_data/RGB\00354.png,sim_data/masks\00354.png,-0.04869653657078743
sim_data/RGB\00355.png,sim_data/masks\00355.png,-0.0314331017434597
sim_data/RGB\00356.png,sim_data/masks\00356.png,-0.06515976786613464
sim_data/RGB\00357.png,sim_data/masks\00357.png,-0.07611947506666183
sim_data/RGB\00358.png,sim_data/masks\00358.png,-0.05196226388216019
sim_data/RGB\00359.png,sim_data/masks\00359.png,-0.03235935419797897
sim_data/RGB\00360.png,sim_data/masks\00360.png,-0.06699643284082413
sim_data/RGB\00361.png,sim_data/masks\00361.png,-0.044672999531030655
sim_data/RGB\00362.png,sim_data/masks\00362.png,-0.026910733431577682
sim_data/RGB\00363.png,sim_data/masks\00363.png,-0.09087400883436203
sim_data/RGB\00364.png,sim_data/masks\00364.png,-0.06373748928308487
sim_data/RGB\00365.png,sim_data/masks\00365.png,-0.04082060232758522
sim_data/RGB\00366.png,sim_data/masks\00366.png,-0.017302438616752625
sim_data/RGB\00367.png,sim_data/masks\00367.png,-0.0020836740732192993
sim_data/RGB\00368.png,sim_data/masks\00368.png,-0.021602414548397064
sim_data/RGB\00369.png,sim_data/masks\00369.png,-0.013467865064740181
sim_data/RGB\00370.png,sim_data/masks\00370.png,-0.0070883710868656635
sim_data/RGB\00371.png,sim_data/masks\00371.png,-0.0027195410802960396
sim_data/RGB\00372.png,sim_data/masks\00372.png,0.00032689946237951517
sim_data/RGB\00373.png,sim_data/masks\00373.png,-0.009791107848286629
sim_data/RGB\00374.png,sim_data/masks\00374.png,-0.007755647413432598
sim_data/RGB\00375.png,sim_data/masks\00375.png,-0.007755647413432598
sim_data/RGB\00376.png,sim_data/masks\00376.png,-0.0044908346608281136
sim_data/RGB\00377.png,sim_data/masks\00377.png,-0.0017062873812392354
sim_data/RGB\00378.png,sim_data/masks\00378.png,0.0009199392516165972
sim_data/RGB\00379.png,sim_data/masks\00379.png,-0.0039703031070530415
sim_data/RGB\00380.png,sim_data/masks\00380.png,-0.003091643564403057
sim_data/RGB\00381.png,sim_data/masks\00381.png,-0.0021796838846057653
sim_data/RGB\00382.png,sim_data/masks\00382.png,-0.001169834053143859
sim_data/RGB\00383.png,sim_data/masks\00383.png,-0.00026177658583037555
sim_data/RGB\00384.png,sim_data/masks\00384.png,0.0002485241857357323
sim_data/RGB\00385.png,sim_data/masks\00385.png,0.0
sim_data/RGB\00386.png,sim_data/masks\00386.png,-0.001628620084375143
sim_data/RGB\00387.png,sim_data/masks\00387.png,-0.0010428630048409104
sim_data/RGB\00388.png,sim_data/masks\00388.png,-0.0011981634888797998
sim_data/RGB\00389.png,sim_data/masks\00389.png,-0.00015061433077789843
sim_data/RGB\00390.png,sim_data/masks\00390.png,-0.00043982735951431096
sim_data/RGB\00391.png,sim_data/masks\00391.png,0.00017573311924934387
sim_data/RGB\00392.png,sim_data/masks\00392.png,0.0
sim_data/RGB\00393.png,sim_data/masks\00393.png,-0.000870533986017108
sim_data/RGB\00394.png,sim_data/masks\00394.png,-0.0006220098002813756
sim_data/RGB\00395.png,sim_data/masks\00395.png,0.0002485241857357323
sim_data/RGB\00396.png,sim_data/masks\00396.png,-0.0006155604496598244
sim_data/RGB\00397.png,sim_data/masks\00397.png,-0.00043982735951431096
sim_data/RGB\00398.png,sim_data/masks\00398.png,-0.00043982735951431096
sim_data/RGB\00399.png,sim_data/masks\00399.png,-0.0006948008667677641
sim_data/RGB\00400.png,sim_data/masks\00400.png,0.0002485241857357323
sim_data/RGB\00401.png,sim_data/masks\00401.png,0.000870533986017108
sim_data/RGB\00402.png,sim_data/masks\00402.png,0.0008176579140126705
sim_data/RGB\00403.png,sim_data/masks\00403.png,-0.000304378685541451
sim_data/RGB\00404.png,sim_data/masks\00404.png,-0.0006155604496598244
sim_data/RGB\00405.png,sim_data/masks\00405.png,0.0010462671052664518
sim_data/RGB\00406.png,sim_data/masks\00406.png,0.0003670363512355834
sim_data/RGB\00407.png,sim_data/masks\00407.png,0.00043982735951431096
sim_data/RGB\00408.png,sim_data/masks\00408.png,-0.00017573311924934387
sim_data/RGB\00409.png,sim_data/masks\00409.png,0.0
sim_data/RGB\00410.png,sim_data/masks\00410.png,0.0
sim_data/RGB\00411.png,sim_data/masks\00411.png,-0.0006155604496598244
sim_data/RGB\00412.png,sim_data/masks\00412.png,-0.0006948008667677641
sim_data/RGB\00413.png,sim_data/masks\00413.png,-0.0003670363512355834
sim_data/RGB\00414.png,sim_data/masks\00414.png,-0.0006948008667677641
sim_data/RGB\00415.png,sim_data/masks\00415.png,-0.0006220098002813756
sim_data/RGB\00416.png,sim_data/masks\00416.png,0.0002485241857357323
sim_data/RGB\00417.png,sim_data/masks\00417.png,-0.0006155604496598244
sim_data/RGB\00418.png,sim_data/masks\00418.png,-0.00043982735951431096
sim_data/RGB\00419.png,sim_data/masks\00419.png,0.0007912935689091682
sim_data/RGB\00420.png,sim_data/masks\00420.png,0.0006948008667677641
sim_data/RGB\00421.png,sim_data/masks\00421.png,-0.0002485241857357323
sim_data/RGB\00422.png,sim_data/masks\00422.png,-0.0006155604496598244
sim_data/RGB\00423.png,sim_data/masks\00423.png,0.00017573311924934387
sim_data/RGB\00424.png,sim_data/masks\00424.png,0.0006155604496598244
sim_data/RGB\00425.png,sim_data/masks\00425.png,-0.00017573311924934387
sim_data/RGB\00426.png,sim_data/masks\00426.png,0.0
sim_data/RGB\00427.png,sim_data/masks\00427.png,0.0006155604496598244
sim_data/RGB\00428.png,sim_data/masks\00428.png,-0.00017573311924934387
sim_data/RGB\00429.png,sim_data/masks\00429.png,0.0
sim_data/RGB\00430.png,sim_data/masks\00430.png,0.0
sim_data/RGB\00431.png,sim_data/masks\00431.png,-0.003628313075751066
sim_data/RGB\00432.png,sim_data/masks\00432.png,-0.0050473809242248535
sim_data/RGB\00433.png,sim_data/masks\00433.png,-0.005090045742690563
sim_data/RGB\00434.png,sim_data/masks\00434.png,-0.004889838397502899
sim_data/RGB\00435.png,sim_data/masks\00435.png,-0.003979370463639498
sim_data/RGB\00436.png,sim_data/masks\00436.png,-0.0025253614876419306
sim_data/RGB\00437.png,sim_data/masks\00437.png,-0.0016824689228087664
sim_data/RGB\00438.png,sim_data/masks\00438.png,-0.0010224201250821352
sim_data/RGB\00439.png,sim_data/masks\00439.png,-0.0009806097950786352
sim_data/RGB\00440.png,sim_data/masks\00440.png,-0.0004400774778332561
sim_data/RGB\00441.png,sim_data/masks\00441.png,-0.0003670363512355834
sim_data/RGB\00442.png,sim_data/masks\00442.png,0.00017573311924934387
sim_data/RGB\00443.png,sim_data/masks\00443.png,0.0
sim_data/RGB\00444.png,sim_data/masks\00444.png,0.0
sim_data/RGB\00445.png,sim_data/masks\00445.png,0.0
sim_data/RGB\00446.png,sim_data/masks\00446.png,0.0
sim_data/RGB\00447.png,sim_data/masks\00447.png,0.0
sim_data/RGB\00448.png,sim_data/masks\00448.png,0.0
sim_data/RGB\00449.png,sim_data/masks\00449.png,0.0
sim_data/RGB\00450.png,sim_data/masks\00450.png,-0.0006155604496598244
sim_data/RGB\00451.png,sim_data/masks\00451.png,0.0
sim_data/RGB\00452.png,sim_data/masks\00452.png,0.0
sim_data/RGB\00453.png,sim_data/masks\00453.png,0.0
sim_data/RGB\00454.png,sim_data/masks\00454.png,-0.0006155604496598244
sim_data/RGB\00455.png,sim_data/masks\00455.png,-0.009768963791429996
sim_data/RGB\00456.png,sim_data/masks\00456.png,-0.007181553170084953
sim_data/RGB\00457.png,sim_data/masks\00457.png,-0.004370409995317459
sim_data/RGB\00458.png,sim_data/masks\00458.png,-0.004370409995317459
sim_data/RGB\00459.png,sim_data/masks\00459.png,-0.002331196330487728
sim_data/RGB\00460.png,sim_data/masks\00460.png,-0.0019663686398416758
sim_data/RGB\00461.png,sim_data/masks\00461.png,-0.0015053899260237813
sim_data/RGB\00462.png,sim_data/masks\00462.png,-0.0014517527306452394
sim_data/RGB\00463.png,sim_data/masks\00463.png,-0.0014328258112072945
sim_data/RGB\00464.png,sim_data/masks\00464.png,-0.001390856341458857
sim_data/RGB\00465.png,sim_data/masks\00465.png,-0.0010729030473157763
sim_data/RGB\00466.png,sim_data/masks\00466.png,-0.0009114888962358236
sim_data/RGB\00467.png,sim_data/masks\00467.png,-0.0006732309120707214
sim_data/RGB\00468.png,sim_data/masks\00468.png,-0.00031118179322220385
sim_data/RGB\00469.png,sim_data/masks\00469.png,-0.00043982735951431096
sim_data/RGB\00470.png,sim_data/masks\00470.png,-0.010904373601078987
sim_data/RGB\00471.png,sim_data/masks\00471.png,-0.10365206748247147
sim_data/RGB\00472.png,sim_data/masks\00472.png,-0.09214871376752853
sim_data/RGB\00473.png,sim_data/masks\00473.png,-0.07952777296304703
sim_data/RGB\00474.png,sim_data/masks\00474.png,-0.0718991681933403
sim_data/RGB\00475.png,sim_data/masks\00475.png,-0.06603749096393585
sim_data/RGB\00476.png,sim_data/masks\00476.png,-0.05886636674404144
sim_data/RGB\00477.png,sim_data/masks\00477.png,-0.052115119993686676
sim_data/RGB\00478.png,sim_data/masks\00478.png,-0.04520143195986748
sim_data/RGB\00479.png,sim_data/masks\00479.png,-0.12120802700519562
sim_data/RGB\00480.png,sim_data/masks\00480.png,-0.07933812588453293
sim_data/RGB\00481.png,sim_data/masks\00481.png,-0.06522835791110992
sim_data/RGB\00482.png,sim_data/masks\00482.png,-0.05356418341398239
sim_data/RGB\00483.png,sim_data/masks\00483.png,-0.05356418341398239
sim_data/RGB\00484.png,sim_data/masks\00484.png,-0.18032978475093842
sim_data/RGB\00485.png,sim_data/masks\00485.png,-0.1513964980840683
sim_data/RGB\00486.png,sim_data/masks\00486.png,-0.1996455043554306
sim_data/RGB\00487.png,sim_data/masks\00487.png,-0.15037232637405396
sim_data/RGB\00488.png,sim_data/masks\00488.png,-0.11361824721097946
sim_data/RGB\00489.png,sim_data/masks\00489.png,-0.17461368441581726
sim_data/RGB\00490.png,sim_data/masks\00490.png,-0.1277455985546112
sim_data/RGB\00491.png,sim_data/masks\00491.png,-0.18470962345600128
sim_data/RGB\00492.png,sim_data/masks\00492.png,-0.13214799761772156
sim_data/RGB\00493.png,sim_data/masks\00493.png,-0.18943147361278534
sim_data/RGB\00494.png,sim_data/masks\00494.png,-0.13641877472400665
sim_data/RGB\00495.png,sim_data/masks\00495.png,-0.19171810150146484
sim_data/RGB\00496.png,sim_data/masks\00496.png,-0.13879741728305817
sim_data/RGB\00497.png,sim_data/masks\00497.png,-0.13879741728305817
sim_data/RGB\00498.png,sim_data/masks\00498.png,-0.18777363002300262
sim_data/RGB\00499.png,sim_data/masks\00499.png,-0.12669385969638824
sim_data/RGB\00500.png,sim_data/masks\00500.png,-0.17955471575260162
sim_data/RGB\00501.png,sim_data/masks\00501.png,-0.21734026074409485
sim_data/RGB\00502.png,sim_data/masks\00502.png,-0.21734026074409485
sim_data/RGB\00503.png,sim_data/masks\00503.png,-0.14250214397907257
sim_data/RGB\00504.png,sim_data/masks\00504.png,-0.1689997762441635
sim_data/RGB\00505.png,sim_data/masks\00505.png,-0.18588007986545563
sim_data/RGB\00506.png,sim_data/masks\00506.png,-0.18588007986545563
sim_data/RGB\00507.png,sim_data/masks\00507.png,-0.11718282848596573
sim_data/RGB\00508.png,sim_data/masks\00508.png,-0.16054168343544006
sim_data/RGB\00509.png,sim_data/masks\00509.png,-0.16054168343544006
sim_data/RGB\00510.png,sim_data/masks\00510.png,-0.20027849078178406
sim_data/RGB\00511.png,sim_data/masks\00511.png,-0.12392544001340866
sim_data/RGB\00512.png,sim_data/masks\00512.png,-0.12392544001340866
sim_data/RGB\00513.png,sim_data/masks\00513.png,-0.13634862005710602
sim_data/RGB\00514.png,sim_data/masks\00514.png,-0.2214571237564087
sim_data/RGB\00515.png,sim_data/masks\00515.png,-0.14773471653461456
sim_data/RGB\00516.png,sim_data/masks\00516.png,-0.14773471653461456
sim_data/RGB\00517.png,sim_data/masks\00517.png,-0.06446928530931473
sim_data/RGB\00518.png,sim_data/masks\00518.png,-0.1624385416507721
sim_data/RGB\00519.png,sim_data/masks\00519.png,-0.22071701288223267
sim_data/RGB\00520.png,sim_data/masks\00520.png,-0.22071701288223267
sim_data/RGB\00521.png,sim_data/masks\00521.png,-0.15467634797096252
sim_data/RGB\00522.png,sim_data/masks\00522.png,-0.15467634797096252
sim_data/RGB\00523.png,sim_data/masks\00523.png,-0.13002079725265503
sim_data/RGB\00524.png,sim_data/masks\00524.png,-0.05721278861165047
sim_data/RGB\00525.png,sim_data/masks\00525.png,-0.05721278861165047
sim_data/RGB\00526.png,sim_data/masks\00526.png,-0.0009528528898954391
sim_data/RGB\00527.png,sim_data/masks\00527.png,0.008006294257938862
sim_data/RGB\00528.png,sim_data/masks\00528.png,0.008006294257938862
sim_data/RGB\00529.png,sim_data/masks\00529.png,0.007994595915079117
sim_data/RGB\00530.png,sim_data/masks\00530.png,0.0029537847731262445
sim_data/RGB\00531.png,sim_data/masks\00531.png,0.0029537847731262445
sim_data/RGB\00532.png,sim_data/masks\00532.png,-0.000844188965857029
sim_data/RGB\00533.png,sim_data/masks\00533.png,-0.002478949725627899
sim_data/RGB\00534.png,sim_data/masks\00534.png,-0.002478949725627899
sim_data/RGB\00535.png,sim_data/masks\00535.png,-0.011150985956192017
sim_data/RGB\00536.png,sim_data/masks\00536.png,-0.007760133594274521
sim_data/RGB\00537.png,sim_data/masks\00537.png,-0.0034233422484248877
sim_data/RGB\00538.png,sim_data/masks\00538.png,-0.0034233422484248877
sim_data/RGB\00539.png,sim_data/masks\00539.png,-6.204447709023952e-05
sim_data/RGB\00540.png,sim_data/masks\00540.png,0.0005557169206440449
sim_data/RGB\00541.png,sim_data/masks\00541.png,0.001066182041540742
sim_data/RGB\00542.png,sim_data/masks\00542.png,0.001066182041540742
sim_data/RGB\00543.png,sim_data/masks\00543.png,-0.0036759430076926947
sim_data/RGB\00544.png,sim_data/masks\00544.png,-0.003120637033134699
sim_data/RGB\00545.png,sim_data/masks\00545.png,-0.003120637033134699
sim_data/RGB\00546.png,sim_data/masks\00546.png,-0.001218373654410243
sim_data/RGB\00547.png,sim_data/masks\00547.png,0.0006806114688515663
sim_data/RGB\00548.png,sim_data/masks\00548.png,0.0
sim_data/RGB\00549.png,sim_data/masks\00549.png,0.0
sim_data/RGB\00550.png,sim_data/masks\00550.png,0.0
sim_data/RGB\00551.png,sim_data/masks\00551.png,-0.001628620084375143
sim_data/RGB\00552.png,sim_data/masks\00552.png,-0.0011636738199740648
sim_data/RGB\00553.png,sim_data/masks\00553.png,-0.000405587867135182
sim_data/RGB\00554.png,sim_data/masks\00554.png,0.0002485241857357323
sim_data/RGB\00555.png,sim_data/masks\00555.png,0.0002485241857357323
sim_data/RGB\00556.png,sim_data/masks\00556.png,0.0006155604496598244
sim_data/RGB\00557.png,sim_data/masks\00557.png,0.00043982735951431096
sim_data/RGB\00558.png,sim_data/masks\00558.png,-0.00017573311924934387
sim_data/RGB\00559.png,sim_data/masks\00559.png,-0.00017573311924934387
sim_data/RGB\00560.png,sim_data/masks\00560.png,0.0
sim_data/RGB\00561.png,sim_data/masks\00561.png,0.0
sim_data/RGB\00562.png,sim_data/masks\00562.png,0.0
sim_data/RGB\00563.png,sim_data/masks\00563.png,-0.001066182041540742
sim_data/RGB\00564.png,sim_data/masks\00564.png,-0.0007618034142069519
sim_data/RGB\00565.png,sim_data/masks\00565.png,-0.0007618034142069519
sim_data/RGB\00566.png,sim_data/masks\00566.png,0.000304378685541451
sim_data/RGB\00567.png,sim_data/masks\00567.png,0.0
sim_data/RGB\00568.png,sim_data/masks\00568.png,0.0
sim_data/RGB\00569.png,sim_data/masks\00569.png,0.0
sim_data/RGB\00570.png,sim_data/masks\00570.png,0.0
sim_data/RGB\00571.png,sim_data/masks\00571.png,-0.0012311208993196487
sim_data/RGB\00572.png,sim_data/masks\00572.png,-0.0012311208993196487
sim_data/RGB\00573.png,sim_data/masks\00573.png,0.00035146623849868774
sim_data/RGB\00574.png,sim_data/masks\00574.png,0.0
sim_data/RGB\00575.png,sim_data/masks\00575.png,0.0
sim_data/RGB\00576.png,sim_data/masks\00576.png,-0.001066182041540742
sim_data/RGB\00577.png,sim_data/masks\00577.png,-0.0014366891700774431
sim_data/RGB\00578.png,sim_data/masks\00578.png,-0.0014366891700774431
sim_data/RGB\00579.png,sim_data/masks\00579.png,-0.0012440196005627513
sim_data/RGB\00580.png,sim_data/masks\00580.png,-0.0013496332103386521
sim_data/RGB\00581.png,sim_data/masks\00581.png,-0.0014193737879395485
sim_data/RGB\00582.png,sim_data/masks\00582.png,-0.0014193737879395485
sim_data/RGB\00583.png,sim_data/masks\00583.png,-0.001185351051390171
sim_data/RGB\00584.png,sim_data/masks\00584.png,-0.0014495250070467591
sim_data/RGB\00585.png,sim_data/masks\00585.png,-0.001185351051390171
sim_data/RGB\00586.png,sim_data/masks\00586.png,-0.0013496332103386521
sim_data/RGB\00587.png,sim_data/masks\00587.png,-0.0014193737879395485
sim_data/RGB\00588.png,sim_data/masks\00588.png,-0.0014193737879395485
sim_data/RGB\00589.png,sim_data/masks\00589.png,-0.00129096454475075
sim_data/RGB\00590.png,sim_data/masks\00590.png,-0.0013194821076467633
sim_data/RGB\00591.png,sim_data/masks\00591.png,-0.0013194821076467633
sim_data/RGB\00592.png,sim_data/masks\00592.png,-0.0013194821076467633
sim_data/RGB\00593.png,sim_data/masks\00593.png,-0.0013194821076467633
sim_data/RGB\00594.png,sim_data/masks\00594.png,-0.0013194821076467633
sim_data/RGB\00595.png,sim_data/masks\00595.png,-0.0013194821076467633
sim_data/RGB\00596.png,sim_data/masks\00596.png,-0.0013194821076467633
sim_data/RGB\00597.png,sim_data/masks\00597.png,-0.0013194821076467633
sim_data/RGB\00598.png,sim_data/masks\00598.png,-0.0013194821076467633
sim_data/RGB\00599.png,sim_data/masks\00599.png,-0.0013194821076467633
sim_data/RGB\00600.png,sim_data/masks\00600.png,-0.0013194821076467633
sim_data/RGB\00601.png,sim_data/masks\00601.png,-0.0013194821076467633
sim_data/RGB\00602.png,sim_data/masks\00602.png,-0.0013194821076467633
sim_data/RGB\00603.png,sim_data/masks\00603.png,-0.0013194821076467633
sim_data/RGB\00604.png,sim_data/masks\00604.png,-0.0013194821076467633
sim_data/RGB\00605.png,sim_data/masks\00605.png,-0.0013194821076467633
sim_data/RGB\00606.png,sim_data/masks\00606.png,-0.0013194821076467633
sim_data/RGB\00607.png,sim_data/masks\00607.png,-0.0013194821076467633
sim_data/RGB\00608.png,sim_data/masks\00608.png,-0.0012138684978708625
sim_data/RGB\00609.png,sim_data/masks\00609.png,0.0004970483714714646
sim_data/RGB\00610.png,sim_data/masks\00610.png,0.0004970483714714646
sim_data/RGB\00611.png,sim_data/masks\00611.png,0.0
sim_data/RGB\00612.png,sim_data/masks\00612.png,0.0
sim_data/RGB\00613.png,sim_data/masks\00613.png,0.0
sim_data/RGB\00614.png,sim_data/masks\00614.png,0.0006155604496598244
sim_data/RGB\00615.png,sim_data/masks\00615.png,-0.00017573311924934387
sim_data/RGB\00616.png,sim_data/masks\00616.png,0.0
sim_data/RGB\00617.png,sim_data/masks\00617.png,0.0
sim_data/RGB\00618.png,sim_data/masks\00618.png,0.0
sim_data/RGB\00619.png,sim_data/masks\00619.png,0.0
sim_data/RGB\00620.png,sim_data/masks\00620.png,0.0
sim_data/RGB\00621.png,sim_data/masks\00621.png,0.0
sim_data/RGB\00622.png,sim_data/masks\00622.png,0.0
sim_data/RGB\00623.png,sim_data/masks\00623.png,0.0
sim_data/RGB\00624.png,sim_data/masks\00624.png,0.0
sim_data/RGB\00625.png,sim_data/masks\00625.png,0.0
sim_data/RGB\00626.png,sim_data/masks\00626.png,0.0
sim_data/RGB\00627.png,sim_data/masks\00627.png,0.0
sim_data/RGB\00628.png,sim_data/masks\00628.png,0.0006155604496598244
sim_data/RGB\00629.png,sim_data/masks\00629.png,0.00043982735951431096
sim_data/RGB\00630.png,sim_data/masks\00630.png,0.00043982735951431096
sim_data/RGB\00631.png,sim_data/masks\00631.png,-0.00017573311924934387
sim_data/RGB\00632.png,sim_data/masks\00632.png,0.0
sim_data/RGB\00633.png,sim_data/masks\00633.png,0.0006155604496598244
sim_data/RGB\00634.png,sim_data/masks\00634.png,-0.00017573311924934387
sim_data/RGB\00635.png,sim_data/masks\00635.png,-0.0012311208993196487
sim_data/RGB\00636.png,sim_data/masks\00636.png,-0.0008796547190286219
sim_data/RGB\00637.png,sim_data/masks\00637.png,0.00035146623849868774
sim_data/RGB\00638.png,sim_data/masks\00638.png,0.0
sim_data/RGB\00639.png,sim_data/masks\00639.png,0.0
sim_data/RGB\00640.png,sim_data/masks\00640.png,0.0
sim_data/RGB\00641.png,sim_data/masks\00641.png,0.0
sim_data/RGB\00642.png,sim_data/masks\00642.png,0.0
sim_data/RGB\00643.png,sim_data/masks\00643.png,-0.0006155604496598244
sim_data/RGB\00644.png,sim_data/masks\00644.png,0.00017573311924934387
sim_data/RGB\00645.png,sim_data/masks\00645.png,0.0
sim_data/RGB\00646.png,sim_data/masks\00646.png,-0.0006155604496598244
sim_data/RGB\00647.png,sim_data/masks\00647.png,-0.0006155604496598244
sim_data/RGB\00648.png,sim_data/masks\00648.png,0.00017573311924934387
sim_data/RGB\00649.png,sim_data/masks\00649.png,0.0
sim_data/RGB\00650.png,sim_data/masks\00650.png,-0.0006155604496598244
sim_data/RGB\00651.png,sim_data/masks\00651.png,0.00017573311924934387
sim_data/RGB\00652.png,sim_data/masks\00652.png,0.0006155604496598244
sim_data/RGB\00653.png,sim_data/masks\00653.png,-0.00017573311924934387
sim_data/RGB\00654.png,sim_data/masks\00654.png,0.000870533986017108
sim_data/RGB\00655.png,sim_data/masks\00655.png,0.0008176579140126705
sim_data/RGB\00656.png,sim_data/masks\00656.png,0.0005661552422679961
sim_data/RGB\00657.png,sim_data/masks\00657.png,0.0003670363512355834
sim_data/RGB\00658.png,sim_data/masks\00658.png,-0.00017573311924934387
sim_data/RGB\00659.png,sim_data/masks\00659.png,0.0
sim_data/RGB\00660.png,sim_data/masks\00660.png,0.0
sim_data/RGB\00661.png,sim_data/masks\00661.png,0.0
sim_data/RGB\00662.png,sim_data/masks\00662.png,0.0006155604496598244
sim_data/RGB\00663.png,sim_data/masks\00663.png,0.0006155604496598244
sim_data/RGB\00664.png,sim_data/masks\00664.png,-0.00017573311924934387
sim_data/RGB\00665.png,sim_data/masks\00665.png,0.0
sim_data/RGB\00666.png,sim_data/masks\00666.png,0.0
sim_data/RGB\00667.png,sim_data/masks\00667.png,0.0
sim_data/RGB\00668.png,sim_data/masks\00668.png,0.0
sim_data/RGB\00669.png,sim_data/masks\00669.png,0.0
sim_data/RGB\00670.png,sim_data/masks\00670.png,0.0
sim_data/RGB\00671.png,sim_data/masks\00671.png,0.0
sim_data/RGB\00672.png,sim_data/masks\00672.png,0.0
sim_data/RGB\00673.png,sim_data/masks\00673.png,0.0
sim_data/RGB\00674.png,sim_data/masks\00674.png,0.0
sim_data/RGB\00675.png,sim_data/masks\00675.png,0.0
sim_data/RGB\00676.png,sim_data/masks\00676.png,0.0
sim_data/RGB\00677.png,sim_data/masks\00677.png,0.0006155604496598244
sim_data/RGB\00678.png,sim_data/masks\00678.png,0.00043982735951431096
sim_data/RGB\00679.png,sim_data/masks\00679.png,-0.00017573311924934387
sim_data/RGB\00680.png,sim_data/masks\00680.png,-0.0006155604496598244
sim_data/RGB\00681.png,sim_data/masks\00681.png,-0.0006155604496598244
sim_data/RGB\00682.png,sim_data/masks\00682.png,0.00017573311924934387
sim_data/RGB\00683.png,sim_data/masks\00683.png,-0.0006155604496598244
sim_data/RGB\00684.png,sim_data/masks\00684.png,-0.00043982735951431096
sim_data/RGB\00685.png,sim_data/masks\00685.png,0.00017573311924934387
sim_data/RGB\00686.png,sim_data/masks\00686.png,0.00017573311924934387
sim_data/RGB\00687.png,sim_data/masks\00687.png,0.0
sim_data/RGB\00688.png,sim_data/masks\00688.png,0.0
sim_data/RGB\00689.png,sim_data/masks\00689.png,0.0
sim_data/RGB\00690.png,sim_data/masks\00690.png,0.0
sim_data/RGB\00691.png,sim_data/masks\00691.png,0.0
sim_data/RGB\00692.png,sim_data/masks\00692.png,0.0006155604496598244
sim_data/RGB\00693.png,sim_data/masks\00693.png,-0.00017573311924934387
sim_data/RGB\00694.png,sim_data/masks\00694.png,0.0006155604496598244
sim_data/RGB\00695.png,sim_data/masks\00695.png,-0.00017573311924934387
sim_data/RGB\00696.png,sim_data/masks\00696.png,0.0
sim_data/RGB\00697.png,sim_data/masks\00697.png,0.0
sim_data/RGB\00698.png,sim_data/masks\00698.png,0.0
sim_data/RGB\00699.png,sim_data/masks\00699.png,0.0
sim_data/RGB\00700.png,sim_data/masks\00700.png,-0.0006155604496598244
sim_data/RGB\00701.png,sim_data/masks\00701.png,0.00017573311924934387
sim_data/RGB\00702.png,sim_data/masks\00702.png,0.0
sim_data/RGB\00703.png,sim_data/masks\00703.png,0.0
sim_data/RGB\00704.png,sim_data/masks\00704.png,0.0
sim_data/RGB\00705.png,sim_data/masks\00705.png,0.0
sim_data/RGB\00706.png,sim_data/masks\00706.png,0.0006155604496598244
sim_data/RGB\00707.png,sim_data/masks\00707.png,0.00043982735951431096
sim_data/RGB\00708.png,sim_data/masks\00708.png,-0.00017573311924934387
sim_data/RGB\00709.png,sim_data/masks\00709.png,0.0
sim_data/RGB\00710.png,sim_data/masks\00710.png,0.0
sim_data/RGB\00711.png,sim_data/masks\00711.png,0.0
sim_data/RGB\00712.png,sim_data/masks\00712.png,0.0
sim_data/RGB\00713.png,sim_data/masks\00713.png,-0.0006155604496598244
sim_data/RGB\00714.png,sim_data/masks\00714.png,-0.0006948008667677641
sim_data/RGB\00715.png,sim_data/masks\00715.png,0.0002485241857357323
sim_data/RGB\00716.png,sim_data/masks\00716.png,0.0
sim_data/RGB\00717.png,sim_data/masks\00717.png,0.0
sim_data/RGB\00718.png,sim_data/masks\00718.png,0.0006155604496598244
sim_data/RGB\00719.png,sim_data/masks\00719.png,-0.00017573311924934387
sim_data/RGB\00720.png,sim_data/masks\00720.png,0.0
sim_data/RGB\00721.png,sim_data/masks\00721.png,0.0
sim_data/RGB\00722.png,sim_data/masks\00722.png,0.0
sim_data/RGB\00723.png,sim_data/masks\00723.png,0.0
sim_data/RGB\00724.png,sim_data/masks\00724.png,0.0
sim_data/RGB\00725.png,sim_data/masks\00725.png,0.0
sim_data/RGB\00726.png,sim_data/masks\00726.png,0.06841731071472168
sim_data/RGB\00727.png,sim_data/masks\00727.png,0.13218533992767334
sim_data/RGB\00728.png,sim_data/masks\00728.png,0.10337524116039276
sim_data/RGB\00729.png,sim_data/masks\00729.png,0.06821373850107193
sim_data/RGB\00730.png,sim_data/masks\00730.png,0.06821373850107193
sim_data/RGB\00731.png,sim_data/masks\00731.png,0.13442780077457428
sim_data/RGB\00732.png,sim_data/masks\00732.png,0.09589368849992752
sim_data/RGB\00733.png,sim_data/masks\00733.png,0.06579362601041794
sim_data/RGB\00734.png,sim_data/masks\00734.png,0.1659330576658249
sim_data/RGB\00735.png,sim_data/masks\00735.png,0.13465741276741028
sim_data/RGB\00736.png,sim_data/masks\00736.png,0.20708800852298737
sim_data/RGB\00737.png,sim_data/masks\00737.png,0.1585673838853836
sim_data/RGB\00738.png,sim_data/masks\00738.png,0.1947154551744461
sim_data/RGB\00739.png,sim_data/masks\00739.png,0.14085881412029266
sim_data/RGB\00740.png,sim_data/masks\00740.png,0.16811305284500122
sim_data/RGB\00741.png,sim_data/masks\00741.png,0.11735107749700546
sim_data/RGB\00742.png,sim_data/masks\00742.png,0.1334555596113205
sim_data/RGB\00743.png,sim_data/masks\00743.png,0.08706916123628616
sim_data/RGB\00744.png,sim_data/masks\00744.png,0.09947563707828522
sim_data/RGB\00745.png,sim_data/masks\00745.png,0.057484690099954605
sim_data/RGB\00746.png,sim_data/masks\00746.png,0.02809504233300686
sim_data/RGB\00747.png,sim_data/masks\00747.png,0.009770726785063744
sim_data/RGB\00748.png,sim_data/masks\00748.png,0.001362247858196497
sim_data/RGB\00749.png,sim_data/masks\00749.png,-0.02275216206908226
sim_data/RGB\00750.png,sim_data/masks\00750.png,-0.02275216206908226
sim_data/RGB\00751.png,sim_data/masks\00751.png,-0.018070723861455917
sim_data/RGB\00752.png,sim_data/masks\00752.png,-0.010436047799885273
sim_data/RGB\00753.png,sim_data/masks\00753.png,-0.004867418669164181
sim_data/RGB\00754.png,sim_data/masks\00754.png,-0.0013797252904623747
sim_data/RGB\00755.png,sim_data/masks\00755.png,0.0005763198714703321
sim_data/RGB\00756.png,sim_data/masks\00756.png,0.0012419151607900858
sim_data/RGB\00757.png,sim_data/masks\00757.png,-0.09025318175554276
sim_data/RGB\00758.png,sim_data/masks\00758.png,-0.08106879889965057
sim_data/RGB\00759.png,sim_data/masks\00759.png,-0.20912757515907288
sim_data/RGB\00760.png,sim_data/masks\00760.png,-0.1649188995361328
sim_data/RGB\00761.png,sim_data/masks\00761.png,-0.12965714931488037
sim_data/RGB\00762.png,sim_data/masks\00762.png,-0.1674388200044632
sim_data/RGB\00763.png,sim_data/masks\00763.png,-0.11632313579320908
sim_data/RGB\00764.png,sim_data/masks\00764.png,-0.15997129678726196
sim_data/RGB\00765.png,sim_data/masks\00765.png,-0.1988314837217331
sim_data/RGB\00766.png,sim_data/masks\00766.png,-0.14703090488910675
sim_data/RGB\00767.png,sim_data/masks\00767.png,-0.1915437877178192
sim_data/RGB\00768.png,sim_data/masks\00768.png,-0.22926878929138184
sim_data/RGB\00769.png,sim_data/masks\00769.png,-0.1755562722682953
sim_data/RGB\00770.png,sim_data/masks\00770.png,-0.2170105278491974
sim_data/RGB\00771.png,sim_data/masks\00771.png,-0.1624881625175476
sim_data/RGB\00772.png,sim_data/masks\00772.png,-0.20960254967212677
sim_data/RGB\00773.png,sim_data/masks\00773.png,-0.24292466044425964
sim_data/RGB\00774.png,sim_data/masks\00774.png,-0.17788797616958618
sim_data/RGB\00775.png,sim_data/masks\00775.png,-0.20258678495883942
sim_data/RGB\00776.png,sim_data/masks\00776.png,-0.22007106244564056
sim_data/RGB\00777.png,sim_data/masks\00777.png,-0.15878164768218994
sim_data/RGB\00778.png,sim_data/masks\00778.png,-0.19771797955036163
sim_data/RGB\00779.png,sim_data/masks\00779.png,-0.315589040517807
sim_data/RGB\00780.png,sim_data/masks\00780.png,-0.24627168476581573
sim_data/RGB\00781.png,sim_data/masks\00781.png,-0.2835068106651306
sim_data/RGB\00782.png,sim_data/masks\00782.png,-0.21784761548042297
sim_data/RGB\00783.png,sim_data/masks\00783.png,-0.2605115473270416
sim_data/RGB\00784.png,sim_data/masks\00784.png,-0.3168788254261017
sim_data/RGB\00785.png,sim_data/masks\00785.png,-0.3074580132961273
sim_data/RGB\00786.png,sim_data/masks\00786.png,-0.34660714864730835
sim_data/RGB\00787.png,sim_data/masks\00787.png,-0.2682945430278778
sim_data/RGB\00788.png,sim_data/masks\00788.png,-0.19966575503349304
sim_data/RGB\00789.png,sim_data/masks\00789.png,-0.19917063415050507
sim_data/RGB\00790.png,sim_data/masks\00790.png,-0.22537896037101746
sim_data/RGB\00791.png,sim_data/masks\00791.png,-0.2989543378353119
sim_data/RGB\00792.png,sim_data/masks\00792.png,-0.2331722378730774
sim_data/RGB\00793.png,sim_data/masks\00793.png,-0.27355077862739563
sim_data/RGB\00794.png,sim_data/masks\00794.png,-0.212174654006958
sim_data/RGB\00795.png,sim_data/masks\00795.png,-0.23252728581428528
sim_data/RGB\00796.png,sim_data/masks\00796.png,-0.20132943987846375
sim_data/RGB\00797.png,sim_data/masks\00797.png,-0.20132943987846375
sim_data/RGB\00798.png,sim_data/masks\00798.png,-0.2849676012992859
sim_data/RGB\00799.png,sim_data/masks\00799.png,-0.2310732901096344
sim_data/RGB\00800.png,sim_data/masks\00800.png,-0.27002811431884766
sim_data/RGB\00801.png,sim_data/masks\00801.png,-0.3042505085468292
sim_data/RGB\00802.png,sim_data/masks\00802.png,-0.24788188934326172
sim_data/RGB\00803.png,sim_data/masks\00803.png,-0.2990216016769409
sim_data/RGB\00804.png,sim_data/masks\00804.png,-0.24043329060077667
sim_data/RGB\00805.png,sim_data/masks\00805.png,-0.1843494176864624
sim_data/RGB\00806.png,sim_data/masks\00806.png,-0.23034286499023438
sim_data/RGB\00807.png,sim_data/masks\00807.png,-0.2519904673099518
sim_data/RGB\00808.png,sim_data/masks\00808.png,-0.22262580692768097
sim_data/RGB\00809.png,sim_data/masks\00809.png,-0.22262580692768097
sim_data/RGB\00810.png,sim_data/masks\00810.png,-0.28803932666778564
sim_data/RGB\00811.png,sim_data/masks\00811.png,-0.23268674314022064
sim_data/RGB\00812.png,sim_data/masks\00812.png,-0.26291146874427795
sim_data/RGB\00813.png,sim_data/masks\00813.png,-0.21373657882213593
sim_data/RGB\00814.png,sim_data/masks\00814.png,-0.21373657882213593
sim_data/RGB\00815.png,sim_data/masks\00815.png,-0.29201340675354004
sim_data/RGB\00816.png,sim_data/masks\00816.png,-0.2359359860420227
sim_data/RGB\00817.png,sim_data/masks\00817.png,-0.18800881505012512
sim_data/RGB\00818.png,sim_data/masks\00818.png,-0.2357524037361145
sim_data/RGB\00819.png,sim_data/masks\00819.png,-0.18906909227371216
sim_data/RGB\00820.png,sim_data/masks\00820.png,-0.2449779361486435
sim_data/RGB\00821.png,sim_data/masks\00821.png,-0.2066604495048523
sim_data/RGB\00822.png,sim_data/masks\00822.png,-0.24043524265289307
sim_data/RGB\00823.png,sim_data/masks\00823.png,-0.255304217338562
sim_data/RGB\00824.png,sim_data/masks\00824.png,-0.20451049506664276
sim_data/RGB\00825.png,sim_data/masks\00825.png,-0.15946967899799347
sim_data/RGB\00826.png,sim_data/masks\00826.png,-0.21912488341331482
sim_data/RGB\00827.png,sim_data/masks\00827.png,-0.21912488341331482
sim_data/RGB\00828.png,sim_data/masks\00828.png,-0.19669756293296814
sim_data/RGB\00829.png,sim_data/masks\00829.png,-0.15531040728092194
sim_data/RGB\00830.png,sim_data/masks\00830.png,-0.20392605662345886
sim_data/RGB\00831.png,sim_data/masks\00831.png,-0.14554719626903534
sim_data/RGB\00832.png,sim_data/masks\00832.png,-0.20120641589164734
sim_data/RGB\00833.png,sim_data/masks\00833.png,-0.24798783659934998
sim_data/RGB\00834.png,sim_data/masks\00834.png,-0.19789674878120422
sim_data/RGB\00835.png,sim_data/masks\00835.png,-0.21517416834831238
sim_data/RGB\00836.png,sim_data/masks\00836.png,-0.21517416834831238
sim_data/RGB\00837.png,sim_data/masks\00837.png,-0.12043412774801254
sim_data/RGB\00838.png,sim_data/masks\00838.png,-0.20396238565444946
sim_data/RGB\00839.png,sim_data/masks\00839.png,-0.1598675549030304
sim_data/RGB\00840.png,sim_data/masks\00840.png,-0.19992570579051971
sim_data/RGB\00841.png,sim_data/masks\00841.png,-0.14250631630420685
sim_data/RGB\00842.png,sim_data/masks\00842.png,-0.1038510799407959
sim_data/RGB\00843.png,sim_data/masks\00843.png,-0.035220853984355927
sim_data/RGB\00844.png,sim_data/masks\00844.png,-0.035220853984355927
sim_data/RGB\00845.png,sim_data/masks\00845.png,0.07704401016235352
sim_data/RGB\00846.png,sim_data/masks\00846.png,0.07704401016235352
sim_data/RGB\00847.png,sim_data/masks\00847.png,0.04908088967204094
sim_data/RGB\00848.png,sim_data/masks\00848.png,0.034405700862407684
sim_data/RGB\00849.png,sim_data/masks\00849.png,0.022722847759723663
sim_data/RGB\00850.png,sim_data/masks\00850.png,0.013830452226102352
sim_data/RGB\00851.png,sim_data/masks\00851.png,0.008768080733716488
sim_data/RGB\00852.png,sim_data/masks\00852.png,0.003937636036425829
sim_data/RGB\00853.png,sim_data/masks\00853.png,0.10951262712478638
sim_data/RGB\00854.png,sim_data/masks\00854.png,0.09363735467195511
sim_data/RGB\00855.png,sim_data/masks\00855.png,0.15945512056350708
sim_data/RGB\00856.png,sim_data/masks\00856.png,0.29037806391716003
sim_data/RGB\00857.png,sim_data/masks\00857.png,0.29037806391716003
sim_data/RGB\00858.png,sim_data/masks\00858.png,0.26834049820899963
sim_data/RGB\00859.png,sim_data/masks\00859.png,0.20418867468833923
sim_data/RGB\00860.png,sim_data/masks\00860.png,0.15926839411258698
sim_data/RGB\00861.png,sim_data/masks\00861.png,0.1881435662508011
sim_data/RGB\00862.png,sim_data/masks\00862.png,0.12369897216558456
sim_data/RGB\00863.png,sim_data/masks\00863.png,0.17165698111057281
sim_data/RGB\00864.png,sim_data/masks\00864.png,0.17165698111057281
sim_data/RGB\00865.png,sim_data/masks\00865.png,0.0829930305480957
sim_data/RGB\00866.png,sim_data/masks\00866.png,0.062239281833171844
sim_data/RGB\00867.png,sim_data/masks\00867.png,0.04442743957042694
sim_data/RGB\00868.png,sim_data/masks\00868.png,0.019664987921714783
sim_data/RGB\00869.png,sim_data/masks\00869.png,0.046982020139694214
sim_data/RGB\00870.png,sim_data/masks\00870.png,0.030672432854771614
sim_data/RGB\00871.png,sim_data/masks\00871.png,0.012727313674986362
sim_data/RGB\00872.png,sim_data/masks\00872.png,0.012727313674986362
sim_data/RGB\00873.png,sim_data/masks\00873.png,0.0040938956663012505
sim_data/RGB\00874.png,sim_data/masks\00874.png,0.0028793204110115767
sim_data/RGB\00875.png,sim_data/masks\00875.png,0.012752868235111237
sim_data/RGB\00876.png,sim_data/masks\00876.png,0.009315267205238342
sim_data/RGB\00877.png,sim_data/masks\00877.png,0.006981107871979475
sim_data/RGB\00878.png,sim_data/masks\00878.png,0.0024216342717409134
sim_data/RGB\00879.png,sim_data/masks\00879.png,-0.00022722608991898596
sim_data/RGB\00880.png,sim_data/masks\00880.png,-0.00022722608991898596
sim_data/RGB\00881.png,sim_data/masks\00881.png,0.0
sim_data/RGB\00882.png,sim_data/masks\00882.png,0.004687970504164696
sim_data/RGB\00883.png,sim_data/masks\00883.png,0.0034693386405706406
sim_data/RGB\00884.png,sim_data/masks\00884.png,0.0025689906906336546
sim_data/RGB\00885.png,sim_data/masks\00885.png,0.0011779754422605038
sim_data/RGB\00886.png,sim_data/masks\00886.png,0.0005661552422679961
sim_data/RGB\00887.png,sim_data/masks\00887.png,0.0005661552422679961
sim_data/RGB\00888.png,sim_data/masks\00888.png,-0.00017573311924934387
sim_data/RGB\00889.png,sim_data/masks\00889.png,0.0018466815818101168
sim_data/RGB\00890.png,sim_data/masks\00890.png,0.0013194821076467633
sim_data/RGB\00891.png,sim_data/masks\00891.png,0.000703921657986939
sim_data/RGB\00892.png,sim_data/masks\00892.png,-0.00035146623849868774
sim_data/RGB\00893.png,sim_data/masks\00893.png,0.000870533986017108
sim_data/RGB\00894.png,sim_data/masks\00894.png,0.0
sim_data/RGB\00895.png,sim_data/masks\00895.png,0.0006155604496598244
sim_data/RGB\00896.png,sim_data/masks\00896.png,0.0006948008667677641
sim_data/RGB\00897.png,sim_data/masks\00897.png,0.0009825967717915773
sim_data/RGB\00898.png,sim_data/masks\00898.png,-0.0002485241857357323
sim_data/RGB\00899.png,sim_data/masks\00899.png,-0.0002485241857357323
sim_data/RGB\00900.png,sim_data/masks\00900.png,0.0
sim_data/RGB\00901.png,sim_data/masks\00901.png,0.0
sim_data/RGB\00902.png,sim_data/masks\00902.png,0.0006155604496598244
sim_data/RGB\00903.png,sim_data/masks\00903.png,-0.00017573311924934387
sim_data/RGB\00904.png,sim_data/masks\00904.png,0.0006155604496598244
sim_data/RGB\00905.png,sim_data/masks\00905.png,-0.00017573311924934387
sim_data/RGB\00906.png,sim_data/masks\00906.png,0.000870533986017108
sim_data/RGB\00907.png,sim_data/masks\00907.png,0.0
sim_data/RGB\00908.png,sim_data/masks\00908.png,0.0
sim_data/RGB\00909.png,sim_data/masks\00909.png,0.0
sim_data/RGB\00910.png,sim_data/masks\00910.png,0.0
sim_data/RGB\00911.png,sim_data/masks\00911.png,0.0006155604496598244
sim_data/RGB\00912.png,sim_data/masks\00912.png,-0.00017573311924934387
sim_data/RGB\00913.png,sim_data/masks\00913.png,0.0
sim_data/RGB\00914.png,sim_data/masks\00914.png,0.0
sim_data/RGB\00915.png,sim_data/masks\00915.png,0.00017573311924934387
sim_data/RGB\00916.png,sim_data/masks\00916.png,0.00017573311924934387
sim_data/RGB\00917.png,sim_data/masks\00917.png,0.0
sim_data/RGB\00918.png,sim_data/masks\00918.png,0.0
sim_data/RGB\00919.png,sim_data/masks\00919.png,0.0
sim_data/RGB\00920.png,sim_data/masks\00920.png,0.0
sim_data/RGB\00921.png,sim_data/masks\00921.png,-0.0002485241857357323
sim_data/RGB\00922.png,sim_data/masks\00922.png,0.000870533986017108
sim_data/RGB\00923.png,sim_data/masks\00923.png,-0.0002485241857357323
sim_data/RGB\00924.png,sim_data/masks\00924.png,0.0006155604496598244
sim_data/RGB\00925.png,sim_data/masks\00925.png,-0.00017573311924934387
sim_data/RGB\00926.png,sim_data/masks\00926.png,0.0006155604496598244
sim_data/RGB\00927.png,sim_data/masks\00927.png,-0.00017573311924934387
sim_data/RGB\00928.png,sim_data/masks\00928.png,0.0006155604496598244
sim_data/RGB\00929.png,sim_data/masks\00929.png,0.0006155604496598244
sim_data/RGB\00930.png,sim_data/masks\00930.png,-0.00017573311924934387
sim_data/RGB\00931.png,sim_data/masks\00931.png,0.0
sim_data/RGB\00932.png,sim_data/masks\00932.png,0.0
sim_data/RGB\00933.png,sim_data/masks\00933.png,0.0
sim_data/RGB\00934.png,sim_data/masks\00934.png,0.0
sim_data/RGB\00935.png,sim_data/masks\00935.png,0.0
sim_data/RGB\00936.png,sim_data/masks\00936.png,0.00017573311924934387
sim_data/RGB\00937.png,sim_data/masks\00937.png,0.00017573311924934387
sim_data/RGB\00938.png,sim_data/masks\00938.png,0.001066182041540742
sim_data/RGB\00939.png,sim_data/masks\00939.png,0.0005661552422679961
sim_data/RGB\00940.png,sim_data/masks\00940.png,0.0008176579140126705
sim_data/RGB\00941.png,sim_data/masks\00941.png,0.0007147158030420542
sim_data/RGB\00942.png,sim_data/masks\00942.png,0.0007147158030420542
sim_data/RGB\00943.png,sim_data/masks\00943.png,0.0008796547190286219
sim_data/RGB\00944.png,sim_data/masks\00944.png,0.0008796547190286219
sim_data/RGB\00945.png,sim_data/masks\00945.png,0.0007618034142069519
sim_data/RGB\00946.png,sim_data/masks\00946.png,0.0007618034142069519
sim_data/RGB\00947.png,sim_data/masks\00947.png,0.0009267422719858587
sim_data/RGB\00948.png,sim_data/masks\00948.png,0.0009267422719858587
sim_data/RGB\00949.png,sim_data/masks\00949.png,0.0010249688057228923
sim_data/RGB\00950.png,sim_data/masks\00950.png,0.0008381697698496282
sim_data/RGB\00951.png,sim_data/masks\00951.png,0.0008381697698496282
sim_data/RGB\00952.png,sim_data/masks\00952.png,0.0010249688057228923
sim_data/RGB\00953.png,sim_data/masks\00953.png,0.0009834838565438986
sim_data/RGB\00954.png,sim_data/masks\00954.png,0.0009834838565438986
sim_data/RGB\00955.png,sim_data/masks\00955.png,0.0009834838565438986
sim_data/RGB\00956.png,sim_data/masks\00956.png,0.0009834838565438986
sim_data/RGB\00957.png,sim_data/masks\00957.png,0.0009834838565438986
sim_data/RGB\00958.png,sim_data/masks\00958.png,0.0009834838565438986
sim_data/RGB\00959.png,sim_data/masks\00959.png,0.0009834838565438986
sim_data/RGB\00960.png,sim_data/masks\00960.png,0.0009834838565438986
sim_data/RGB\00961.png,sim_data/masks\00961.png,0.0009834838565438986
sim_data/RGB\00962.png,sim_data/masks\00962.png,0.0009834838565438986
sim_data/RGB\00963.png,sim_data/masks\00963.png,0.0009834838565438986
sim_data/RGB\00964.png,sim_data/masks\00964.png,0.0009834838565438986
sim_data/RGB\00965.png,sim_data/masks\00965.png,0.0009834838565438986
sim_data/RGB\00966.png,sim_data/masks\00966.png,0.0009834838565438986
sim_data/RGB\00967.png,sim_data/masks\00967.png,0.0008381697698496282
sim_data/RGB\00968.png,sim_data/masks\00968.png,0.0007147158030420542
sim_data/RGB\00969.png,sim_data/masks\00969.png,0.0009267422719858587
sim_data/RGB\00970.png,sim_data/masks\00970.png,0.00026409426936879754
sim_data/RGB\00971.png,sim_data/masks\00971.png,0.00043982735951431096
sim_data/RGB\00972.png,sim_data/masks\00972.png,0.000890448922291398
sim_data/RGB\00973.png,sim_data/masks\00973.png,0.0006155604496598244
sim_data/RGB\00974.png,sim_data/masks\00974.png,0.0006155604496598244
sim_data/RGB\00975.png,sim_data/masks\00975.png,0.0
sim_data/RGB\00976.png,sim_data/masks\00976.png,0.000870533986017108
sim_data/RGB\00977.png,sim_data/masks\00977.png,-0.0002485241857357323
sim_data/RGB\00978.png,sim_data/masks\00978.png,0.0
sim_data/RGB\00979.png,sim_data/masks\00979.png,0.0
sim_data/RGB\00980.png,sim_data/masks\00980.png,-0.00017573311924934387
sim_data/RGB\00981.png,sim_data/masks\00981.png,-0.00017573311924934387
sim_data/RGB\00982.png,sim_data/masks\00982.png,-0.00017573311924934387
sim_data/RGB\00983.png,sim_data/masks\00983.png,0.0
sim_data/RGB\00984.png,sim_data/masks\00984.png,0.0
sim_data/RGB\00985.png,sim_data/masks\00985.png,0.0
sim_data/RGB\00986.png,sim_data/masks\00986.png,0.0
sim_data/RGB\00987.png,sim_data/masks\00987.png,0.0006155604496598244
sim_data/RGB\00988.png,sim_data/masks\00988.png,0.0013896017335355282
sim_data/RGB\00989.png,sim_data/masks\00989.png,0.0007340727024711668
sim_data/RGB\00990.png,sim_data/masks\00990.png,0.00026409426936879754
sim_data/RGB\00991.png,sim_data/masks\00991.png,-0.00017573311924934387
sim_data/RGB\00992.png,sim_data/masks\00992.png,0.0
sim_data/RGB\00993.png,sim_data/masks\00993.png,-0.000870533986017108
sim_data/RGB\00994.png,sim_data/masks\00994.png,-0.000870533986017108
sim_data/RGB\00995.png,sim_data/masks\00995.png,0.0
sim_data/RGB\00996.png,sim_data/masks\00996.png,0.0
sim_data/RGB\00997.png,sim_data/masks\00997.png,0.0
sim_data/RGB\00998.png,sim_data/masks\00998.png,0.0006155604496598244
sim_data/RGB\00999.png,sim_data/masks\00999.png,0.0006948008667677641
sim_data/RGB\01000.png,sim_data/masks\01000.png,-0.000870533986017108
sim_data/RGB\01001.png,sim_data/masks\01001.png,-0.000870533986017108
sim_data/RGB\01002.png,sim_data/masks\01002.png,0.0
sim_data/RGB\01003.png,sim_data/masks\01003.png,0.0
sim_data/RGB\01004.png,sim_data/masks\01004.png,-0.0006155604496598244
sim_data/RGB\01005.png,sim_data/masks\01005.png,0.00017573311924934387
sim_data/RGB\01006.png,sim_data/masks\01006.png,-0.0006155604496598244
sim_data/RGB\01007.png,sim_data/masks\01007.png,0.00017573311924934387
sim_data/RGB\01008.png,sim_data/masks\01008.png,0.0
sim_data/RGB\01009.png,sim_data/masks\01009.png,0.0
sim_data/RGB\01010.png,sim_data/masks\01010.png,-0.00137643504422158
sim_data/RGB\01011.png,sim_data/masks\01011.png,-0.00137643504422158
sim_data/RGB\01012.png,sim_data/masks\01012.png,-0.001010760897770524
sim_data/RGB\01013.png,sim_data/masks\01013.png,-0.001010760897770524
sim_data/RGB\01014.png,sim_data/masks\01014.png,0.0002485241857357323
sim_data/RGB\01015.png,sim_data/masks\01015.png,-0.0006155604496598244
sim_data/RGB\01016.png,sim_data/masks\01016.png,-0.00043982735951431096
sim_data/RGB\01017.png,sim_data/masks\01017.png,-0.00043982735951431096
sim_data/RGB\01018.png,sim_data/masks\01018.png,-0.0006948008667677641
sim_data/RGB\01019.png,sim_data/masks\01019.png,0.0002485241857357323
sim_data/RGB\01020.png,sim_data/masks\01020.png,0.0
sim_data/RGB\01021.png,sim_data/masks\01021.png,0.0
sim_data/RGB\01022.png,sim_data/masks\01022.png,0.0
sim_data/RGB\01023.png,sim_data/masks\01023.png,0.0
sim_data/RGB\01024.png,sim_data/masks\01024.png,0.0
sim_data/RGB\01025.png,sim_data/masks\01025.png,-0.0006155604496598244
sim_data/RGB\01026.png,sim_data/masks\01026.png,0.00017573311924934387
sim_data/RGB\01027.png,sim_data/masks\01027.png,0.0
sim_data/RGB\01028.png,sim_data/masks\01028.png,0.0
sim_data/RGB\01029.png,sim_data/masks\01029.png,0.0
sim_data/RGB\01030.png,sim_data/masks\01030.png,-0.00017573311924934387
sim_data/RGB\01031.png,sim_data/masks\01031.png,-0.00017573311924934387
sim_data/RGB\01032.png,sim_data/masks\01032.png,0.0
sim_data/RGB\01033.png,sim_data/masks\01033.png,0.0
sim_data/RGB\01034.png,sim_data/masks\01034.png,0.0006155604496598244
sim_data/RGB\01035.png,sim_data/masks\01035.png,0.00043982735951431096
sim_data/RGB\01036.png,sim_data/masks\01036.png,0.000890448922291398
sim_data/RGB\01037.png,sim_data/masks\01037.png,-0.000304378685541451
sim_data/RGB\01038.png,sim_data/masks\01038.png,-0.000870533986017108
sim_data/RGB\01039.png,sim_data/masks\01039.png,-0.000870533986017108
sim_data/RGB\01040.png,sim_data/masks\01040.png,0.00017573311924934387
sim_data/RGB\01041.png,sim_data/masks\01041.png,0.00017573311924934387
sim_data/RGB\01042.png,sim_data/masks\01042.png,0.0
sim_data/RGB\01043.png,sim_data/masks\01043.png,0.0
sim_data/RGB\01044.png,sim_data/masks\01044.png,0.0006155604496598244
sim_data/RGB\01045.png,sim_data/masks\01045.png,0.0006155604496598244
sim_data/RGB\01046.png,sim_data/masks\01046.png,0.0
sim_data/RGB\01047.png,sim_data/masks\01047.png,0.0
sim_data/RGB\01048.png,sim_data/masks\01048.png,0.0
sim_data/RGB\01049.png,sim_data/masks\01049.png,0.0
sim_data/RGB\01050.png,sim_data/masks\01050.png,0.0
sim_data/RGB\01051.png,sim_data/masks\01051.png,0.0
sim_data/RGB\01052.png,sim_data/masks\01052.png,0.000870533986017108
sim_data/RGB\01053.png,sim_data/masks\01053.png,0.0017930591711774468
sim_data/RGB\01054.png,sim_data/masks\01054.png,0.0019551801960915327
sim_data/RGB\01055.png,sim_data/masks\01055.png,0.0027027300093322992
sim_data/RGB\01056.png,sim_data/masks\01056.png,0.002278799656778574
sim_data/RGB\01057.png,sim_data/masks\01057.png,0.0015173139981925488
sim_data/RGB\01058.png,sim_data/masks\01058.png,0.0015173139981925488
sim_data/RGB\01059.png,sim_data/masks\01059.png,-0.0005557169206440449
sim_data/RGB\01060.png,sim_data/masks\01060.png,-0.0005557169206440449
sim_data/RGB\01061.png,sim_data/masks\01061.png,0.0
sim_data/RGB\01062.png,sim_data/masks\01062.png,0.0
sim_data/RGB\01063.png,sim_data/masks\01063.png,0.0
sim_data/RGB\01064.png,sim_data/masks\01064.png,0.0
sim_data/RGB\01065.png,sim_data/masks\01065.png,-0.00017573311924934387
sim_data/RGB\01066.png,sim_data/masks\01066.png,0.0
sim_data/RGB\01067.png,sim_data/masks\01067.png,0.0
sim_data/RGB\01068.png,sim_data/masks\01068.png,0.0
sim_data/RGB\01069.png,sim_data/masks\01069.png,0.0
sim_data/RGB\01070.png,sim_data/masks\01070.png,-0.0006155604496598244
sim_data/RGB\01071.png,sim_data/masks\01071.png,-0.0006155604496598244
sim_data/RGB\01072.png,sim_data/masks\01072.png,-0.0006948008667677641
sim_data/RGB\01073.png,sim_data/masks\01073.png,-0.0006220098002813756
sim_data/RGB\01074.png,sim_data/masks\01074.png,-0.0006155604496598244
sim_data/RGB\01075.png,sim_data/masks\01075.png,0.00017573311924934387
sim_data/RGB\01076.png,sim_data/masks\01076.png,0.0
sim_data/RGB\01077.png,sim_data/masks\01077.png,0.0006155604496598244
sim_data/RGB\01078.png,sim_data/masks\01078.png,0.0
sim_data/RGB\01079.png,sim_data/masks\01079.png,0.0
sim_data/RGB\01080.png,sim_data/masks\01080.png,0.0
sim_data/RGB\01081.png,sim_data/masks\01081.png,0.0
sim_data/RGB\01082.png,sim_data/masks\01082.png,0.0
sim_data/RGB\01083.png,sim_data/masks\01083.png,-0.017844364047050476
sim_data/RGB\01084.png,sim_data/masks\01084.png,-0.017064252868294716
sim_data/RGB\01085.png,sim_data/masks\01085.png,-0.017064252868294716
sim_data/RGB\01086.png,sim_data/masks\01086.png,-0.033893752843141556
sim_data/RGB\01087.png,sim_data/masks\01087.png,-0.033893752843141556
sim_data/RGB\01088.png,sim_data/masks\01088.png,-0.02428443729877472
sim_data/RGB\01089.png,sim_data/masks\01089.png,-0.022792691364884377
sim_data/RGB\01090.png,sim_data/masks\01090.png,-0.02091391012072563
sim_data/RGB\01091.png,sim_data/masks\01091.png,-0.013219652697443962
sim_data/RGB\01092.png,sim_data/masks\01092.png,-0.013219652697443962
sim_data/RGB\01093.png,sim_data/masks\01093.png,-0.00888944324105978
sim_data/RGB\01094.png,sim_data/masks\01094.png,-0.00888944324105978
sim_data/RGB\01095.png,sim_data/masks\01095.png,-0.006144427694380283
sim_data/RGB\01096.png,sim_data/masks\01096.png,-0.08811080455780029
sim_data/RGB\01097.png,sim_data/masks\01097.png,-0.06857999414205551
sim_data/RGB\01098.png,sim_data/masks\01098.png,-0.049567725509405136
sim_data/RGB\01099.png,sim_data/masks\01099.png,-0.04605689272284508
sim_data/RGB\01100.png,sim_data/masks\01100.png,-0.13377290964126587
sim_data/RGB\01101.png,sim_data/masks\01101.png,-0.10675935447216034
sim_data/RGB\01102.png,sim_data/masks\01102.png,-0.09652940928936005
sim_data/RGB\01103.png,sim_data/masks\01103.png,-0.06943972408771515
sim_data/RGB\01104.png,sim_data/masks\01104.png,-0.12786751985549927
sim_data/RGB\01105.png,sim_data/masks\01105.png,-0.12786751985549927
sim_data/RGB\01106.png,sim_data/masks\01106.png,-0.17884770035743713
sim_data/RGB\01107.png,sim_data/masks\01107.png,-0.17884770035743713
sim_data/RGB\01108.png,sim_data/masks\01108.png,-0.08159239590167999
sim_data/RGB\01109.png,sim_data/masks\01109.png,-0.08159239590167999
sim_data/RGB\01110.png,sim_data/masks\01110.png,-0.09308989346027374
sim_data/RGB\01111.png,sim_data/masks\01111.png,-0.07434701919555664
sim_data/RGB\01112.png,sim_data/masks\01112.png,-0.22434702515602112
sim_data/RGB\01113.png,sim_data/masks\01113.png,-0.1719927191734314
sim_data/RGB\01114.png,sim_data/masks\01114.png,-0.15773867070674896
sim_data/RGB\01115.png,sim_data/masks\01115.png,-0.19349069893360138
sim_data/RGB\01116.png,sim_data/masks\01116.png,-0.1725921630859375
sim_data/RGB\01117.png,sim_data/masks\01117.png,-0.1725921630859375
sim_data/RGB\01118.png,sim_data/masks\01118.png,-0.15476980805397034
sim_data/RGB\01119.png,sim_data/masks\01119.png,-0.1145654022693634
sim_data/RGB\01120.png,sim_data/masks\01120.png,-0.08556945621967316
sim_data/RGB\01121.png,sim_data/masks\01121.png,-0.16432663798332214
sim_data/RGB\01122.png,sim_data/masks\01122.png,-0.12339550256729126
sim_data/RGB\01123.png,sim_data/masks\01123.png,-0.25209689140319824
sim_data/RGB\01124.png,sim_data/masks\01124.png,-0.25209689140319824
sim_data/RGB\01125.png,sim_data/masks\01125.png,-0.23465614020824432
sim_data/RGB\01126.png,sim_data/masks\01126.png,-0.23465614020824432
sim_data/RGB\01127.png,sim_data/masks\01127.png,-0.22067135572433472
sim_data/RGB\01128.png,sim_data/masks\01128.png,-0.17968569695949554
sim_data/RGB\01129.png,sim_data/masks\01129.png,-0.14649102091789246
sim_data/RGB\01130.png,sim_data/masks\01130.png,-0.22588887810707092
sim_data/RGB\01131.png,sim_data/masks\01131.png,-0.18147552013397217
sim_data/RGB\01132.png,sim_data/masks\01132.png,-0.22676049172878265
sim_data/RGB\01133.png,sim_data/masks\01133.png,-0.1814299374818802
sim_data/RGB\01134.png,sim_data/masks\01134.png,-0.29913511872291565
sim_data/RGB\01135.png,sim_data/masks\01135.png,-0.16282562911510468
sim_data/RGB\01136.png,sim_data/masks\01136.png,-0.16282562911510468
sim_data/RGB\01137.png,sim_data/masks\01137.png,-0.14264430105686188
sim_data/RGB\01138.png,sim_data/masks\01138.png,-0.11403687298297882
sim_data/RGB\01139.png,sim_data/masks\01139.png,-0.08038046956062317
sim_data/RGB\01140.png,sim_data/masks\01140.png,-0.037505850195884705
sim_data/RGB\01141.png,sim_data/masks\01141.png,-0.022729890421032906
sim_data/RGB\01142.png,sim_data/masks\01142.png,-0.036995094269514084
sim_data/RGB\01143.png,sim_data/masks\01143.png,-0.025578323751688004
sim_data/RGB\01144.png,sim_data/masks\01144.png,-0.018038557842373848
sim_data/RGB\01145.png,sim_data/masks\01145.png,-0.011974289081990719
sim_data/RGB\01146.png,sim_data/masks\01146.png,-0.007236314471811056
sim_data/RGB\01147.png,sim_data/masks\01147.png,-0.006465626880526543
sim_data/RGB\01148.png,sim_data/masks\01148.png,-0.0039732749573886395
sim_data/RGB\01149.png,sim_data/masks\01149.png,-0.0024741138331592083
sim_data/RGB\01150.png,sim_data/masks\01150.png,-0.0007743533933535218
sim_data/RGB\01151.png,sim_data/masks\01151.png,-3.271960304118693e-05
sim_data/RGB\01152.png,sim_data/masks\01152.png,0.0
sim_data/RGB\01153.png,sim_data/masks\01153.png,0.0
sim_data/RGB\01154.png,sim_data/masks\01154.png,-0.001628620084375143
sim_data/RGB\01155.png,sim_data/masks\01155.png,-0.0010428630048409104
sim_data/RGB\01156.png,sim_data/masks\01156.png,-0.00018510399968363345
sim_data/RGB\01157.png,sim_data/masks\01157.png,0.00017573311924934387
sim_data/RGB\01158.png,sim_data/masks\01158.png,0.0
sim_data/RGB\01159.png,sim_data/masks\01159.png,0.0
sim_data/RGB\01160.png,sim_data/masks\01160.png,0.0
sim_data/RGB\01161.png,sim_data/masks\01161.png,-0.0006155604496598244
sim_data/RGB\01162.png,sim_data/masks\01162.png,-0.000890448922291398
sim_data/RGB\01163.png,sim_data/masks\01163.png,-0.0007618034142069519
sim_data/RGB\01164.png,sim_data/masks\01164.png,0.000304378685541451
sim_data/RGB\01165.png,sim_data/masks\01165.png,0.0
sim_data/RGB\01166.png,sim_data/masks\01166.png,0.0
sim_data/RGB\01167.png,sim_data/masks\01167.png,0.0
sim_data/RGB\01168.png,sim_data/masks\01168.png,-0.0006948008667677641
sim_data/RGB\01169.png,sim_data/masks\01169.png,-0.0003670363512355834
sim_data/RGB\01170.png,sim_data/masks\01170.png,-0.00043982735951431096
sim_data/RGB\01171.png,sim_data/masks\01171.png,-0.00043982735951431096
sim_data/RGB\01172.png,sim_data/masks\01172.png,-0.0006948008667677641
sim_data/RGB\01173.png,sim_data/masks\01173.png,-0.0006220098002813756
sim_data/RGB\01174.png,sim_data/masks\01174.png,-0.0006220098002813756
sim_data/RGB\01175.png,sim_data/masks\01175.png,0.0006155604496598244
sim_data/RGB\01176.png,sim_data/masks\01176.png,-0.00017573311924934387
sim_data/RGB\01177.png,sim_data/masks\01177.png,-0.00017573311924934387
sim_data/RGB\01178.png,sim_data/masks\01178.png,0.0
sim_data/RGB\01179.png,sim_data/masks\01179.png,0.0
sim_data/RGB\01180.png,sim_data/masks\01180.png,0.0
sim_data/RGB\01181.png,sim_data/masks\01181.png,0.0
sim_data/RGB\01182.png,sim_data/masks\01182.png,0.0
sim_data/RGB\01183.png,sim_data/masks\01183.png,0.0
sim_data/RGB\01184.png,sim_data/masks\01184.png,0.0
sim_data/RGB\01185.png,sim_data/masks\01185.png,0.0006155604496598244
sim_data/RGB\01186.png,sim_data/masks\01186.png,-0.00017573311924934387
sim_data/RGB\01187.png,sim_data/masks\01187.png,0.0
sim_data/RGB\01188.png,sim_data/masks\01188.png,0.000870533986017108
sim_data/RGB\01189.png,sim_data/masks\01189.png,0.000870533986017108
sim_data/RGB\01190.png,sim_data/masks\01190.png,-0.0002485241857357323
sim_data/RGB\01191.png,sim_data/masks\01191.png,0.0
sim_data/RGB\01192.png,sim_data/masks\01192.png,0.0
sim_data/RGB\01193.png,sim_data/masks\01193.png,0.0
sim_data/RGB\01194.png,sim_data/masks\01194.png,0.0
sim_data/RGB\01195.png,sim_data/masks\01195.png,0.0
sim_data/RGB\01196.png,sim_data/masks\01196.png,0.0
sim_data/RGB\01197.png,sim_data/masks\01197.png,-0.000870533986017108
sim_data/RGB\01198.png,sim_data/masks\01198.png,-0.0003670363512355834
sim_data/RGB\01199.png,sim_data/masks\01199.png,-0.0006948008667677641
sim_data/RGB\01200.png,sim_data/masks\01200.png,0.0007912935689091682
sim_data/RGB\01201.png,sim_data/masks\01201.png,0.0007912935689091682
sim_data/RGB\01202.png,sim_data/masks\01202.png,0.000870533986017108
sim_data/RGB\01203.png,sim_data/masks\01203.png,0.0003670363512355834
sim_data/RGB\01204.png,sim_data/masks\01204.png,0.00043982735951431096
sim_data/RGB\01205.png,sim_data/masks\01205.png,-0.00017573311924934387
sim_data/RGB\01206.png,sim_data/masks\01206.png,0.0
sim_data/RGB\01207.png,sim_data/masks\01207.png,-0.001066182041540742
sim_data/RGB\01208.png,sim_data/masks\01208.png,-0.00031118179322220385
sim_data/RGB\01209.png,sim_data/masks\01209.png,0.00017573311924934387
sim_data/RGB\01210.png,sim_data/masks\01210.png,0.000870533986017108
sim_data/RGB\01211.png,sim_data/masks\01211.png,-0.0002485241857357323
sim_data/RGB\01212.png,sim_data/masks\01212.png,-0.0006155604496598244
sim_data/RGB\01213.png,sim_data/masks\01213.png,-0.00043982735951431096
sim_data/RGB\01214.png,sim_data/masks\01214.png,0.0
sim_data/RGB\01215.png,sim_data/masks\01215.png,0.0
sim_data/RGB\01216.png,sim_data/masks\01216.png,0.0
sim_data/RGB\01217.png,sim_data/masks\01217.png,0.0
sim_data/RGB\01218.png,sim_data/masks\01218.png,0.0006155604496598244
sim_data/RGB\01219.png,sim_data/masks\01219.png,0.00043982735951431096
sim_data/RGB\01220.png,sim_data/masks\01220.png,-0.00017573311924934387
sim_data/RGB\01221.png,sim_data/masks\01221.png,0.0
sim_data/RGB\01222.png,sim_data/masks\01222.png,-0.0006155604496598244
sim_data/RGB\01223.png,sim_data/masks\01223.png,0.00017573311924934387
sim_data/RGB\01224.png,sim_data/masks\01224.png,0.00043982735951431096
sim_data/RGB\01225.png,sim_data/masks\01225.png,0.00043982735951431096
sim_data/RGB\01226.png,sim_data/masks\01226.png,-0.0006155604496598244
sim_data/RGB\01227.png,sim_data/masks\01227.png,-0.0006155604496598244
sim_data/RGB\01228.png,sim_data/masks\01228.png,-0.00043982735951431096
sim_data/RGB\01229.png,sim_data/masks\01229.png,0.0
sim_data/RGB\01230.png,sim_data/masks\01230.png,0.0
sim_data/RGB\01231.png,sim_data/masks\01231.png,0.0006155604496598244
sim_data/RGB\01232.png,sim_data/masks\01232.png,-0.00017573311924934387
sim_data/RGB\01233.png,sim_data/masks\01233.png,0.0
sim_data/RGB\01234.png,sim_data/masks\01234.png,0.0
sim_data/RGB\01235.png,sim_data/masks\01235.png,0.0
sim_data/RGB\01236.png,sim_data/masks\01236.png,0.0006155604496598244
sim_data/RGB\01237.png,sim_data/masks\01237.png,-0.00017573311924934387
sim_data/RGB\01238.png,sim_data/masks\01238.png,0.0
sim_data/RGB\01239.png,sim_data/masks\01239.png,0.0
sim_data/RGB\01240.png,sim_data/masks\01240.png,0.0
sim_data/RGB\01241.png,sim_data/masks\01241.png,0.0
sim_data/RGB\01242.png,sim_data/masks\01242.png,0.0
sim_data/RGB\01243.png,sim_data/masks\01243.png,0.0
sim_data/RGB\01244.png,sim_data/masks\01244.png,0.0
sim_data/RGB\01245.png,sim_data/masks\01245.png,0.0
sim_data/RGB\01246.png,sim_data/masks\01246.png,0.0
sim_data/RGB\01247.png,sim_data/masks\01247.png,0.0
sim_data/RGB\01248.png,sim_data/masks\01248.png,-0.0006155604496598244
sim_data/RGB\01249.png,sim_data/masks\01249.png,0.00017573311924934387
sim_data/RGB\01250.png,sim_data/masks\01250.png,0.0
sim_data/RGB\01251.png,sim_data/masks\01251.png,0.0006155604496598244
sim_data/RGB\01252.png,sim_data/masks\01252.png,-0.00017573311924934387
sim_data/RGB\01253.png,sim_data/masks\01253.png,-0.0006155604496598244
sim_data/RGB\01254.png,sim_data/masks\01254.png,0.00017573311924934387
sim_data/RGB\01255.png,sim_data/masks\01255.png,0.0
sim_data/RGB\01256.png,sim_data/masks\01256.png,0.0
sim_data/RGB\01257.png,sim_data/masks\01257.png,0.0
sim_data/RGB\01258.png,sim_data/masks\01258.png,-0.0006155604496598244
sim_data/RGB\01259.png,sim_data/masks\01259.png,0.00017573311924934387
sim_data/RGB\01260.png,sim_data/masks\01260.png,0.0
sim_data/RGB\01261.png,sim_data/masks\01261.png,0.0
sim_data/RGB\01262.png,sim_data/masks\01262.png,0.0
sim_data/RGB\01263.png,sim_data/masks\01263.png,0.0
sim_data/RGB\01264.png,sim_data/masks\01264.png,0.0
sim_data/RGB\01265.png,sim_data/masks\01265.png,0.0
sim_data/RGB\01266.png,sim_data/masks\01266.png,0.0
sim_data/RGB\01267.png,sim_data/masks\01267.png,0.0
sim_data/RGB\01268.png,sim_data/masks\01268.png,0.0
sim_data/RGB\01269.png,sim_data/masks\01269.png,0.0
sim_data/RGB\01270.png,sim_data/masks\01270.png,0.0
sim_data/RGB\01271.png,sim_data/masks\01271.png,0.0
sim_data/RGB\01272.png,sim_data/masks\01272.png,-0.0006155604496598244
sim_data/RGB\01273.png,sim_data/masks\01273.png,0.0
sim_data/RGB\01274.png,sim_data/masks\01274.png,0.0
sim_data/RGB\01275.png,sim_data/masks\01275.png,0.0
sim_data/RGB\01276.png,sim_data/masks\01276.png,0.0
sim_data/RGB\01277.png,sim_data/masks\01277.png,0.0
sim_data/RGB\01278.png,sim_data/masks\01278.png,0.0006155604496598244
sim_data/RGB\01279.png,sim_data/masks\01279.png,-0.0006155604496598244
sim_data/RGB\01280.png,sim_data/masks\01280.png,-0.0006155604496598244
sim_data/RGB\01281.png,sim_data/masks\01281.png,0.0002485241857357323
sim_data/RGB\01282.png,sim_data/masks\01282.png,0.0006155604496598244
sim_data/RGB\01283.png,sim_data/masks\01283.png,-0.00017573311924934387
sim_data/RGB\01284.png,sim_data/masks\01284.png,-0.000870533986017108
sim_data/RGB\01285.png,sim_data/masks\01285.png,0.0002485241857357323
sim_data/RGB\01286.png,sim_data/masks\01286.png,0.0
sim_data/RGB\01287.png,sim_data/masks\01287.png,-0.0007912935689091682
sim_data/RGB\01288.png,sim_data/masks\01288.png,-0.00043982735951431096
sim_data/RGB\01289.png,sim_data/masks\01289.png,0.00017573311924934387
sim_data/RGB\01290.png,sim_data/masks\01290.png,0.0
sim_data/RGB\01291.png,sim_data/masks\01291.png,-0.0006155604496598244
sim_data/RGB\01292.png,sim_data/masks\01292.png,0.0007912935689091682
sim_data/RGB\01293.png,sim_data/masks\01293.png,-0.00017573311924934387
sim_data/RGB\01294.png,sim_data/masks\01294.png,0.0
sim_data/RGB\01295.png,sim_data/masks\01295.png,-0.0006155604496598244
sim_data/RGB\01296.png,sim_data/masks\01296.png,0.00017573311924934387
sim_data/RGB\01297.png,sim_data/masks\01297.png,0.0
sim_data/RGB\01298.png,sim_data/masks\01298.png,-0.00017573311924934387
sim_data/RGB\01299.png,sim_data/masks\01299.png,-0.00017573311924934387
sim_data/RGB\01300.png,sim_data/masks\01300.png,0.0
sim_data/RGB\01301.png,sim_data/masks\01301.png,0.0
sim_data/RGB\01302.png,sim_data/masks\01302.png,0.0
sim_data/RGB\01303.png,sim_data/masks\01303.png,0.0
sim_data/RGB\01304.png,sim_data/masks\01304.png,0.0
sim_data/RGB\01305.png,sim_data/masks\01305.png,0.0
sim_data/RGB\01306.png,sim_data/masks\01306.png,0.0
sim_data/RGB\01307.png,sim_data/masks\01307.png,0.0
sim_data/RGB\01308.png,sim_data/masks\01308.png,0.0
sim_data/RGB\01309.png,sim_data/masks\01309.png,0.000870533986017108
sim_data/RGB\01310.png,sim_data/masks\01310.png,-0.0002485241857357323
sim_data/RGB\01311.png,sim_data/masks\01311.png,0.0
sim_data/RGB\01312.png,sim_data/masks\01312.png,0.0006155604496598244
sim_data/RGB\01313.png,sim_data/masks\01313.png,-0.00017573311924934387
sim_data/RGB\01314.png,sim_data/masks\01314.png,0.0
sim_data/RGB\01315.png,sim_data/masks\01315.png,0.0
sim_data/RGB\01316.png,sim_data/masks\01316.png,0.0
sim_data/RGB\01317.png,sim_data/masks\01317.png,0.0
sim_data/RGB\01318.png,sim_data/masks\01318.png,0.0
sim_data/RGB\01319.png,sim_data/masks\01319.png,0.0
sim_data/RGB\01320.png,sim_data/masks\01320.png,-0.0006155604496598244
sim_data/RGB\01321.png,sim_data/masks\01321.png,-0.0006155604496598244
sim_data/RGB\01322.png,sim_data/masks\01322.png,-0.0006155604496598244
sim_data/RGB\01323.png,sim_data/masks\01323.png,-0.000870533986017108
sim_data/RGB\01324.png,sim_data/masks\01324.png,-0.000870533986017108
sim_data/RGB\01325.png,sim_data/masks\01325.png,0.000304378685541451
sim_data/RGB\01326.png,sim_data/masks\01326.png,0.0
sim_data/RGB\01327.png,sim_data/masks\01327.png,0.0
sim_data/RGB\01328.png,sim_data/masks\01328.png,0.0
sim_data/RGB\01329.png,sim_data/masks\01329.png,0.0
sim_data/RGB\01330.png,sim_data/masks\01330.png,-0.001066182041540742
sim_data/RGB\01331.png,sim_data/masks\01331.png,0.000304378685541451
sim_data/RGB\01332.png,sim_data/masks\01332.png,0.0
sim_data/RGB\01333.png,sim_data/masks\01333.png,0.0
sim_data/RGB\01334.png,sim_data/masks\01334.png,0.0
sim_data/RGB\01335.png,sim_data/masks\01335.png,0.0
sim_data/RGB\01336.png,sim_data/masks\01336.png,0.0
sim_data/RGB\01337.png,sim_data/masks\01337.png,0.0
sim_data/RGB\01338.png,sim_data/masks\01338.png,0.0
sim_data/RGB\01339.png,sim_data/masks\01339.png,0.0
sim_data/RGB\01340.png,sim_data/masks\01340.png,0.0
sim_data/RGB\01341.png,sim_data/masks\01341.png,0.0
sim_data/RGB\01342.png,sim_data/masks\01342.png,0.0
sim_data/RGB\01343.png,sim_data/masks\01343.png,-0.0006155604496598244
sim_data/RGB\01344.png,sim_data/masks\01344.png,0.00017573311924934387
sim_data/RGB\01345.png,sim_data/masks\01345.png,0.00017573311924934387
sim_data/RGB\01346.png,sim_data/masks\01346.png,0.00017573311924934387
sim_data/RGB\01347.png,sim_data/masks\01347.png,-0.0002485241857357323
sim_data/RGB\01348.png,sim_data/masks\01348.png,-0.0002485241857357323
sim_data/RGB\01349.png,sim_data/masks\01349.png,-0.0002485241857357323
sim_data/RGB\01350.png,sim_data/masks\01350.png,0.0
sim_data/RGB\01351.png,sim_data/masks\01351.png,-0.0006155604496598244
sim_data/RGB\01352.png,sim_data/masks\01352.png,-0.00043982735951431096
sim_data/RGB\01353.png,sim_data/masks\01353.png,0.00017573311924934387
sim_data/RGB\01354.png,sim_data/masks\01354.png,0.000870533986017108
sim_data/RGB\01355.png,sim_data/masks\01355.png,-0.0002485241857357323
sim_data/RGB\01356.png,sim_data/masks\01356.png,0.0
sim_data/RGB\01357.png,sim_data/masks\01357.png,0.0
sim_data/RGB\01358.png,sim_data/masks\01358.png,0.0006155604496598244
sim_data/RGB\01359.png,sim_data/masks\01359.png,0.0006155604496598244
sim_data/RGB\01360.png,sim_data/masks\01360.png,-0.00017573311924934387
sim_data/RGB\01361.png,sim_data/masks\01361.png,0.0
sim_data/RGB\01362.png,sim_data/masks\01362.png,-0.0006155604496598244
sim_data/RGB\01363.png,sim_data/masks\01363.png,0.00017573311924934387
sim_data/RGB\01364.png,sim_data/masks\01364.png,0.0
sim_data/RGB\01365.png,sim_data/masks\01365.png,0.0
sim_data/RGB\01366.png,sim_data/masks\01366.png,0.0
sim_data/RGB\01367.png,sim_data/masks\01367.png,0.0
sim_data/RGB\01368.png,sim_data/masks\01368.png,0.0
sim_data/RGB\01369.png,sim_data/masks\01369.png,-0.0006155604496598244
sim_data/RGB\01370.png,sim_data/masks\01370.png,-0.00043982735951431096
sim_data/RGB\01371.png,sim_data/masks\01371.png,0.00017573311924934387
sim_data/RGB\01372.png,sim_data/masks\01372.png,0.0
sim_data/RGB\01373.png,sim_data/masks\01373.png,-0.0006155604496598244
sim_data/RGB\01374.png,sim_data/masks\01374.png,-0.00043982735951431096
sim_data/RGB\01375.png,sim_data/masks\01375.png,-0.0006948008667677641
sim_data/RGB\01376.png,sim_data/masks\01376.png,-0.0006948008667677641
sim_data/RGB\01377.png,sim_data/masks\01377.png,0.0006155604496598244
sim_data/RGB\01378.png,sim_data/masks\01378.png,0.0006155604496598244
sim_data/RGB\01379.png,sim_data/masks\01379.png,-0.0010462671052664518
sim_data/RGB\01380.png,sim_data/masks\01380.png,-0.0010462671052664518
sim_data/RGB\01381.png,sim_data/masks\01381.png,0.0
sim_data/RGB\01382.png,sim_data/masks\01382.png,0.0
sim_data/RGB\01383.png,sim_data/masks\01383.png,-0.00017573311924934387
sim_data/RGB\01384.png,sim_data/masks\01384.png,-0.00017573311924934387
sim_data/RGB\01385.png,sim_data/masks\01385.png,0.0
sim_data/RGB\01386.png,sim_data/masks\01386.png,0.0
sim_data/RGB\01387.png,sim_data/masks\01387.png,-0.0006155604496598244
sim_data/RGB\01388.png,sim_data/masks\01388.png,0.00017573311924934387
sim_data/RGB\01389.png,sim_data/masks\01389.png,0.0
sim_data/RGB\01390.png,sim_data/masks\01390.png,-0.0006155604496598244
sim_data/RGB\01391.png,sim_data/masks\01391.png,-0.00043982735951431096
sim_data/RGB\01392.png,sim_data/masks\01392.png,-0.00043982735951431096
sim_data/RGB\01393.png,sim_data/masks\01393.png,0.00017573311924934387
sim_data/RGB\01394.png,sim_data/masks\01394.png,-0.0007912935689091682
sim_data/RGB\01395.png,sim_data/masks\01395.png,0.00017573311924934387
sim_data/RGB\01396.png,sim_data/masks\01396.png,-0.0006155604496598244
sim_data/RGB\01397.png,sim_data/masks\01397.png,-0.00043982735951431096
sim_data/RGB\01398.png,sim_data/masks\01398.png,0.00017573311924934387
sim_data/RGB\01399.png,sim_data/masks\01399.png,0.00017573311924934387
sim_data/RGB\01400.png,sim_data/masks\01400.png,0.00017573311924934387
sim_data/RGB\01401.png,sim_data/masks\01401.png,0.0
sim_data/RGB\01402.png,sim_data/masks\01402.png,-0.000870533986017108
sim_data/RGB\01403.png,sim_data/masks\01403.png,0.0002485241857357323
sim_data/RGB\01404.png,sim_data/masks\01404.png,-0.0006155604496598244
sim_data/RGB\01405.png,sim_data/masks\01405.png,-0.00043982735951431096
sim_data/RGB\01406.png,sim_data/masks\01406.png,-0.000890448922291398
sim_data/RGB\01407.png,sim_data/masks\01407.png,-0.0005661552422679961
sim_data/RGB\01408.png,sim_data/masks\01408.png,0.0002485241857357323
sim_data/RGB\01409.png,sim_data/masks\01409.png,-0.03335455060005188
sim_data/RGB\01410.png,sim_data/masks\01410.png,-0.02505946159362793
sim_data/RGB\01411.png,sim_data/masks\01411.png,-0.008113259449601173
sim_data/RGB\01412.png,sim_data/masks\01412.png,-0.008113259449601173
sim_data/RGB\01413.png,sim_data/masks\01413.png,-0.0009238827042281628
sim_data/RGB\01414.png,sim_data/masks\01414.png,0.0009625300299376249
sim_data/RGB\01415.png,sim_data/masks\01415.png,0.0
sim_data/RGB\01416.png,sim_data/masks\01416.png,0.0
sim_data/RGB\01417.png,sim_data/masks\01417.png,-0.051625706255435944
sim_data/RGB\01418.png,sim_data/masks\01418.png,-0.051625706255435944
sim_data/RGB\01419.png,sim_data/masks\01419.png,-0.024011999368667603
sim_data/RGB\01420.png,sim_data/masks\01420.png,-0.024011999368667603
sim_data/RGB\01421.png,sim_data/masks\01421.png,-0.00760516757145524
sim_data/RGB\01422.png,sim_data/masks\01422.png,-0.00515981949865818
sim_data/RGB\01423.png,sim_data/masks\01423.png,-0.0029627385083585978
sim_data/RGB\01424.png,sim_data/masks\01424.png,-0.07776057720184326
sim_data/RGB\01425.png,sim_data/masks\01425.png,-0.05868183821439743
sim_data/RGB\01426.png,sim_data/masks\01426.png,-0.041935328394174576
sim_data/RGB\01427.png,sim_data/masks\01427.png,-0.030962524935603142
sim_data/RGB\01428.png,sim_data/masks\01428.png,-0.01127968356013298
sim_data/RGB\01429.png,sim_data/masks\01429.png,-0.01127968356013298
sim_data/RGB\01430.png,sim_data/masks\01430.png,-0.003147526178508997
sim_data/RGB\01431.png,sim_data/masks\01431.png,-0.002284316113218665
sim_data/RGB\01432.png,sim_data/masks\01432.png,-0.0844731256365776
sim_data/RGB\01433.png,sim_data/masks\01433.png,-0.06653084605932236
sim_data/RGB\01434.png,sim_data/masks\01434.png,-0.05672381818294525
sim_data/RGB\01435.png,sim_data/masks\01435.png,-0.031280748546123505
sim_data/RGB\01436.png,sim_data/masks\01436.png,-0.01892765425145626
sim_data/RGB\01437.png,sim_data/masks\01437.png,-0.0052767060697078705
sim_data/RGB\01438.png,sim_data/masks\01438.png,-0.0052767060697078705
sim_data/RGB\01439.png,sim_data/masks\01439.png,-0.0857691764831543
sim_data/RGB\01440.png,sim_data/masks\01440.png,-0.0857691764831543
sim_data/RGB\01441.png,sim_data/masks\01441.png,-0.046042300760746
sim_data/RGB\01442.png,sim_data/masks\01442.png,-0.046042300760746
sim_data/RGB\01443.png,sim_data/masks\01443.png,-0.017692090943455696
sim_data/RGB\01444.png,sim_data/masks\01444.png,-0.017692090943455696
sim_data/RGB\01445.png,sim_data/masks\01445.png,-0.0061296746134757996
sim_data/RGB\01446.png,sim_data/masks\01446.png,-0.0061296746134757996
sim_data/RGB\01447.png,sim_data/masks\01447.png,-0.08529698848724365
sim_data/RGB\01448.png,sim_data/masks\01448.png,-0.06536057591438293
sim_data/RGB\01449.png,sim_data/masks\01449.png,-0.06536057591438293
sim_data/RGB\01450.png,sim_data/masks\01450.png,-0.02801351062953472
sim_data/RGB\01451.png,sim_data/masks\01451.png,-0.02801351062953472
sim_data/RGB\01452.png,sim_data/masks\01452.png,-0.008217410184442997
sim_data/RGB\01453.png,sim_data/masks\01453.png,-0.008217410184442997
sim_data/RGB\01454.png,sim_data/masks\01454.png,-0.0021826638840138912
sim_data/RGB\01455.png,sim_data/masks\01455.png,-0.0021826638840138912
sim_data/RGB\01456.png,sim_data/masks\01456.png,-0.06066861003637314
sim_data/RGB\01457.png,sim_data/masks\01457.png,-0.06066861003637314
sim_data/RGB\01458.png,sim_data/masks\01458.png,-0.024019712582230568
sim_data/RGB\01459.png,sim_data/masks\01459.png,-0.024019712582230568
sim_data/RGB\01460.png,sim_data/masks\01460.png,-0.0038101645186543465
sim_data/RGB\01461.png,sim_data/masks\01461.png,-0.0038101645186543465
sim_data/RGB\01462.png,sim_data/masks\01462.png,-0.0006527830846607685
sim_data/RGB\01463.png,sim_data/masks\01463.png,-0.08767258375883102
sim_data/RGB\01464.png,sim_data/masks\01464.png,-0.08767258375883102
sim_data/RGB\01465.png,sim_data/masks\01465.png,-0.04825010150671005
sim_data/RGB\01466.png,sim_data/masks\01466.png,-0.04825010150671005
sim_data/RGB\01467.png,sim_data/masks\01467.png,-0.037936389446258545
sim_data/RGB\01468.png,sim_data/masks\01468.png,-0.01866535283625126
sim_data/RGB\01469.png,sim_data/masks\01469.png,-0.003969117067754269
sim_data/RGB\01470.png,sim_data/masks\01470.png,-0.003969117067754269
sim_data/RGB\01471.png,sim_data/masks\01471.png,-0.08717957139015198
sim_data/RGB\01472.png,sim_data/masks\01472.png,-0.08717957139015198
sim_data/RGB\01473.png,sim_data/masks\01473.png,-0.05157480388879776
sim_data/RGB\01474.png,sim_data/masks\01474.png,-0.038668274879455566
sim_data/RGB\01475.png,sim_data/masks\01475.png,-0.027150895446538925
sim_data/RGB\01476.png,sim_data/masks\01476.png,-0.013843541964888573
sim_data/RGB\01477.png,sim_data/masks\01477.png,-0.009916512295603752
sim_data/RGB\01478.png,sim_data/masks\01478.png,-0.004134953487664461
sim_data/RGB\01479.png,sim_data/masks\01479.png,-0.0029675932601094246
sim_data/RGB\01480.png,sim_data/masks\01480.png,-0.12352496385574341
sim_data/RGB\01481.png,sim_data/masks\01481.png,-0.0946870967745781
sim_data/RGB\01482.png,sim_data/masks\01482.png,-0.06407015025615692
sim_data/RGB\01483.png,sim_data/masks\01483.png,-0.04726440832018852
sim_data/RGB\01484.png,sim_data/masks\01484.png,-0.020694147795438766
sim_data/RGB\01485.png,sim_data/masks\01485.png,-0.015287857502698898
sim_data/RGB\01486.png,sim_data/masks\01486.png,-0.004640520084649324
sim_data/RGB\01487.png,sim_data/masks\01487.png,-0.08817236125469208
sim_data/RGB\01488.png,sim_data/masks\01488.png,-0.06775009632110596
sim_data/RGB\01489.png,sim_data/masks\01489.png,-0.032584886997938156
sim_data/RGB\01490.png,sim_data/masks\01490.png,-0.032584886997938156
sim_data/RGB\01491.png,sim_data/masks\01491.png,-0.08074762672185898
sim_data/RGB\01492.png,sim_data/masks\01492.png,-0.08074762672185898
sim_data/RGB\01493.png,sim_data/masks\01493.png,-0.04033813625574112
sim_data/RGB\01494.png,sim_data/masks\01494.png,-0.04033813625574112
sim_data/RGB\01495.png,sim_data/masks\01495.png,-0.11257646977901459
sim_data/RGB\01496.png,sim_data/masks\01496.png,-0.11257646977901459
sim_data/RGB\01497.png,sim_data/masks\01497.png,-0.05894209444522858
sim_data/RGB\01498.png,sim_data/masks\01498.png,-0.05894209444522858
sim_data/RGB\01499.png,sim_data/masks\01499.png,-0.1154286116361618
sim_data/RGB\01500.png,sim_data/masks\01500.png,-0.08852771669626236
sim_data/RGB\01501.png,sim_data/masks\01501.png,-0.0721064954996109
sim_data/RGB\01502.png,sim_data/masks\01502.png,-0.04461713135242462
sim_data/RGB\01503.png,sim_data/masks\01503.png,-0.12157438695430756
sim_data/RGB\01504.png,sim_data/masks\01504.png,-0.08666336536407471
sim_data/RGB\01505.png,sim_data/masks\01505.png,-0.07280096411705017
sim_data/RGB\01506.png,sim_data/masks\01506.png,-0.04260256141424179
sim_data/RGB\01507.png,sim_data/masks\01507.png,-0.11874019354581833
sim_data/RGB\01508.png,sim_data/masks\01508.png,-0.08575501292943954
sim_data/RGB\01509.png,sim_data/masks\01509.png,-0.03765462338924408
sim_data/RGB\01510.png,sim_data/masks\01510.png,-0.03765462338924408
sim_data/RGB\01511.png,sim_data/masks\01511.png,-0.11318054795265198
sim_data/RGB\01512.png,sim_data/masks\01512.png,-0.07959488779306412
sim_data/RGB\01513.png,sim_data/masks\01513.png,-0.06664099544286728
sim_data/RGB\01514.png,sim_data/masks\01514.png,-0.04002556949853897
sim_data/RGB\01515.png,sim_data/masks\01515.png,-0.11799822747707367
sim_data/RGB\01516.png,sim_data/masks\01516.png,-0.08560904115438461
sim_data/RGB\01517.png,sim_data/masks\01517.png,-0.04033235087990761
sim_data/RGB\01518.png,sim_data/masks\01518.png,-0.11465702950954437
sim_data/RGB\01519.png,sim_data/masks\01519.png,-0.11465702950954437
sim_data/RGB\01520.png,sim_data/masks\01520.png,-0.05572747811675072
sim_data/RGB\01521.png,sim_data/masks\01521.png,-0.05572747811675072
sim_data/RGB\01522.png,sim_data/masks\01522.png,-0.11354286968708038
sim_data/RGB\01523.png,sim_data/masks\01523.png,-0.08501572161912918
sim_data/RGB\01524.png,sim_data/masks\01524.png,-0.06345818936824799
sim_data/RGB\01525.png,sim_data/masks\01525.png,-0.04185575619339943
sim_data/RGB\01526.png,sim_data/masks\01526.png,-0.028873853385448456
sim_data/RGB\01527.png,sim_data/masks\01527.png,-0.11286616325378418
sim_data/RGB\01528.png,sim_data/masks\01528.png,-0.0841393694281578
sim_data/RGB\01529.png,sim_data/masks\01529.png,-0.06719355285167694
sim_data/RGB\01530.png,sim_data/masks\01530.png,-0.04630967229604721
sim_data/RGB\01531.png,sim_data/masks\01531.png,-0.11468759179115295
sim_data/RGB\01532.png,sim_data/masks\01532.png,-0.08288288861513138
sim_data/RGB\01533.png,sim_data/masks\01533.png,-0.05512239411473274
sim_data/RGB\01534.png,sim_data/masks\01534.png,-0.036300696432590485
sim_data/RGB\01535.png,sim_data/masks\01535.png,-0.11542268097400665
sim_data/RGB\01536.png,sim_data/masks\01536.png,-0.08572818338871002
sim_data/RGB\01537.png,sim_data/masks\01537.png,-0.060936957597732544
sim_data/RGB\01538.png,sim_data/masks\01538.png,-0.028368208557367325
sim_data/RGB\01539.png,sim_data/masks\01539.png,-0.10761374980211258
sim_data/RGB\01540.png,sim_data/masks\01540.png,-0.0807238221168518
sim_data/RGB\01541.png,sim_data/masks\01541.png,-0.05707734450697899
sim_data/RGB\01542.png,sim_data/masks\01542.png,-0.03381093963980675
sim_data/RGB\01543.png,sim_data/masks\01543.png,-0.16858382523059845
sim_data/RGB\01544.png,sim_data/masks\01544.png,-0.12534435093402863
sim_data/RGB\01545.png,sim_data/masks\01545.png,-0.12534435093402863
sim_data/RGB\01546.png,sim_data/masks\01546.png,-0.09313790500164032
sim_data/RGB\01547.png,sim_data/masks\01547.png,-0.0539097934961319
sim_data/RGB\01548.png,sim_data/masks\01548.png,-0.025497321039438248
sim_data/RGB\01549.png,sim_data/masks\01549.png,-0.025497321039438248
sim_data/RGB\01550.png,sim_data/masks\01550.png,-0.010206240229308605
sim_data/RGB\01551.png,sim_data/masks\01551.png,0.001203230582177639
sim_data/RGB\01552.png,sim_data/masks\01552.png,-0.06801861524581909
sim_data/RGB\01553.png,sim_data/masks\01553.png,-0.06801861524581909
sim_data/RGB\01554.png,sim_data/masks\01554.png,-0.05213399976491928
sim_data/RGB\01555.png,sim_data/masks\01555.png,-0.028122516348958015
sim_data/RGB\01556.png,sim_data/masks\01556.png,-0.012533508241176605
sim_data/RGB\01557.png,sim_data/masks\01557.png,-0.003274213522672653
sim_data/RGB\01558.png,sim_data/masks\01558.png,-0.003274213522672653
sim_data/RGB\01559.png,sim_data/masks\01559.png,0.00033624074421823025
sim_data/RGB\01560.png,sim_data/masks\01560.png,-0.02575492300093174
sim_data/RGB\01561.png,sim_data/masks\01561.png,-0.019647466018795967
sim_data/RGB\01562.png,sim_data/masks\01562.png,-0.019647466018795967
sim_data/RGB\01563.png,sim_data/masks\01563.png,-0.01095957588404417
sim_data/RGB\01564.png,sim_data/masks\01564.png,-0.002487185876816511
sim_data/RGB\01565.png,sim_data/masks\01565.png,-0.002487185876816511
sim_data/RGB\01566.png,sim_data/masks\01566.png,0.0022367192432284355
sim_data/RGB\01567.png,sim_data/masks\01567.png,0.0023840556386858225
sim_data/RGB\01568.png,sim_data/masks\01568.png,-0.009831585921347141
sim_data/RGB\01569.png,sim_data/masks\01569.png,-0.009831585921347141
sim_data/RGB\01570.png,sim_data/masks\01570.png,-0.008031588979065418
sim_data/RGB\01571.png,sim_data/masks\01571.png,-0.005150793120265007
sim_data/RGB\01572.png,sim_data/masks\01572.png,-0.002738064154982567
sim_data/RGB\01573.png,sim_data/masks\01573.png,-0.002738064154982567
sim_data/RGB\01574.png,sim_data/masks\01574.png,-0.0011624691542237997
sim_data/RGB\01575.png,sim_data/masks\01575.png,-0.00012496148701757193
sim_data/RGB\01576.png,sim_data/masks\01576.png,-0.00012496148701757193
sim_data/RGB\01577.png,sim_data/masks\01577.png,0.0002485241857357323
sim_data/RGB\01578.png,sim_data/masks\01578.png,-0.00500083900988102
sim_data/RGB\01579.png,sim_data/masks\01579.png,-0.004758646711707115
sim_data/RGB\01580.png,sim_data/masks\01580.png,-0.004758646711707115
sim_data/RGB\01581.png,sim_data/masks\01581.png,-0.0033099465072155
sim_data/RGB\01582.png,sim_data/masks\01582.png,-0.0019224314019083977
sim_data/RGB\01583.png,sim_data/masks\01583.png,-0.0010790531523525715
sim_data/RGB\01584.png,sim_data/masks\01584.png,-0.0007935941684991121
sim_data/RGB\01585.png,sim_data/masks\01585.png,0.00039295118767768145
sim_data/RGB\01586.png,sim_data/masks\01586.png,0.00039295118767768145
sim_data/RGB\01587.png,sim_data/masks\01587.png,-0.002219435293227434
sim_data/RGB\01588.png,sim_data/masks\01588.png,-0.0017504406860098243
sim_data/RGB\01589.png,sim_data/masks\01589.png,-0.0003855706308968365
sim_data/RGB\01590.png,sim_data/masks\01590.png,-0.0007618034142069519
sim_data/RGB\01591.png,sim_data/masks\01591.png,0.000304378685541451
sim_data/RGB\01592.png,sim_data/masks\01592.png,0.0
sim_data/RGB\01593.png,sim_data/masks\01593.png,0.0
sim_data/RGB\01594.png,sim_data/masks\01594.png,-0.0006155604496598244
sim_data/RGB\01595.png,sim_data/masks\01595.png,0.0007912935689091682
sim_data/RGB\01596.png,sim_data/masks\01596.png,-0.0007912935689091682
sim_data/RGB\01597.png,sim_data/masks\01597.png,-0.0006948008667677641
sim_data/RGB\01598.png,sim_data/masks\01598.png,-0.0006948008667677641
sim_data/RGB\01599.png,sim_data/masks\01599.png,0.0002485241857357323
sim_data/RGB\01600.png,sim_data/masks\01600.png,0.0
sim_data/RGB\01601.png,sim_data/masks\01601.png,0.0
sim_data/RGB\01602.png,sim_data/masks\01602.png,-0.0006155604496598244
sim_data/RGB\01603.png,sim_data/masks\01603.png,-0.00043982735951431096
sim_data/RGB\01604.png,sim_data/masks\01604.png,0.00017573311924934387
sim_data/RGB\01605.png,sim_data/masks\01605.png,0.0006155604496598244
sim_data/RGB\01606.png,sim_data/masks\01606.png,-0.01180642656981945
sim_data/RGB\01607.png,sim_data/masks\01607.png,-0.008615797385573387
sim_data/RGB\01608.png,sim_data/masks\01608.png,-0.005618300288915634
sim_data/RGB\01609.png,sim_data/masks\01609.png,-0.003730865428224206
sim_data/RGB\01610.png,sim_data/masks\01610.png,-0.002463999204337597
sim_data/RGB\01611.png,sim_data/masks\01611.png,-0.0017346097156405449
sim_data/RGB\01612.png,sim_data/masks\01612.png,-0.0013766485499218106
sim_data/RGB\01613.png,sim_data/masks\01613.png,-0.0011074531357735395
sim_data/RGB\01614.png,sim_data/masks\01614.png,-0.0005691337864845991
sim_data/RGB\01615.png,sim_data/masks\01615.png,-0.00031118179322220385
sim_data/RGB\01616.png,sim_data/masks\01616.png,-0.00043982735951431096
sim_data/RGB\01617.png,sim_data/masks\01617.png,0.00017573311924934387
sim_data/RGB\01618.png,sim_data/masks\01618.png,0.0
sim_data/RGB\01619.png,sim_data/masks\01619.png,-0.11922180652618408
sim_data/RGB\01620.png,sim_data/masks\01620.png,-0.09019208699464798
sim_data/RGB\01621.png,sim_data/masks\01621.png,-0.07076812535524368
sim_data/RGB\01622.png,sim_data/masks\01622.png,-0.05384069308638573
sim_data/RGB\01623.png,sim_data/masks\01623.png,-0.04127352684736252
sim_data/RGB\01624.png,sim_data/masks\01624.png,-0.02757471241056919
sim_data/RGB\01625.png,sim_data/masks\01625.png,-0.01985197886824608
sim_data/RGB\01626.png,sim_data/masks\01626.png,-0.01368839479982853
sim_data/RGB\01627.png,sim_data/masks\01627.png,-0.01368839479982853
sim_data/RGB\01628.png,sim_data/masks\01628.png,-0.008800207637250423
sim_data/RGB\01629.png,sim_data/masks\01629.png,-0.003792652627453208
sim_data/RGB\01630.png,sim_data/masks\01630.png,-0.13769574463367462
sim_data/RGB\01631.png,sim_data/masks\01631.png,-0.12082907557487488
sim_data/RGB\01632.png,sim_data/masks\01632.png,-0.27082908153533936
sim_data/RGB\01633.png,sim_data/masks\01633.png,-0.2073059380054474
sim_data/RGB\01634.png,sim_data/masks\01634.png,-0.13684935867786407
sim_data/RGB\01635.png,sim_data/masks\01635.png,-0.048365820199251175
sim_data/RGB\01636.png,sim_data/masks\01636.png,0.09788781404495239
sim_data/RGB\01637.png,sim_data/masks\01637.png,0.09654000401496887
sim_data/RGB\01638.png,sim_data/masks\01638.png,0.06991485506296158
sim_data/RGB\01639.png,sim_data/masks\01639.png,0.06991485506296158
sim_data/RGB\01640.png,sim_data/masks\01640.png,0.035100795328617096
sim_data/RGB\01641.png,sim_data/masks\01641.png,0.00972540769726038
sim_data/RGB\01642.png,sim_data/masks\01642.png,-0.003946978133171797
sim_data/RGB\01643.png,sim_data/masks\01643.png,0.12193084508180618
sim_data/RGB\01644.png,sim_data/masks\01644.png,0.12193084508180618
sim_data/RGB\01645.png,sim_data/masks\01645.png,0.27193084359169006
sim_data/RGB\01646.png,sim_data/masks\01646.png,0.24710391461849213
sim_data/RGB\01647.png,sim_data/masks\01647.png,0.18076060712337494
sim_data/RGB\01648.png,sim_data/masks\01648.png,0.11017511039972305
sim_data/RGB\01649.png,sim_data/masks\01649.png,0.08136355876922607
sim_data/RGB\01650.png,sim_data/masks\01650.png,0.047290727496147156
sim_data/RGB\01651.png,sim_data/masks\01651.png,0.0232207253575325
sim_data/RGB\01652.png,sim_data/masks\01652.png,0.01099703274667263
sim_data/RGB\01653.png,sim_data/masks\01653.png,0.0040804799646139145
sim_data/RGB\01654.png,sim_data/masks\01654.png,0.0008635516278445721
sim_data/RGB\01655.png,sim_data/masks\01655.png,-8.617737330496311e-05
sim_data/RGB\01656.png,sim_data/masks\01656.png,0.006900577340275049
sim_data/RGB\01657.png,sim_data/masks\01657.png,0.005042089149355888
sim_data/RGB\01658.png,sim_data/masks\01658.png,0.003877597162500024
sim_data/RGB\01659.png,sim_data/masks\01659.png,0.001850552624091506
sim_data/RGB\01660.png,sim_data/masks\01660.png,0.001293706358410418
sim_data/RGB\01661.png,sim_data/masks\01661.png,-0.0006575331790372729
sim_data/RGB\01662.png,sim_data/masks\01662.png,0.001066182041540742
sim_data/RGB\01663.png,sim_data/masks\01663.png,-0.000304378685541451
sim_data/RGB\01664.png,sim_data/masks\01664.png,0.003138755215331912
sim_data/RGB\01665.png,sim_data/masks\01665.png,0.0022426885552704334
sim_data/RGB\01666.png,sim_data/masks\01666.png,0.001487988862209022
sim_data/RGB\01667.png,sim_data/masks\01667.png,0.0006958235753700137
sim_data/RGB\01668.png,sim_data/masks\01668.png,0.0006732309120707214
sim_data/RGB\01669.png,sim_data/masks\01669.png,0.00031118179322220385
sim_data/RGB\01670.png,sim_data/masks\01670.png,-0.00017573311924934387
sim_data/RGB\01671.png,sim_data/masks\01671.png,0.0015078091528266668
sim_data/RGB\01672.png,sim_data/masks\01672.png,0.0009459785069338977
sim_data/RGB\01673.png,sim_data/masks\01673.png,-0.00039295118767768145
sim_data/RGB\01674.png,sim_data/masks\01674.png,0.0
sim_data/RGB\01675.png,sim_data/masks\01675.png,0.0006155604496598244
sim_data/RGB\01676.png,sim_data/masks\01676.png,0.0010553877800703049
sim_data/RGB\01677.png,sim_data/masks\01677.png,-0.00035146623849868774
sim_data/RGB\01678.png,sim_data/masks\01678.png,0.0
sim_data/RGB\01679.png,sim_data/masks\01679.png,0.0006155604496598244
sim_data/RGB\01680.png,sim_data/masks\01680.png,0.000890448922291398
sim_data/RGB\01681.png,sim_data/masks\01681.png,-0.000304378685541451
sim_data/RGB\01682.png,sim_data/masks\01682.png,0.0
sim_data/RGB\01683.png,sim_data/masks\01683.png,0.0
sim_data/RGB\01684.png,sim_data/masks\01684.png,0.0
sim_data/RGB\01685.png,sim_data/masks\01685.png,0.0
sim_data/RGB\01686.png,sim_data/masks\01686.png,0.0
sim_data/RGB\01687.png,sim_data/masks\01687.png,0.0
sim_data/RGB\01688.png,sim_data/masks\01688.png,0.0
sim_data/RGB\01689.png,sim_data/masks\01689.png,-0.0006155604496598244
sim_data/RGB\01690.png,sim_data/masks\01690.png,0.00017573311924934387
sim_data/RGB\01691.png,sim_data/masks\01691.png,0.0
sim_data/RGB\01692.png,sim_data/masks\01692.png,0.0006155604496598244
sim_data/RGB\01693.png,sim_data/masks\01693.png,-0.00017573311924934387
sim_data/RGB\01694.png,sim_data/masks\01694.png,0.0
sim_data/RGB\01695.png,sim_data/masks\01695.png,0.0
sim_data/RGB\01696.png,sim_data/masks\01696.png,0.0
sim_data/RGB\01697.png,sim_data/masks\01697.png,0.0
sim_data/RGB\01698.png,sim_data/masks\01698.png,0.0
sim_data/RGB\01699.png,sim_data/masks\01699.png,0.0
sim_data/RGB\01700.png,sim_data/masks\01700.png,0.0
sim_data/RGB\01701.png,sim_data/masks\01701.png,0.0
sim_data/RGB\01702.png,sim_data/masks\01702.png,-0.0006155604496598244
sim_data/RGB\01703.png,sim_data/masks\01703.png,0.00017573311924934387
sim_data/RGB\01704.png,sim_data/masks\01704.png,0.0
sim_data/RGB\01705.png,sim_data/masks\01705.png,0.0
sim_data/RGB\01706.png,sim_data/masks\01706.png,0.0
sim_data/RGB\01707.png,sim_data/masks\01707.png,0.0
sim_data/RGB\01708.png,sim_data/masks\01708.png,0.0
sim_data/RGB\01709.png,sim_data/masks\01709.png,0.0
sim_data/RGB\01710.png,sim_data/masks\01710.png,0.0
sim_data/RGB\01711.png,sim_data/masks\01711.png,0.0
sim_data/RGB\01712.png,sim_data/masks\01712.png,0.0
sim_data/RGB\01713.png,sim_data/masks\01713.png,-0.0006155604496598244
sim_data/RGB\01714.png,sim_data/masks\01714.png,-0.00043982735951431096
sim_data/RGB\01715.png,sim_data/masks\01715.png,0.00017573311924934387
sim_data/RGB\01716.png,sim_data/masks\01716.png,0.0
sim_data/RGB\01717.png,sim_data/masks\01717.png,-0.0006155604496598244
sim_data/RGB\01718.png,sim_data/masks\01718.png,0.00017573311924934387
sim_data/RGB\01719.png,sim_data/masks\01719.png,-0.0006155604496598244
sim_data/RGB\01720.png,sim_data/masks\01720.png,-0.00043982735951431096
sim_data/RGB\01721.png,sim_data/masks\01721.png,0.00017573311924934387
sim_data/RGB\01722.png,sim_data/masks\01722.png,0.0
sim_data/RGB\01723.png,sim_data/masks\01723.png,0.0
sim_data/RGB\01724.png,sim_data/masks\01724.png,0.0
sim_data/RGB\01725.png,sim_data/masks\01725.png,0.0
sim_data/RGB\01726.png,sim_data/masks\01726.png,0.0
sim_data/RGB\01727.png,sim_data/masks\01727.png,0.0
sim_data/RGB\01728.png,sim_data/masks\01728.png,0.0
sim_data/RGB\01729.png,sim_data/masks\01729.png,-0.000870533986017108
sim_data/RGB\01730.png,sim_data/masks\01730.png,0.0002485241857357323
sim_data/RGB\01731.png,sim_data/masks\01731.png,-0.0006155604496598244
sim_data/RGB\01732.png,sim_data/masks\01732.png,0.00017573311924934387
sim_data/RGB\01733.png,sim_data/masks\01733.png,0.0
sim_data/RGB\01734.png,sim_data/masks\01734.png,0.0
sim_data/RGB\01735.png,sim_data/masks\01735.png,0.0
sim_data/RGB\01736.png,sim_data/masks\01736.png,0.0
sim_data/RGB\01737.png,sim_data/masks\01737.png,0.0
sim_data/RGB\01738.png,sim_data/masks\01738.png,0.0
sim_data/RGB\01739.png,sim_data/masks\01739.png,0.0
sim_data/RGB\01740.png,sim_data/masks\01740.png,0.0006155604496598244
sim_data/RGB\01741.png,sim_data/masks\01741.png,-0.00017573311924934387
sim_data/RGB\01742.png,sim_data/masks\01742.png,0.0
sim_data/RGB\01743.png,sim_data/masks\01743.png,0.0
sim_data/RGB\01744.png,sim_data/masks\01744.png,0.0
sim_data/RGB\01745.png,sim_data/masks\01745.png,0.0
sim_data/RGB\01746.png,sim_data/masks\01746.png,0.0
sim_data/RGB\01747.png,sim_data/masks\01747.png,0.0
sim_data/RGB\01748.png,sim_data/masks\01748.png,0.0
sim_data/RGB\01749.png,sim_data/masks\01749.png,0.0
sim_data/RGB\01750.png,sim_data/masks\01750.png,0.0
sim_data/RGB\01751.png,sim_data/masks\01751.png,0.0
sim_data/RGB\01752.png,sim_data/masks\01752.png,0.0
sim_data/RGB\01753.png,sim_data/masks\01753.png,0.0
sim_data/RGB\01754.png,sim_data/masks\01754.png,0.0
sim_data/RGB\01755.png,sim_data/masks\01755.png,0.0
sim_data/RGB\01756.png,sim_data/masks\01756.png,0.0
sim_data/RGB\01757.png,sim_data/masks\01757.png,0.0
sim_data/RGB\01758.png,sim_data/masks\01758.png,0.0
sim_data/RGB\01759.png,sim_data/masks\01759.png,0.0
sim_data/RGB\01760.png,sim_data/masks\01760.png,0.0
sim_data/RGB\01761.png,sim_data/masks\01761.png,0.0
sim_data/RGB\01762.png,sim_data/masks\01762.png,0.0
sim_data/RGB\01763.png,sim_data/masks\01763.png,0.0
sim_data/RGB\01764.png,sim_data/masks\01764.png,0.0006155604496598244
sim_data/RGB\01765.png,sim_data/masks\01765.png,-0.00017573311924934387
sim_data/RGB\01766.png,sim_data/masks\01766.png,0.0
sim_data/RGB\01767.png,sim_data/masks\01767.png,-0.0006155604496598244
sim_data/RGB\01768.png,sim_data/masks\01768.png,0.00017573311924934387
sim_data/RGB\01769.png,sim_data/masks\01769.png,0.0
sim_data/RGB\01770.png,sim_data/masks\01770.png,0.0
sim_data/RGB\01771.png,sim_data/masks\01771.png,0.0
sim_data/RGB\01772.png,sim_data/masks\01772.png,0.0
sim_data/RGB\01773.png,sim_data/masks\01773.png,0.0006155604496598244
sim_data/RGB\01774.png,sim_data/masks\01774.png,-0.00017573311924934387
sim_data/RGB\01775.png,sim_data/masks\01775.png,0.0
sim_data/RGB\01776.png,sim_data/masks\01776.png,0.0
sim_data/RGB\01777.png,sim_data/masks\01777.png,-0.0006155604496598244
sim_data/RGB\01778.png,sim_data/masks\01778.png,-0.00043982735951431096
sim_data/RGB\01779.png,sim_data/masks\01779.png,0.00017573311924934387
sim_data/RGB\01780.png,sim_data/masks\01780.png,0.0
sim_data/RGB\01781.png,sim_data/masks\01781.png,0.0
sim_data/RGB\01782.png,sim_data/masks\01782.png,0.0
sim_data/RGB\01783.png,sim_data/masks\01783.png,0.0
sim_data/RGB\01784.png,sim_data/masks\01784.png,0.0
sim_data/RGB\01785.png,sim_data/masks\01785.png,-0.00017573311924934387
sim_data/RGB\01786.png,sim_data/masks\01786.png,0.0
sim_data/RGB\01787.png,sim_data/masks\01787.png,0.0
sim_data/RGB\01788.png,sim_data/masks\01788.png,0.0
sim_data/RGB\01789.png,sim_data/masks\01789.png,0.0
sim_data/RGB\01790.png,sim_data/masks\01790.png,0.0
sim_data/RGB\01791.png,sim_data/masks\01791.png,0.0
sim_data/RGB\01792.png,sim_data/masks\01792.png,0.0
sim_data/RGB\01793.png,sim_data/masks\01793.png,0.0
sim_data/RGB\01794.png,sim_data/masks\01794.png,0.0
sim_data/RGB\01795.png,sim_data/masks\01795.png,0.0
sim_data/RGB\01796.png,sim_data/masks\01796.png,0.0
sim_data/RGB\01797.png,sim_data/masks\01797.png,0.0
sim_data/RGB\01798.png,sim_data/masks\01798.png,0.0
sim_data/RGB\01799.png,sim_data/masks\01799.png,0.0
sim_data/RGB\01800.png,sim_data/masks\01800.png,0.0
sim_data/RGB\01801.png,sim_data/masks\01801.png,0.0
sim_data/RGB\01802.png,sim_data/masks\01802.png,0.0
sim_data/RGB\01803.png,sim_data/masks\01803.png,0.0
sim_data/RGB\01804.png,sim_data/masks\01804.png,0.0
sim_data/RGB\01805.png,sim_data/masks\01805.png,0.0
sim_data/RGB\01806.png,sim_data/masks\01806.png,0.00017573311924934387
sim_data/RGB\01807.png,sim_data/masks\01807.png,0.00017573311924934387
sim_data/RGB\01808.png,sim_data/masks\01808.png,0.00017573311924934387
sim_data/RGB\01809.png,sim_data/masks\01809.png,0.0
sim_data/RGB\01810.png,sim_data/masks\01810.png,0.0
sim_data/RGB\01811.png,sim_data/masks\01811.png,0.0
sim_data/RGB\01812.png,sim_data/masks\01812.png,0.0
sim_data/RGB\01813.png,sim_data/masks\01813.png,0.0
sim_data/RGB\01814.png,sim_data/masks\01814.png,0.0
sim_data/RGB\01815.png,sim_data/masks\01815.png,0.0
sim_data/RGB\01816.png,sim_data/masks\01816.png,-0.00017573311924934387
sim_data/RGB\01817.png,sim_data/masks\01817.png,0.0
sim_data/RGB\01818.png,sim_data/masks\01818.png,0.0
sim_data/RGB\01819.png,sim_data/masks\01819.png,0.0006155604496598244
sim_data/RGB\01820.png,sim_data/masks\01820.png,0.0006155604496598244
sim_data/RGB\01821.png,sim_data/masks\01821.png,0.0
sim_data/RGB\01822.png,sim_data/masks\01822.png,0.0
sim_data/RGB\01823.png,sim_data/masks\01823.png,0.0
sim_data/RGB\01824.png,sim_data/masks\01824.png,0.0
sim_data/RGB\01825.png,sim_data/masks\01825.png,0.0
sim_data/RGB\01826.png,sim_data/masks\01826.png,0.0
sim_data/RGB\01827.png,sim_data/masks\01827.png,0.0006155604496598244
sim_data/RGB\01828.png,sim_data/masks\01828.png,0.0024358690716326237
sim_data/RGB\01829.png,sim_data/masks\01829.png,0.003147574607282877
sim_data/RGB\01830.png,sim_data/masks\01830.png,0.003851375076919794
sim_data/RGB\01831.png,sim_data/masks\01831.png,0.004890815354883671
sim_data/RGB\01832.png,sim_data/masks\01832.png,0.004038992337882519
sim_data/RGB\01833.png,sim_data/masks\01833.png,0.002540155779570341
sim_data/RGB\01834.png,sim_data/masks\01834.png,0.0019389218650758266
sim_data/RGB\01835.png,sim_data/masks\01835.png,0.0013407694641500711
sim_data/RGB\01836.png,sim_data/masks\01836.png,0.0012130666291341186
sim_data/RGB\01837.png,sim_data/masks\01837.png,0.000703921657986939
sim_data/RGB\01838.png,sim_data/masks\01838.png,0.0005190677475184202
sim_data/RGB\01839.png,sim_data/masks\01839.png,0.00043982735951431096
sim_data/RGB\01840.png,sim_data/masks\01840.png,-0.00017573311924934387
sim_data/RGB\01841.png,sim_data/masks\01841.png,-0.00017573311924934387
sim_data/RGB\01842.png,sim_data/masks\01842.png,0.0
sim_data/RGB\01843.png,sim_data/masks\01843.png,0.0006155604496598244
sim_data/RGB\01844.png,sim_data/masks\01844.png,-0.00017573311924934387
sim_data/RGB\01845.png,sim_data/masks\01845.png,-0.00017573311924934387
sim_data/RGB\01846.png,sim_data/masks\01846.png,0.0
sim_data/RGB\01847.png,sim_data/masks\01847.png,0.0
sim_data/RGB\01848.png,sim_data/masks\01848.png,0.00017573311924934387
sim_data/RGB\01849.png,sim_data/masks\01849.png,0.00017573311924934387
sim_data/RGB\01850.png,sim_data/masks\01850.png,-0.049820203334093094
sim_data/RGB\01851.png,sim_data/masks\01851.png,-0.036457039415836334
sim_data/RGB\01852.png,sim_data/masks\01852.png,-0.03406883031129837
sim_data/RGB\01853.png,sim_data/masks\01853.png,-0.03172444924712181
sim_data/RGB\01854.png,sim_data/masks\01854.png,-0.029864942654967308
sim_data/RGB\01855.png,sim_data/masks\01855.png,-0.027224741876125336
sim_data/RGB\01856.png,sim_data/masks\01856.png,-0.023479361087083817
sim_data/RGB\01857.png,sim_data/masks\01857.png,-0.018243888393044472
sim_data/RGB\01858.png,sim_data/masks\01858.png,-0.01482864934951067
sim_data/RGB\01859.png,sim_data/masks\01859.png,-0.011588326655328274
sim_data/RGB\01860.png,sim_data/masks\01860.png,-0.009406316094100475
sim_data/RGB\01861.png,sim_data/masks\01861.png,-0.007377641275525093
sim_data/RGB\01862.png,sim_data/masks\01862.png,-0.006002405658364296
sim_data/RGB\01863.png,sim_data/masks\01863.png,-0.005103703588247299
sim_data/RGB\01864.png,sim_data/masks\01864.png,-0.0049170092679560184
sim_data/RGB\01865.png,sim_data/masks\01865.png,-0.004711308982223272
sim_data/RGB\01866.png,sim_data/masks\01866.png,-0.004450387787073851
sim_data/RGB\01867.png,sim_data/masks\01867.png,-0.0037563410587608814
sim_data/RGB\01868.png,sim_data/masks\01868.png,-0.003216350916773081
sim_data/RGB\01869.png,sim_data/masks\01869.png,-0.002384538296610117
sim_data/RGB\01870.png,sim_data/masks\01870.png,-0.0019909271504729986
sim_data/RGB\01871.png,sim_data/masks\01871.png,-0.11574969440698624
sim_data/RGB\01872.png,sim_data/masks\01872.png,-0.0896657407283783
sim_data/RGB\01873.png,sim_data/masks\01873.png,-0.0572265200316906
sim_data/RGB\01874.png,sim_data/masks\01874.png,-0.13807451725006104
sim_data/RGB\01875.png,sim_data/masks\01875.png,-0.10995806008577347
sim_data/RGB\01876.png,sim_data/masks\01876.png,-0.09348389506340027
sim_data/RGB\01877.png,sim_data/masks\01877.png,-0.07562637329101562
sim_data/RGB\01878.png,sim_data/masks\01878.png,-0.06056816130876541
sim_data/RGB\01879.png,sim_data/masks\01879.png,-0.2105681598186493
sim_data/RGB\01880.png,sim_data/masks\01880.png,-0.1582750529050827
sim_data/RGB\01881.png,sim_data/masks\01881.png,-0.20565441250801086
sim_data/RGB\01882.png,sim_data/masks\01882.png,-0.1508072167634964
sim_data/RGB\01883.png,sim_data/masks\01883.png,-0.1891181319952011
sim_data/RGB\01884.png,sim_data/masks\01884.png,-0.13396050035953522
sim_data/RGB\01885.png,sim_data/masks\01885.png,-0.17978091537952423
sim_data/RGB\01886.png,sim_data/masks\01886.png,-0.1259440928697586
sim_data/RGB\01887.png,sim_data/masks\01887.png,-0.17181125283241272
sim_data/RGB\01888.png,sim_data/masks\01888.png,-0.12239564955234528
sim_data/RGB\01889.png,sim_data/masks\01889.png,-0.08706451952457428
sim_data/RGB\01890.png,sim_data/masks\01890.png,-0.15148179233074188
sim_data/RGB\01891.png,sim_data/masks\01891.png,-0.11746208369731903
sim_data/RGB\01892.png,sim_data/masks\01892.png,-0.1825348138809204
sim_data/RGB\01893.png,sim_data/masks\01893.png,-0.22374171018600464
sim_data/RGB\01894.png,sim_data/masks\01894.png,-0.1637546271085739
sim_data/RGB\01895.png,sim_data/masks\01895.png,-0.19710445404052734
sim_data/RGB\01896.png,sim_data/masks\01896.png,-0.1362854689359665
sim_data/RGB\01897.png,sim_data/masks\01897.png,-0.18209221959114075
sim_data/RGB\01898.png,sim_data/masks\01898.png,-0.12752120196819305
sim_data/RGB\01899.png,sim_data/masks\01899.png,-0.17772723734378815
sim_data/RGB\01900.png,sim_data/masks\01900.png,-0.12512969970703125
sim_data/RGB\01901.png,sim_data/masks\01901.png,-0.17489856481552124
sim_data/RGB\01902.png,sim_data/masks\01902.png,-0.11828197538852692
sim_data/RGB\01903.png,sim_data/masks\01903.png,-0.16621173918247223
sim_data/RGB\01904.png,sim_data/masks\01904.png,-0.11041969805955887
sim_data/RGB\01905.png,sim_data/masks\01905.png,-0.16786600649356842
sim_data/RGB\01906.png,sim_data/masks\01906.png,-0.16786600649356842
sim_data/RGB\01907.png,sim_data/masks\01907.png,-0.3178660273551941
sim_data/RGB\01908.png,sim_data/masks\01908.png,-0.26569318771362305
sim_data/RGB\01909.png,sim_data/masks\01909.png,-0.18686994910240173
sim_data/RGB\01910.png,sim_data/masks\01910.png,-0.10788321495056152
sim_data/RGB\01911.png,sim_data/masks\01911.png,-0.041556328535079956
sim_data/RGB\01912.png,sim_data/masks\01912.png,-0.041556328535079956
sim_data/RGB\01913.png,sim_data/masks\01913.png,-0.13378369808197021
sim_data/RGB\01914.png,sim_data/masks\01914.png,-0.09169711917638779
sim_data/RGB\01915.png,sim_data/masks\01915.png,-0.03304295241832733
sim_data/RGB\01916.png,sim_data/masks\01916.png,-0.03304295241832733
sim_data/RGB\01917.png,sim_data/masks\01917.png,0.00888544786721468
sim_data/RGB\01918.png,sim_data/masks\01918.png,0.023011866956949234
sim_data/RGB\01919.png,sim_data/masks\01919.png,0.023011866956949234
sim_data/RGB\01920.png,sim_data/masks\01920.png,-0.03254033252596855
sim_data/RGB\01921.png,sim_data/masks\01921.png,-0.03040764108300209
sim_data/RGB\01922.png,sim_data/masks\01922.png,-0.018952248618006706
sim_data/RGB\01923.png,sim_data/masks\01923.png,-0.018952248618006706
sim_data/RGB\01924.png,sim_data/masks\01924.png,-0.007394189480692148
sim_data/RGB\01925.png,sim_data/masks\01925.png,-0.00026572239585220814
sim_data/RGB\01926.png,sim_data/masks\01926.png,-0.00026572239585220814
sim_data/RGB\01927.png,sim_data/masks\01927.png,-0.016329599544405937
sim_data/RGB\01928.png,sim_data/masks\01928.png,-0.016329599544405937
sim_data/RGB\01929.png,sim_data/masks\01929.png,-0.013165321201086044
sim_data/RGB\01930.png,sim_data/masks\01930.png,-0.006413144059479237
sim_data/RGB\01931.png,sim_data/masks\01931.png,-0.0006735571660101414
sim_data/RGB\01932.png,sim_data/masks\01932.png,-0.0006735571660101414
sim_data/RGB\01933.png,sim_data/masks\01933.png,0.0017544414149597287
sim_data/RGB\01934.png,sim_data/masks\01934.png,-0.005612218286842108
sim_data/RGB\01935.png,sim_data/masks\01935.png,-0.004634276032447815
sim_data/RGB\01936.png,sim_data/masks\01936.png,-0.004634276032447815
sim_data/RGB\01937.png,sim_data/masks\01937.png,-0.002757331356406212
sim_data/RGB\01938.png,sim_data/masks\01938.png,-0.0010926858521997929
sim_data/RGB\01939.png,sim_data/masks\01939.png,-0.00018992251716554165
sim_data/RGB\01940.png,sim_data/masks\01940.png,-0.00018992251716554165
sim_data/RGB\01941.png,sim_data/masks\01941.png,0.0002485241857357323
sim_data/RGB\01942.png,sim_data/masks\01942.png,-0.003198546590283513
sim_data/RGB\01943.png,sim_data/masks\01943.png,-0.003198546590283513
sim_data/RGB\01944.png,sim_data/masks\01944.png,-0.002514160005375743
sim_data/RGB\01945.png,sim_data/masks\01945.png,-0.0014056148938834667
sim_data/RGB\01946.png,sim_data/masks\01946.png,-0.0003855706308968365
sim_data/RGB\01947.png,sim_data/masks\01947.png,-0.0003855706308968365
sim_data/RGB\01948.png,sim_data/masks\01948.png,-0.00031118179322220385
sim_data/RGB\01949.png,sim_data/masks\01949.png,0.001552168163470924
sim_data/RGB\01950.png,sim_data/masks\01950.png,0.003643549745902419
sim_data/RGB\01951.png,sim_data/masks\01951.png,0.003615753259509802
sim_data/RGB\01952.png,sim_data/masks\01952.png,0.003524638246744871
sim_data/RGB\01953.png,sim_data/masks\01953.png,0.003524638246744871
sim_data/RGB\01954.png,sim_data/masks\01954.png,0.002032457385212183
sim_data/RGB\01955.png,sim_data/masks\01955.png,0.0012409943155944347
sim_data/RGB\01956.png,sim_data/masks\01956.png,0.0009950052481144667
sim_data/RGB\01957.png,sim_data/masks\01957.png,-0.0004649461479857564
sim_data/RGB\01958.png,sim_data/masks\01958.png,-0.0004649461479857564
sim_data/RGB\01959.png,sim_data/masks\01959.png,0.0
sim_data/RGB\01960.png,sim_data/masks\01960.png,0.0
sim_data/RGB\01961.png,sim_data/masks\01961.png,0.0
sim_data/RGB\01962.png,sim_data/masks\01962.png,0.0
sim_data/RGB\01963.png,sim_data/masks\01963.png,0.0
sim_data/RGB\01964.png,sim_data/masks\01964.png,-0.00137643504422158
sim_data/RGB\01965.png,sim_data/masks\01965.png,-0.0011148579651489854
sim_data/RGB\01966.png,sim_data/masks\01966.png,-0.0004400774778332561
sim_data/RGB\01967.png,sim_data/masks\01967.png,-0.0004400774778332561
sim_data/RGB\01968.png,sim_data/masks\01968.png,0.0002485241857357323
sim_data/RGB\01969.png,sim_data/masks\01969.png,0.0
sim_data/RGB\01970.png,sim_data/masks\01970.png,-0.020655818283557892
sim_data/RGB\01971.png,sim_data/masks\01971.png,-0.020655818283557892
sim_data/RGB\01972.png,sim_data/masks\01972.png,-0.015550876036286354
sim_data/RGB\01973.png,sim_data/masks\01973.png,-0.010046488605439663
sim_data/RGB\01974.png,sim_data/masks\01974.png,-0.006981921382248402
sim_data/RGB\01975.png,sim_data/masks\01975.png,-0.005328739993274212
sim_data/RGB\01976.png,sim_data/masks\01976.png,-0.005328739993274212
sim_data/RGB\01977.png,sim_data/masks\01977.png,-0.003004689235240221
sim_data/RGB\01978.png,sim_data/masks\01978.png,-0.002131412969902158
sim_data/RGB\01979.png,sim_data/masks\01979.png,-0.0014836221234872937
sim_data/RGB\01980.png,sim_data/masks\01980.png,-0.0007832429255358875
sim_data/RGB\01981.png,sim_data/masks\01981.png,-0.0008006644784472883
sim_data/RGB\01982.png,sim_data/masks\01982.png,-0.0008796547190286219
sim_data/RGB\01983.png,sim_data/masks\01983.png,-0.09445201605558395
sim_data/RGB\01984.png,sim_data/masks\01984.png,-0.09445201605558395
sim_data/RGB\01985.png,sim_data/masks\01985.png,-0.07639304548501968
sim_data/RGB\01986.png,sim_data/masks\01986.png,-0.16962437331676483
sim_data/RGB\01987.png,sim_data/masks\01987.png,-0.13094836473464966
sim_data/RGB\01988.png,sim_data/masks\01988.png,-0.09187950938940048
sim_data/RGB\01989.png,sim_data/masks\01989.png,-0.16653521358966827
sim_data/RGB\01990.png,sim_data/masks\01990.png,-0.16653521358966827
sim_data/RGB\01991.png,sim_data/masks\01991.png,-0.12731049954891205
sim_data/RGB\01992.png,sim_data/masks\01992.png,-0.27731049060821533
sim_data/RGB\01993.png,sim_data/masks\01993.png,-0.33953163027763367
sim_data/RGB\01994.png,sim_data/masks\01994.png,-0.2695716321468353
sim_data/RGB\01995.png,sim_data/masks\01995.png,-0.29147011041641235
sim_data/RGB\01996.png,sim_data/masks\01996.png,-0.30709308385849
sim_data/RGB\01997.png,sim_data/masks\01997.png,-0.3152604103088379
sim_data/RGB\01998.png,sim_data/masks\01998.png,-0.3756401240825653
sim_data/RGB\01999.png,sim_data/masks\01999.png,-0.267779141664505
sim_data/RGB\02000.png,sim_data/masks\02000.png,-0.327290803194046
sim_data/RGB\02001.png,sim_data/masks\02001.png,-0.3346709609031677
sim_data/RGB\02002.png,sim_data/masks\02002.png,-0.31362539529800415
sim_data/RGB\02003.png,sim_data/masks\02003.png,-0.22389303147792816
sim_data/RGB\02004.png,sim_data/masks\02004.png,-0.22389303147792816
sim_data/RGB\02005.png,sim_data/masks\02005.png,-0.15255986154079437
sim_data/RGB\02006.png,sim_data/masks\02006.png,-0.18398697674274445
sim_data/RGB\02007.png,sim_data/masks\02007.png,-0.06155611574649811
sim_data/RGB\02008.png,sim_data/masks\02008.png,-0.12533921003341675
sim_data/RGB\02009.png,sim_data/masks\02009.png,-0.09066930413246155
sim_data/RGB\02010.png,sim_data/masks\02010.png,-0.1523323655128479
sim_data/RGB\02011.png,sim_data/masks\02011.png,-0.11424434930086136
sim_data/RGB\02012.png,sim_data/masks\02012.png,-0.08446825295686722
sim_data/RGB\02013.png,sim_data/masks\02013.png,-0.1794208288192749
sim_data/RGB\02014.png,sim_data/masks\02014.png,-0.1355614960193634
sim_data/RGB\02015.png,sim_data/masks\02015.png,-0.10665256530046463
sim_data/RGB\02016.png,sim_data/masks\02016.png,-0.15072987973690033
sim_data/RGB\02017.png,sim_data/masks\02017.png,-0.10485092550516129
sim_data/RGB\02018.png,sim_data/masks\02018.png,-0.068992480635643
sim_data/RGB\02019.png,sim_data/masks\02019.png,-0.06615199148654938
sim_data/RGB\02020.png,sim_data/masks\02020.png,-0.042116839438676834
sim_data/RGB\02021.png,sim_data/masks\02021.png,-0.04322116822004318
sim_data/RGB\02022.png,sim_data/masks\02022.png,-0.031181059777736664
sim_data/RGB\02023.png,sim_data/masks\02023.png,-0.021854696795344353
sim_data/RGB\02024.png,sim_data/masks\02024.png,-0.015160996466875076
sim_data/RGB\02025.png,sim_data/masks\02025.png,-0.009670939296483994
sim_data/RGB\02026.png,sim_data/masks\02026.png,-0.005591006949543953
sim_data/RGB\02027.png,sim_data/masks\02027.png,-0.003335700836032629
sim_data/RGB\02028.png,sim_data/masks\02028.png,-0.0020924173295497894
sim_data/RGB\02029.png,sim_data/masks\02029.png,-0.012830739840865135
sim_data/RGB\02030.png,sim_data/masks\02030.png,-0.006136610172688961
sim_data/RGB\02031.png,sim_data/masks\02031.png,-0.003547179512679577
sim_data/RGB\02032.png,sim_data/masks\02032.png,-0.001312481937929988
sim_data/RGB\02033.png,sim_data/masks\02033.png,-0.0006012359517626464
sim_data/RGB\02034.png,sim_data/masks\02034.png,-0.0009267422719858587
sim_data/RGB\02035.png,sim_data/masks\02035.png,-0.004724577069282532
sim_data/RGB\02036.png,sim_data/masks\02036.png,-0.00347535265609622
sim_data/RGB\02037.png,sim_data/masks\02037.png,-0.0026306353975087404
sim_data/RGB\02038.png,sim_data/masks\02038.png,-0.0006943221669644117
sim_data/RGB\02039.png,sim_data/masks\02039.png,-0.000703921657986939
sim_data/RGB\02040.png,sim_data/masks\02040.png,0.00035146623849868774
sim_data/RGB\02041.png,sim_data/masks\02041.png,-0.0003670363512355834
sim_data/RGB\02042.png,sim_data/masks\02042.png,-0.00195663096383214
sim_data/RGB\02043.png,sim_data/masks\02043.png,-0.00133781589102
sim_data/RGB\02044.png,sim_data/masks\02044.png,-0.000952092232182622
sim_data/RGB\02045.png,sim_data/masks\02045.png,-0.0004400774778332561
sim_data/RGB\02046.png,sim_data/masks\02046.png,-0.0003670363512355834
sim_data/RGB\02047.png,sim_data/masks\02047.png,0.0
sim_data/RGB\02048.png,sim_data/masks\02048.png,0.0
sim_data/RGB\02049.png,sim_data/masks\02049.png,-0.00017573311924934387
sim_data/RGB\02050.png,sim_data/masks\02050.png,0.0
sim_data/RGB\02051.png,sim_data/masks\02051.png,-0.0006155604496598244
sim_data/RGB\02052.png,sim_data/masks\02052.png,-0.0006155604496598244
sim_data/RGB\02053.png,sim_data/masks\02053.png,-0.0006155604496598244
sim_data/RGB\02054.png,sim_data/masks\02054.png,0.0002485241857357323
sim_data/RGB\02055.png,sim_data/masks\02055.png,0.0
sim_data/RGB\02056.png,sim_data/masks\02056.png,0.0
sim_data/RGB\02057.png,sim_data/masks\02057.png,0.0006155604496598244
sim_data/RGB\02058.png,sim_data/masks\02058.png,0.00043982735951431096
sim_data/RGB\02059.png,sim_data/masks\02059.png,-0.00017573311924934387
sim_data/RGB\02060.png,sim_data/masks\02060.png,-0.0006155604496598244
sim_data/RGB\02061.png,sim_data/masks\02061.png,0.00017573311924934387
sim_data/RGB\02062.png,sim_data/masks\02062.png,0.0
sim_data/RGB\02063.png,sim_data/masks\02063.png,-0.0006155604496598244
sim_data/RGB\02064.png,sim_data/masks\02064.png,0.00017573311924934387
sim_data/RGB\02065.png,sim_data/masks\02065.png,0.00017573311924934387
sim_data/RGB\02066.png,sim_data/masks\02066.png,0.0
sim_data/RGB\02067.png,sim_data/masks\02067.png,0.0
sim_data/RGB\02068.png,sim_data/masks\02068.png,0.0
sim_data/RGB\02069.png,sim_data/masks\02069.png,0.0
sim_data/RGB\02070.png,sim_data/masks\02070.png,0.0006155604496598244
sim_data/RGB\02071.png,sim_data/masks\02071.png,-0.0010462671052664518
sim_data/RGB\02072.png,sim_data/masks\02072.png,0.0002485241857357323
sim_data/RGB\02073.png,sim_data/masks\02073.png,0.0
sim_data/RGB\02074.png,sim_data/masks\02074.png,0.0
sim_data/RGB\02075.png,sim_data/masks\02075.png,0.000870533986017108
sim_data/RGB\02076.png,sim_data/masks\02076.png,-0.000870533986017108
sim_data/RGB\02077.png,sim_data/masks\02077.png,-0.000870533986017108
sim_data/RGB\02078.png,sim_data/masks\02078.png,0.0
sim_data/RGB\02079.png,sim_data/masks\02079.png,0.0
sim_data/RGB\02080.png,sim_data/masks\02080.png,0.0
sim_data/RGB\02081.png,sim_data/masks\02081.png,0.0
sim_data/RGB\02082.png,sim_data/masks\02082.png,0.0006155604496598244
sim_data/RGB\02083.png,sim_data/masks\02083.png,-0.00017573311924934387
sim_data/RGB\02084.png,sim_data/masks\02084.png,0.0
sim_data/RGB\02085.png,sim_data/masks\02085.png,-0.0006948008667677641
sim_data/RGB\02086.png,sim_data/masks\02086.png,-0.0006948008667677641
sim_data/RGB\02087.png,sim_data/masks\02087.png,-0.00022260929108597338
sim_data/RGB\02088.png,sim_data/masks\02088.png,0.0012419151607900858
sim_data/RGB\02089.png,sim_data/masks\02089.png,-0.0009199392516165972
sim_data/RGB\02090.png,sim_data/masks\02090.png,0.00017573311924934387
sim_data/RGB\02091.png,sim_data/masks\02091.png,0.0
sim_data/RGB\02092.png,sim_data/masks\02092.png,0.0
sim_data/RGB\02093.png,sim_data/masks\02093.png,0.0
sim_data/RGB\02094.png,sim_data/masks\02094.png,0.0
sim_data/RGB\02095.png,sim_data/masks\02095.png,0.0
sim_data/RGB\02096.png,sim_data/masks\02096.png,0.0
sim_data/RGB\02097.png,sim_data/masks\02097.png,0.0
sim_data/RGB\02098.png,sim_data/masks\02098.png,0.0
sim_data/RGB\02099.png,sim_data/masks\02099.png,-0.0006155604496598244
sim_data/RGB\02100.png,sim_data/masks\02100.png,-0.00031118179322220385
sim_data/RGB\02101.png,sim_data/masks\02101.png,-0.00031118179322220385
sim_data/RGB\02102.png,sim_data/masks\02102.png,-0.0005190677475184202
sim_data/RGB\02103.png,sim_data/masks\02103.png,-0.0006220098002813756
sim_data/RGB\02104.png,sim_data/masks\02104.png,-0.0003670363512355834
sim_data/RGB\02105.png,sim_data/masks\02105.png,0.0012419151607900858
sim_data/RGB\02106.png,sim_data/masks\02106.png,0.0014816271141171455
sim_data/RGB\02107.png,sim_data/masks\02107.png,0.0014816271141171455
sim_data/RGB\02108.png,sim_data/masks\02108.png,0.0011315717129036784
sim_data/RGB\02109.png,sim_data/masks\02109.png,0.000405587867135182
sim_data/RGB\02110.png,sim_data/masks\02110.png,0.0006220098002813756
sim_data/RGB\02111.png,sim_data/masks\02111.png,0.0
sim_data/RGB\02112.png,sim_data/masks\02112.png,0.0
sim_data/RGB\02113.png,sim_data/masks\02113.png,-0.000870533986017108
sim_data/RGB\02114.png,sim_data/masks\02114.png,0.0002485241857357323
sim_data/RGB\02115.png,sim_data/masks\02115.png,0.0
sim_data/RGB\02116.png,sim_data/masks\02116.png,-0.0012311208993196487
sim_data/RGB\02117.png,sim_data/masks\02117.png,-0.0007147158030420542
sim_data/RGB\02118.png,sim_data/masks\02118.png,0.00017573311924934387
sim_data/RGB\02119.png,sim_data/masks\02119.png,-0.0006155604496598244
sim_data/RGB\02120.png,sim_data/masks\02120.png,-0.000890448922291398
sim_data/RGB\02121.png,sim_data/masks\02121.png,-0.0005661552422679961
sim_data/RGB\02122.png,sim_data/masks\02122.png,-0.0008176579140126705
sim_data/RGB\02123.png,sim_data/masks\02123.png,0.000304378685541451
sim_data/RGB\02124.png,sim_data/masks\02124.png,0.0
sim_data/RGB\02125.png,sim_data/masks\02125.png,0.00017573311924934387
sim_data/RGB\02126.png,sim_data/masks\02126.png,0.0
sim_data/RGB\02127.png,sim_data/masks\02127.png,0.0
sim_data/RGB\02128.png,sim_data/masks\02128.png,0.0
sim_data/RGB\02129.png,sim_data/masks\02129.png,-0.000870533986017108
sim_data/RGB\02130.png,sim_data/masks\02130.png,-0.0006220098002813756
sim_data/RGB\02131.png,sim_data/masks\02131.png,-0.0003670363512355834
sim_data/RGB\02132.png,sim_data/masks\02132.png,-0.0012311208993196487
sim_data/RGB\02133.png,sim_data/masks\02133.png,-0.0012311208993196487
sim_data/RGB\02134.png,sim_data/masks\02134.png,0.0
sim_data/RGB\02135.png,sim_data/masks\02135.png,0.0
sim_data/RGB\02136.png,sim_data/masks\02136.png,0.0
sim_data/RGB\02137.png,sim_data/masks\02137.png,0.0
sim_data/RGB\02138.png,sim_data/masks\02138.png,-0.0006155604496598244
sim_data/RGB\02139.png,sim_data/masks\02139.png,0.00017573311924934387
sim_data/RGB\02140.png,sim_data/masks\02140.png,0.0
sim_data/RGB\02141.png,sim_data/masks\02141.png,0.0
sim_data/RGB\02142.png,sim_data/masks\02142.png,0.0
sim_data/RGB\02143.png,sim_data/masks\02143.png,0.0
sim_data/RGB\02144.png,sim_data/masks\02144.png,0.001066182041540742
sim_data/RGB\02145.png,sim_data/masks\02145.png,0.00031118179322220385
sim_data/RGB\02146.png,sim_data/masks\02146.png,0.0005190677475184202
sim_data/RGB\02147.png,sim_data/masks\02147.png,0.0006220098002813756
sim_data/RGB\02148.png,sim_data/masks\02148.png,0.0006220098002813756
sim_data/RGB\02149.png,sim_data/masks\02149.png,0.0003670363512355834
sim_data/RGB\02150.png,sim_data/masks\02150.png,-0.00017573311924934387
sim_data/RGB\02151.png,sim_data/masks\02151.png,0.0
sim_data/RGB\02152.png,sim_data/masks\02152.png,0.0
sim_data/RGB\02153.png,sim_data/masks\02153.png,0.0
sim_data/RGB\02154.png,sim_data/masks\02154.png,0.0
sim_data/RGB\02155.png,sim_data/masks\02155.png,0.00017573311924934387
sim_data/RGB\02156.png,sim_data/masks\02156.png,0.00017573311924934387
sim_data/RGB\02157.png,sim_data/masks\02157.png,0.0
sim_data/RGB\02158.png,sim_data/masks\02158.png,0.0
sim_data/RGB\02159.png,sim_data/masks\02159.png,0.0
sim_data/RGB\02160.png,sim_data/masks\02160.png,0.0
sim_data/RGB\02161.png,sim_data/masks\02161.png,0.0
sim_data/RGB\02162.png,sim_data/masks\02162.png,0.0
sim_data/RGB\02163.png,sim_data/masks\02163.png,0.0
sim_data/RGB\02164.png,sim_data/masks\02164.png,0.0
sim_data/RGB\02165.png,sim_data/masks\02165.png,0.0
sim_data/RGB\02166.png,sim_data/masks\02166.png,0.0
sim_data/RGB\02167.png,sim_data/masks\02167.png,0.0
sim_data/RGB\02168.png,sim_data/masks\02168.png,0.00017573311924934387
sim_data/RGB\02169.png,sim_data/masks\02169.png,0.00017573311924934387
sim_data/RGB\02170.png,sim_data/masks\02170.png,0.0
sim_data/RGB\02171.png,sim_data/masks\02171.png,0.0
sim_data/RGB\02172.png,sim_data/masks\02172.png,0.0
sim_data/RGB\02173.png,sim_data/masks\02173.png,0.0
sim_data/RGB\02174.png,sim_data/masks\02174.png,0.0
sim_data/RGB\02175.png,sim_data/masks\02175.png,0.0
sim_data/RGB\02176.png,sim_data/masks\02176.png,0.0
sim_data/RGB\02177.png,sim_data/masks\02177.png,0.0
sim_data/RGB\02178.png,sim_data/masks\02178.png,0.0
sim_data/RGB\02179.png,sim_data/masks\02179.png,0.0
sim_data/RGB\02180.png,sim_data/masks\02180.png,0.0
sim_data/RGB\02181.png,sim_data/masks\02181.png,0.0
sim_data/RGB\02182.png,sim_data/masks\02182.png,0.0
sim_data/RGB\02183.png,sim_data/masks\02183.png,-0.0006155604496598244
sim_data/RGB\02184.png,sim_data/masks\02184.png,0.00017573311924934387
sim_data/RGB\02185.png,sim_data/masks\02185.png,0.00043982735951431096
sim_data/RGB\02186.png,sim_data/masks\02186.png,0.00043982735951431096
sim_data/RGB\02187.png,sim_data/masks\02187.png,0.0
sim_data/RGB\02188.png,sim_data/masks\02188.png,0.0
sim_data/RGB\02189.png,sim_data/masks\02189.png,0.0
sim_data/RGB\02190.png,sim_data/masks\02190.png,0.0
sim_data/RGB\02191.png,sim_data/masks\02191.png,-0.0006155604496598244
sim_data/RGB\02192.png,sim_data/masks\02192.png,0.00017573311924934387
sim_data/RGB\02193.png,sim_data/masks\02193.png,0.0
sim_data/RGB\02194.png,sim_data/masks\02194.png,0.0
sim_data/RGB\02195.png,sim_data/masks\02195.png,-0.0006155604496598244
sim_data/RGB\02196.png,sim_data/masks\02196.png,-0.00043982735951431096
sim_data/RGB\02197.png,sim_data/masks\02197.png,0.0
sim_data/RGB\02198.png,sim_data/masks\02198.png,0.0
sim_data/RGB\02199.png,sim_data/masks\02199.png,0.0
sim_data/RGB\02200.png,sim_data/masks\02200.png,0.0
sim_data/RGB\02201.png,sim_data/masks\02201.png,0.0
sim_data/RGB\02202.png,sim_data/masks\02202.png,0.0006155604496598244
sim_data/RGB\02203.png,sim_data/masks\02203.png,-0.00017573311924934387
sim_data/RGB\02204.png,sim_data/masks\02204.png,0.0
sim_data/RGB\02205.png,sim_data/masks\02205.png,0.0
sim_data/RGB\02206.png,sim_data/masks\02206.png,0.0
sim_data/RGB\02207.png,sim_data/masks\02207.png,0.0
sim_data/RGB\02208.png,sim_data/masks\02208.png,0.0
sim_data/RGB\02209.png,sim_data/masks\02209.png,0.0
sim_data/RGB\02210.png,sim_data/masks\02210.png,0.0
sim_data/RGB\02211.png,sim_data/masks\02211.png,0.0
sim_data/RGB\02212.png,sim_data/masks\02212.png,0.0
sim_data/RGB\02213.png,sim_data/masks\02213.png,0.0
sim_data/RGB\02214.png,sim_data/masks\02214.png,0.0006155604496598244
sim_data/RGB\02215.png,sim_data/masks\02215.png,0.0006155604496598244
sim_data/RGB\02216.png,sim_data/masks\02216.png,0.0
sim_data/RGB\02217.png,sim_data/masks\02217.png,0.0
sim_data/RGB\02218.png,sim_data/masks\02218.png,0.0
sim_data/RGB\02219.png,sim_data/masks\02219.png,0.0006155604496598244
sim_data/RGB\02220.png,sim_data/masks\02220.png,-0.00017573311924934387
sim_data/RGB\02221.png,sim_data/masks\02221.png,-0.14422507584095
sim_data/RGB\02222.png,sim_data/masks\02222.png,-0.08396043628454208
sim_data/RGB\02223.png,sim_data/masks\02223.png,-0.08396043628454208
sim_data/RGB\02224.png,sim_data/masks\02224.png,-0.05373058468103409
sim_data/RGB\02225.png,sim_data/masks\02225.png,-0.046318333595991135
sim_data/RGB\02226.png,sim_data/masks\02226.png,-0.03822208195924759
sim_data/RGB\02227.png,sim_data/masks\02227.png,-0.027052775025367737
sim_data/RGB\02228.png,sim_data/masks\02228.png,-0.02295653522014618
sim_data/RGB\02229.png,sim_data/masks\02229.png,-0.014735408127307892
sim_data/RGB\02230.png,sim_data/masks\02230.png,-0.014735408127307892
sim_data/RGB\02231.png,sim_data/masks\02231.png,-0.012225802056491375
sim_data/RGB\02232.png,sim_data/masks\02232.png,-0.011204976588487625
sim_data/RGB\02233.png,sim_data/masks\02233.png,-0.010126452893018723
sim_data/RGB\02234.png,sim_data/masks\02234.png,-0.008934288285672665
sim_data/RGB\02235.png,sim_data/masks\02235.png,-0.0073574986308813095
sim_data/RGB\02236.png,sim_data/masks\02236.png,-0.24109892547130585
sim_data/RGB\02237.png,sim_data/masks\02237.png,-0.24109892547130585
sim_data/RGB\02238.png,sim_data/masks\02238.png,-0.17944757640361786
sim_data/RGB\02239.png,sim_data/masks\02239.png,-0.1551569700241089
sim_data/RGB\02240.png,sim_data/masks\02240.png,-0.12960314750671387
sim_data/RGB\02241.png,sim_data/masks\02241.png,-0.08565989881753922
sim_data/RGB\02242.png,sim_data/masks\02242.png,-0.05867155268788338
sim_data/RGB\02243.png,sim_data/masks\02243.png,-0.024187173694372177
sim_data/RGB\02244.png,sim_data/masks\02244.png,-0.015043836086988449
sim_data/RGB\02245.png,sim_data/masks\02245.png,-0.010311301797628403
sim_data/RGB\02246.png,sim_data/masks\02246.png,-0.2946375012397766
sim_data/RGB\02247.png,sim_data/masks\02247.png,-0.2946375012397766
sim_data/RGB\02248.png,sim_data/masks\02248.png,-0.361697793006897
sim_data/RGB\02249.png,sim_data/masks\02249.png,-0.4057875871658325
sim_data/RGB\02250.png,sim_data/masks\02250.png,-0.33898746967315674
sim_data/RGB\02251.png,sim_data/masks\02251.png,-0.346373587846756
sim_data/RGB\02252.png,sim_data/masks\02252.png,-0.26249971985816956
sim_data/RGB\02253.png,sim_data/masks\02253.png,-0.26249971985816956
sim_data/RGB\02254.png,sim_data/masks\02254.png,-0.2693532407283783
sim_data/RGB\02255.png,sim_data/masks\02255.png,-0.2068919837474823
sim_data/RGB\02256.png,sim_data/masks\02256.png,-0.25813835859298706
sim_data/RGB\02257.png,sim_data/masks\02257.png,-0.1791912168264389
sim_data/RGB\02258.png,sim_data/masks\02258.png,-0.151092991232872
sim_data/RGB\02259.png,sim_data/masks\02259.png,-0.2583939731121063
sim_data/RGB\02260.png,sim_data/masks\02260.png,-0.21413494646549225
sim_data/RGB\02261.png,sim_data/masks\02261.png,-0.2729865610599518
sim_data/RGB\02262.png,sim_data/masks\02262.png,-0.23955820500850677
sim_data/RGB\02263.png,sim_data/masks\02263.png,-0.23955820500850677
sim_data/RGB\02264.png,sim_data/masks\02264.png,-0.2225915938615799
sim_data/RGB\02265.png,sim_data/masks\02265.png,-0.2225915938615799
sim_data/RGB\02266.png,sim_data/masks\02266.png,-0.09585932642221451
sim_data/RGB\02267.png,sim_data/masks\02267.png,-0.07612992823123932
sim_data/RGB\02268.png,sim_data/masks\02268.png,-0.08117964118719101
sim_data/RGB\02269.png,sim_data/masks\02269.png,-0.04747696593403816
sim_data/RGB\02270.png,sim_data/masks\02270.png,-0.04971355199813843
sim_data/RGB\02271.png,sim_data/masks\02271.png,-0.025013301521539688
sim_data/RGB\02272.png,sim_data/masks\02272.png,-0.005510727874934673
sim_data/RGB\02273.png,sim_data/masks\02273.png,-0.005510727874934673
sim_data/RGB\02274.png,sim_data/masks\02274.png,0.0010625316062942147
sim_data/RGB\02275.png,sim_data/masks\02275.png,0.0011190581135451794
sim_data/RGB\02276.png,sim_data/masks\02276.png,0.0013800958404317498
sim_data/RGB\02277.png,sim_data/masks\02277.png,-0.002597310347482562
sim_data/RGB\02278.png,sim_data/masks\02278.png,-0.0023433673195540905
sim_data/RGB\02279.png,sim_data/masks\02279.png,-0.00010453100549057126
sim_data/RGB\02280.png,sim_data/masks\02280.png,-0.00010453100549057126
sim_data/RGB\02281.png,sim_data/masks\02281.png,0.0
sim_data/RGB\02282.png,sim_data/masks\02282.png,0.0
sim_data/RGB\02283.png,sim_data/masks\02283.png,0.0006155604496598244
sim_data/RGB\02284.png,sim_data/masks\02284.png,0.0006155604496598244
sim_data/RGB\02285.png,sim_data/masks\02285.png,-0.001754489028826356
sim_data/RGB\02286.png,sim_data/masks\02286.png,-0.001754489028826356
sim_data/RGB\02287.png,sim_data/masks\02287.png,-0.0008502760319970548
sim_data/RGB\02288.png,sim_data/masks\02288.png,-0.0004400774778332561
sim_data/RGB\02289.png,sim_data/masks\02289.png,0.0002485241857357323
sim_data/RGB\02290.png,sim_data/masks\02290.png,-0.000870533986017108
sim_data/RGB\02291.png,sim_data/masks\02291.png,-0.0006220098002813756
sim_data/RGB\02292.png,sim_data/masks\02292.png,-0.0018838399555534124
sim_data/RGB\02293.png,sim_data/masks\02293.png,-0.0008207180653698742
sim_data/RGB\02294.png,sim_data/masks\02294.png,-0.0008207180653698742
sim_data/RGB\02295.png,sim_data/masks\02295.png,0.00017573311924934387
sim_data/RGB\02296.png,sim_data/masks\02296.png,0.0
sim_data/RGB\02297.png,sim_data/masks\02297.png,0.0
sim_data/RGB\02298.png,sim_data/masks\02298.png,0.0
sim_data/RGB\02299.png,sim_data/masks\02299.png,-0.000870533986017108
sim_data/RGB\02300.png,sim_data/masks\02300.png,-0.0006948008667677641
sim_data/RGB\02301.png,sim_data/masks\02301.png,-0.0006948008667677641
sim_data/RGB\02302.png,sim_data/masks\02302.png,-0.0006220098002813756
sim_data/RGB\02303.png,sim_data/masks\02303.png,-0.0006220098002813756
sim_data/RGB\02304.png,sim_data/masks\02304.png,0.0002485241857357323
sim_data/RGB\02305.png,sim_data/masks\02305.png,0.0006155604496598244
sim_data/RGB\02306.png,sim_data/masks\02306.png,0.0006948008667677641
sim_data/RGB\02307.png,sim_data/masks\02307.png,0.0006220098002813756
sim_data/RGB\02308.png,sim_data/masks\02308.png,-0.0002485241857357323
sim_data/RGB\02309.png,sim_data/masks\02309.png,0.0
sim_data/RGB\02310.png,sim_data/masks\02310.png,-0.0006155604496598244
sim_data/RGB\02311.png,sim_data/masks\02311.png,-0.00043982735951431096
sim_data/RGB\02312.png,sim_data/masks\02312.png,0.0010462671052664518
sim_data/RGB\02313.png,sim_data/masks\02313.png,0.0006220098002813756
sim_data/RGB\02314.png,sim_data/masks\02314.png,-0.0011190581135451794
sim_data/RGB\02315.png,sim_data/masks\02315.png,-0.0007618034142069519
sim_data/RGB\02316.png,sim_data/masks\02316.png,-0.0007618034142069519
sim_data/RGB\02317.png,sim_data/masks\02317.png,0.0002485241857357323
sim_data/RGB\02318.png,sim_data/masks\02318.png,0.0002485241857357323
sim_data/RGB\02319.png,sim_data/masks\02319.png,0.0
sim_data/RGB\02320.png,sim_data/masks\02320.png,0.0
sim_data/RGB\02321.png,sim_data/masks\02321.png,0.001479645143263042
sim_data/RGB\02322.png,sim_data/masks\02322.png,0.0007147158030420542
sim_data/RGB\02323.png,sim_data/masks\02323.png,0.0007618034142069519
sim_data/RGB\02324.png,sim_data/masks\02324.png,-0.000304378685541451
sim_data/RGB\02325.png,sim_data/masks\02325.png,-0.0010553877800703049
sim_data/RGB\02326.png,sim_data/masks\02326.png,-0.0007147158030420542
sim_data/RGB\02327.png,sim_data/masks\02327.png,0.000304378685541451
sim_data/RGB\02328.png,sim_data/masks\02328.png,-0.0006155604496598244
sim_data/RGB\02329.png,sim_data/masks\02329.png,-0.00043982735951431096
sim_data/RGB\02330.png,sim_data/masks\02330.png,0.07726456224918365
sim_data/RGB\02331.png,sim_data/masks\02331.png,0.07726456224918365
sim_data/RGB\02332.png,sim_data/masks\02332.png,0.04388897866010666
sim_data/RGB\02333.png,sim_data/masks\02333.png,0.0385873019695282
sim_data/RGB\02334.png,sim_data/masks\02334.png,0.03382136672735214
sim_data/RGB\02335.png,sim_data/masks\02335.png,0.025762207806110382
sim_data/RGB\02336.png,sim_data/masks\02336.png,0.023544348776340485
sim_data/RGB\02337.png,sim_data/masks\02337.png,0.016163239255547523
sim_data/RGB\02338.png,sim_data/masks\02338.png,0.016163239255547523
sim_data/RGB\02339.png,sim_data/masks\02339.png,0.10818775743246078
sim_data/RGB\02340.png,sim_data/masks\02340.png,0.08587359637022018
sim_data/RGB\02341.png,sim_data/masks\02341.png,0.07774349302053452
sim_data/RGB\02342.png,sim_data/masks\02342.png,0.12755373120307922
sim_data/RGB\02343.png,sim_data/masks\02343.png,0.2157670110464096
sim_data/RGB\02344.png,sim_data/masks\02344.png,0.1778714954853058
sim_data/RGB\02345.png,sim_data/masks\02345.png,0.16210396587848663
sim_data/RGB\02346.png,sim_data/masks\02346.png,0.3121039867401123
sim_data/RGB\02347.png,sim_data/masks\02347.png,0.28218576312065125
sim_data/RGB\02348.png,sim_data/masks\02348.png,0.2759301960468292
sim_data/RGB\02349.png,sim_data/masks\02349.png,0.34222733974456787
sim_data/RGB\02350.png,sim_data/masks\02350.png,0.2880030572414398
sim_data/RGB\02351.png,sim_data/masks\02351.png,0.3261118233203888
sim_data/RGB\02352.png,sim_data/masks\02352.png,0.373736172914505
sim_data/RGB\02353.png,sim_data/masks\02353.png,0.39460286498069763
sim_data/RGB\02354.png,sim_data/masks\02354.png,0.43142735958099365
sim_data/RGB\02355.png,sim_data/masks\02355.png,0.35126057267189026
sim_data/RGB\02356.png,sim_data/masks\02356.png,0.3977448642253876
sim_data/RGB\02357.png,sim_data/masks\02357.png,0.5100583434104919
sim_data/RGB\02358.png,sim_data/masks\02358.png,0.3614596128463745
sim_data/RGB\02359.png,sim_data/masks\02359.png,0.3541995584964752
sim_data/RGB\02360.png,sim_data/masks\02360.png,0.36860892176628113
sim_data/RGB\02361.png,sim_data/masks\02361.png,0.29149800539016724
sim_data/RGB\02362.png,sim_data/masks\02362.png,0.23909901082515717
sim_data/RGB\02363.png,sim_data/masks\02363.png,0.14720888435840607
sim_data/RGB\02364.png,sim_data/masks\02364.png,0.161796435713768
sim_data/RGB\02365.png,sim_data/masks\02365.png,0.08327623456716537
sim_data/RGB\02366.png,sim_data/masks\02366.png,0.06384752690792084
sim_data/RGB\02367.png,sim_data/masks\02367.png,0.02244817093014717
sim_data/RGB\02368.png,sim_data/masks\02368.png,0.0045301467180252075
sim_data/RGB\02369.png,sim_data/masks\02369.png,0.0045301467180252075
sim_data/RGB\02370.png,sim_data/masks\02370.png,0.0009756769286468625
sim_data/RGB\02371.png,sim_data/masks\02371.png,0.000933545408770442
sim_data/RGB\02372.png,sim_data/masks\02372.png,0.0005389827420003712
sim_data/RGB\02373.png,sim_data/masks\02373.png,-0.000304378685541451
sim_data/RGB\02374.png,sim_data/masks\02374.png,0.000870533986017108
sim_data/RGB\02375.png,sim_data/masks\02375.png,0.0006220098002813756
sim_data/RGB\02376.png,sim_data/masks\02376.png,0.0006220098002813756
sim_data/RGB\02377.png,sim_data/masks\02377.png,0.0008176579140126705
sim_data/RGB\02378.png,sim_data/masks\02378.png,-0.000304378685541451
sim_data/RGB\02379.png,sim_data/masks\02379.png,-0.000304378685541451
sim_data/RGB\02380.png,sim_data/masks\02380.png,0.0
sim_data/RGB\02381.png,sim_data/masks\02381.png,0.0
sim_data/RGB\02382.png,sim_data/masks\02382.png,0.0
sim_data/RGB\02383.png,sim_data/masks\02383.png,0.0
sim_data/RGB\02384.png,sim_data/masks\02384.png,0.0
sim_data/RGB\02385.png,sim_data/masks\02385.png,0.0
sim_data/RGB\02386.png,sim_data/masks\02386.png,0.00043982735951431096
sim_data/RGB\02387.png,sim_data/masks\02387.png,0.00043982735951431096
sim_data/RGB\02388.png,sim_data/masks\02388.png,0.0003670363512355834
sim_data/RGB\02389.png,sim_data/masks\02389.png,-0.00017573311924934387
sim_data/RGB\02390.png,sim_data/masks\02390.png,0.0006155604496598244
sim_data/RGB\02391.png,sim_data/masks\02391.png,0.00043982735951431096
sim_data/RGB\02392.png,sim_data/masks\02392.png,-0.00017573311924934387
sim_data/RGB\02393.png,sim_data/masks\02393.png,0.0006155604496598244
sim_data/RGB\02394.png,sim_data/masks\02394.png,-0.00017573311924934387
sim_data/RGB\02395.png,sim_data/masks\02395.png,-0.00017573311924934387
sim_data/RGB\02396.png,sim_data/masks\02396.png,-0.0007912935689091682
sim_data/RGB\02397.png,sim_data/masks\02397.png,0.00017573311924934387
sim_data/RGB\02398.png,sim_data/masks\02398.png,-0.0006155604496598244
sim_data/RGB\02399.png,sim_data/masks\02399.png,-0.0006948008667677641
sim_data/RGB\02400.png,sim_data/masks\02400.png,-0.0003670363512355834
sim_data/RGB\02401.png,sim_data/masks\02401.png,-0.00043982735951431096
sim_data/RGB\02402.png,sim_data/masks\02402.png,0.0
sim_data/RGB\02403.png,sim_data/masks\02403.png,0.0
sim_data/RGB\02404.png,sim_data/masks\02404.png,0.007236911915242672
sim_data/RGB\02405.png,sim_data/masks\02405.png,0.0050537968054413795
sim_data/RGB\02406.png,sim_data/masks\02406.png,0.003397426102310419
sim_data/RGB\02407.png,sim_data/masks\02407.png,0.003397426102310419
sim_data/RGB\02408.png,sim_data/masks\02408.png,-0.000745572498999536
sim_data/RGB\02409.png,sim_data/masks\02409.png,-0.000745572498999536
sim_data/RGB\02410.png,sim_data/masks\02410.png,0.0
sim_data/RGB\02411.png,sim_data/masks\02411.png,0.09966915845870972
sim_data/RGB\02412.png,sim_data/masks\02412.png,0.0770343765616417
sim_data/RGB\02413.png,sim_data/masks\02413.png,0.051657188683748245
sim_data/RGB\02414.png,sim_data/masks\02414.png,0.037045784294605255
sim_data/RGB\02415.png,sim_data/masks\02415.png,0.016148025169968605
sim_data/RGB\02416.png,sim_data/masks\02416.png,0.011406288482248783
sim_data/RGB\02417.png,sim_data/masks\02417.png,0.005016735289245844
sim_data/RGB\02418.png,sim_data/masks\02418.png,0.00377095490694046
sim_data/RGB\02419.png,sim_data/masks\02419.png,0.10012050718069077
sim_data/RGB\02420.png,sim_data/masks\02420.png,0.0652380883693695
sim_data/RGB\02421.png,sim_data/masks\02421.png,0.0652380883693695
sim_data/RGB\02422.png,sim_data/masks\02422.png,0.09924811869859695
sim_data/RGB\02423.png,sim_data/masks\02423.png,0.08015896379947662
sim_data/RGB\02424.png,sim_data/masks\02424.png,0.14572668075561523
sim_data/RGB\02425.png,sim_data/masks\02425.png,0.10333551466464996
sim_data/RGB\02426.png,sim_data/masks\02426.png,0.08759705722332001
sim_data/RGB\02427.png,sim_data/masks\02427.png,0.13543333113193512
sim_data/RGB\02428.png,sim_data/masks\02428.png,0.06572187691926956
sim_data/RGB\02429.png,sim_data/masks\02429.png,0.128239244222641
sim_data/RGB\02430.png,sim_data/masks\02430.png,0.128239244222641
sim_data/RGB\02431.png,sim_data/masks\02431.png,0.06090763583779335
sim_data/RGB\02432.png,sim_data/masks\02432.png,0.12734811007976532
sim_data/RGB\02433.png,sim_data/masks\02433.png,0.09797647595405579
sim_data/RGB\02434.png,sim_data/masks\02434.png,0.06323259323835373
sim_data/RGB\02435.png,sim_data/masks\02435.png,0.12925639748573303
sim_data/RGB\02436.png,sim_data/masks\02436.png,0.09306823462247849
sim_data/RGB\02437.png,sim_data/masks\02437.png,0.07788971811532974
sim_data/RGB\02438.png,sim_data/masks\02438.png,0.12946319580078125
sim_data/RGB\02439.png,sim_data/masks\02439.png,0.06415412575006485
sim_data/RGB\02440.png,sim_data/masks\02440.png,0.06415412575006485
sim_data/RGB\02441.png,sim_data/masks\02441.png,0.11633417010307312
sim_data/RGB\02442.png,sim_data/masks\02442.png,0.08682571351528168
sim_data/RGB\02443.png,sim_data/masks\02443.png,0.1466170847415924
sim_data/RGB\02444.png,sim_data/masks\02444.png,0.11141184717416763
sim_data/RGB\02445.png,sim_data/masks\02445.png,0.09212841093540192
sim_data/RGB\02446.png,sim_data/masks\02446.png,0.07138969004154205
sim_data/RGB\02447.png,sim_data/masks\02447.png,0.12681987881660461
sim_data/RGB\02448.png,sim_data/masks\02448.png,0.06276990473270416
sim_data/RGB\02449.png,sim_data/masks\02449.png,0.12776321172714233
sim_data/RGB\02450.png,sim_data/masks\02450.png,0.0971105769276619
sim_data/RGB\02451.png,sim_data/masks\02451.png,0.06605779379606247
sim_data/RGB\02452.png,sim_data/masks\02452.png,0.13186348974704742
sim_data/RGB\02453.png,sim_data/masks\02453.png,0.09621892124414444
sim_data/RGB\02454.png,sim_data/masks\02454.png,0.07847893238067627
sim_data/RGB\02455.png,sim_data/masks\02455.png,0.09828593581914902
sim_data/RGB\02456.png,sim_data/masks\02456.png,0.09828593581914902
sim_data/RGB\02457.png,sim_data/masks\02457.png,0.16862568259239197
sim_data/RGB\02458.png,sim_data/masks\02458.png,0.16862568259239197
sim_data/RGB\02459.png,sim_data/masks\02459.png,0.08331466466188431
sim_data/RGB\02460.png,sim_data/masks\02460.png,0.08331466466188431
sim_data/RGB\02461.png,sim_data/masks\02461.png,0.05673879384994507
sim_data/RGB\02462.png,sim_data/masks\02462.png,0.01689612865447998
sim_data/RGB\02463.png,sim_data/masks\02463.png,0.006407416425645351
sim_data/RGB\02464.png,sim_data/masks\02464.png,0.08950547873973846
sim_data/RGB\02465.png,sim_data/masks\02465.png,0.06732884794473648
sim_data/RGB\02466.png,sim_data/masks\02466.png,0.05271975323557854
sim_data/RGB\02467.png,sim_data/masks\02467.png,0.03378653898835182
sim_data/RGB\02468.png,sim_data/masks\02468.png,0.020001443102955818
sim_data/RGB\02469.png,sim_data/masks\02469.png,0.010934896767139435
sim_data/RGB\02470.png,sim_data/masks\02470.png,0.005498068407177925
sim_data/RGB\02471.png,sim_data/masks\02471.png,0.0860784500837326
sim_data/RGB\02472.png,sim_data/masks\02472.png,0.045289549976587296
sim_data/RGB\02473.png,sim_data/masks\02473.png,0.029693245887756348
sim_data/RGB\02474.png,sim_data/masks\02474.png,0.018438462167978287
sim_data/RGB\02475.png,sim_data/masks\02475.png,0.006465350743383169
sim_data/RGB\02476.png,sim_data/masks\02476.png,0.006465350743383169
sim_data/RGB\02477.png,sim_data/masks\02477.png,0.0028720502741634846
sim_data/RGB\02478.png,sim_data/masks\02478.png,0.08370561897754669
sim_data/RGB\02479.png,sim_data/masks\02479.png,0.06537842750549316
sim_data/RGB\02480.png,sim_data/masks\02480.png,0.0459076426923275
sim_data/RGB\02481.png,sim_data/masks\02481.png,0.02694450505077839
sim_data/RGB\02482.png,sim_data/masks\02482.png,0.013921262696385384
sim_data/RGB\02483.png,sim_data/masks\02483.png,0.006120267324149609
sim_data/RGB\02484.png,sim_data/masks\02484.png,0.08488292992115021
sim_data/RGB\02485.png,sim_data/masks\02485.png,0.06509222835302353
sim_data/RGB\02486.png,sim_data/masks\02486.png,0.05126287788152695
sim_data/RGB\02487.png,sim_data/masks\02487.png,0.03472261503338814
sim_data/RGB\02488.png,sim_data/masks\02488.png,0.03472261503338814
sim_data/RGB\02489.png,sim_data/masks\02489.png,0.01597173511981964
sim_data/RGB\02490.png,sim_data/masks\02490.png,0.00934964045882225
sim_data/RGB\02491.png,sim_data/masks\02491.png,0.0048438566736876965
sim_data/RGB\02492.png,sim_data/masks\02492.png,0.08611323684453964
sim_data/RGB\02493.png,sim_data/masks\02493.png,0.06766029447317123
sim_data/RGB\02494.png,sim_data/masks\02494.png,0.052228037267923355
sim_data/RGB\02495.png,sim_data/masks\02495.png,0.03488945960998535
sim_data/RGB\02496.png,sim_data/masks\02496.png,0.021533865481615067
sim_data/RGB\02497.png,sim_data/masks\02497.png,0.012314448133111
sim_data/RGB\02498.png,sim_data/masks\02498.png,0.007089553400874138
sim_data/RGB\02499.png,sim_data/masks\02499.png,0.08338268101215363
sim_data/RGB\02500.png,sim_data/masks\02500.png,0.06427481770515442
sim_data/RGB\02501.png,sim_data/masks\02501.png,0.04732837155461311
sim_data/RGB\02502.png,sim_data/masks\02502.png,0.029689043760299683
sim_data/RGB\02503.png,sim_data/masks\02503.png,0.015785759314894676
sim_data/RGB\02504.png,sim_data/masks\02504.png,0.007313455455005169
sim_data/RGB\02505.png,sim_data/masks\02505.png,0.002023636829108
sim_data/RGB\02506.png,sim_data/masks\02506.png,0.08273257315158844
sim_data/RGB\02507.png,sim_data/masks\02507.png,0.0656593069434166
sim_data/RGB\02508.png,sim_data/masks\02508.png,0.051590804010629654
sim_data/RGB\02509.png,sim_data/masks\02509.png,0.035207852721214294
sim_data/RGB\02510.png,sim_data/masks\02510.png,0.022552382200956345
sim_data/RGB\02511.png,sim_data/masks\02511.png,0.011453745886683464
sim_data/RGB\02512.png,sim_data/masks\02512.png,0.004345378838479519
sim_data/RGB\02513.png,sim_data/masks\02513.png,0.0851421058177948
sim_data/RGB\02514.png,sim_data/masks\02514.png,0.06693870574235916
sim_data/RGB\02515.png,sim_data/masks\02515.png,0.05087468400597572
sim_data/RGB\02516.png,sim_data/masks\02516.png,0.027654677629470825
sim_data/RGB\02517.png,sim_data/masks\02517.png,0.015098300762474537
sim_data/RGB\02518.png,sim_data/masks\02518.png,0.006413599941879511
sim_data/RGB\02519.png,sim_data/masks\02519.png,0.06585001945495605
sim_data/RGB\02520.png,sim_data/masks\02520.png,0.049980487674474716
sim_data/RGB\02521.png,sim_data/masks\02521.png,0.03397130221128464
sim_data/RGB\02522.png,sim_data/masks\02522.png,0.015499207191169262
sim_data/RGB\02523.png,sim_data/masks\02523.png,0.015499207191169262
sim_data/RGB\02524.png,sim_data/masks\02524.png,0.004762426950037479
sim_data/RGB\02525.png,sim_data/masks\02525.png,-0.0003419751301407814
sim_data/RGB\02526.png,sim_data/masks\02526.png,-0.0018800441175699234
sim_data/RGB\02527.png,sim_data/masks\02527.png,0.023550722748041153
sim_data/RGB\02528.png,sim_data/masks\02528.png,0.018047019839286804
sim_data/RGB\02529.png,sim_data/masks\02529.png,0.012267968617379665
sim_data/RGB\02530.png,sim_data/masks\02530.png,0.0064049395732581615
sim_data/RGB\02531.png,sim_data/masks\02531.png,0.0027525441255420446
sim_data/RGB\02532.png,sim_data/masks\02532.png,0.0009955383138731122
sim_data/RGB\02533.png,sim_data/masks\02533.png,8.463155245408416e-05
sim_data/RGB\02534.png,sim_data/masks\02534.png,0.009772088378667831
sim_data/RGB\02535.png,sim_data/masks\02535.png,0.007421169895678759
sim_data/RGB\02536.png,sim_data/masks\02536.png,0.004374055191874504
sim_data/RGB\02537.png,sim_data/masks\02537.png,0.004374055191874504
sim_data/RGB\02538.png,sim_data/masks\02538.png,0.002681395737454295
sim_data/RGB\02539.png,sim_data/masks\02539.png,0.00048545829486101866
sim_data/RGB\02540.png,sim_data/masks\02540.png,-0.0005271994159556925
sim_data/RGB\02541.png,sim_data/masks\02541.png,-0.000870533986017108
sim_data/RGB\02542.png,sim_data/masks\02542.png,0.003784650471061468
sim_data/RGB\02543.png,sim_data/masks\02543.png,0.002979778917506337
sim_data/RGB\02544.png,sim_data/masks\02544.png,0.0022326831240206957
sim_data/RGB\02545.png,sim_data/masks\02545.png,0.0009840431157499552
sim_data/RGB\02546.png,sim_data/masks\02546.png,0.0006754040368832648
sim_data/RGB\02547.png,sim_data/masks\02547.png,-0.00035146623849868774
sim_data/RGB\02548.png,sim_data/masks\02548.png,0.0
sim_data/RGB\02549.png,sim_data/masks\02549.png,0.0012311208993196487
sim_data/RGB\02550.png,sim_data/masks\02550.png,0.0015951069071888924
sim_data/RGB\02551.png,sim_data/masks\02551.png,0.000952092232182622
sim_data/RGB\02552.png,sim_data/masks\02552.png,0.0004400774778332561
sim_data/RGB\02553.png,sim_data/masks\02553.png,0.0004400774778332561
sim_data/RGB\02554.png,sim_data/masks\02554.png,0.0
sim_data/RGB\02555.png,sim_data/masks\02555.png,0.0
sim_data/RGB\02556.png,sim_data/masks\02556.png,0.000870533986017108
sim_data/RGB\02557.png,sim_data/masks\02557.png,0.0003670363512355834
sim_data/RGB\02558.png,sim_data/masks\02558.png,-0.00017573311924934387
sim_data/RGB\02559.png,sim_data/masks\02559.png,0.0
sim_data/RGB\02560.png,sim_data/masks\02560.png,0.0
sim_data/RGB\02561.png,sim_data/masks\02561.png,0.0
sim_data/RGB\02562.png,sim_data/masks\02562.png,0.0006155604496598244
sim_data/RGB\02563.png,sim_data/masks\02563.png,-0.00017573311924934387
sim_data/RGB\02564.png,sim_data/masks\02564.png,0.0
sim_data/RGB\02565.png,sim_data/masks\02565.png,0.0006155604496598244
sim_data/RGB\02566.png,sim_data/masks\02566.png,0.0012007019249722362
sim_data/RGB\02567.png,sim_data/masks\02567.png,0.0004775827983394265
sim_data/RGB\02568.png,sim_data/masks\02568.png,-0.0002485241857357323
sim_data/RGB\02569.png,sim_data/masks\02569.png,0.0
sim_data/RGB\02570.png,sim_data/masks\02570.png,0.0006155604496598244
sim_data/RGB\02571.png,sim_data/masks\02571.png,0.0006948008667677641
sim_data/RGB\02572.png,sim_data/masks\02572.png,-0.0002485241857357323
sim_data/RGB\02573.png,sim_data/masks\02573.png,0.0
sim_data/RGB\02574.png,sim_data/masks\02574.png,0.0
sim_data/RGB\02575.png,sim_data/masks\02575.png,0.0
sim_data/RGB\02576.png,sim_data/masks\02576.png,0.0
sim_data/RGB\02577.png,sim_data/masks\02577.png,-0.0006155604496598244
sim_data/RGB\02578.png,sim_data/masks\02578.png,0.00017573311924934387
sim_data/RGB\02579.png,sim_data/masks\02579.png,0.0006155604496598244
sim_data/RGB\02580.png,sim_data/masks\02580.png,-0.00017573311924934387
sim_data/RGB\02581.png,sim_data/masks\02581.png,0.0
sim_data/RGB\02582.png,sim_data/masks\02582.png,0.0006155604496598244
sim_data/RGB\02583.png,sim_data/masks\02583.png,0.00043982735951431096
sim_data/RGB\02584.png,sim_data/masks\02584.png,0.00043982735951431096
sim_data/RGB\02585.png,sim_data/masks\02585.png,-0.00017573311924934387
sim_data/RGB\02586.png,sim_data/masks\02586.png,0.0
sim_data/RGB\02587.png,sim_data/masks\02587.png,0.0
sim_data/RGB\02588.png,sim_data/masks\02588.png,-0.0006155604496598244
sim_data/RGB\02589.png,sim_data/masks\02589.png,-0.00043982735951431096
sim_data/RGB\02590.png,sim_data/masks\02590.png,-0.00017573311924934387
sim_data/RGB\02591.png,sim_data/masks\02591.png,-0.0006155604496598244
sim_data/RGB\02592.png,sim_data/masks\02592.png,-0.0006155604496598244
sim_data/RGB\02593.png,sim_data/masks\02593.png,0.00017573311924934387
sim_data/RGB\02594.png,sim_data/masks\02594.png,0.0006155604496598244
sim_data/RGB\02595.png,sim_data/masks\02595.png,-0.00017573311924934387
sim_data/RGB\02596.png,sim_data/masks\02596.png,0.0
sim_data/RGB\02597.png,sim_data/masks\02597.png,0.0
sim_data/RGB\02598.png,sim_data/masks\02598.png,-0.00017573311924934387
sim_data/RGB\02599.png,sim_data/masks\02599.png,-0.0006155604496598244
sim_data/RGB\02600.png,sim_data/masks\02600.png,0.00017573311924934387
sim_data/RGB\02601.png,sim_data/masks\02601.png,0.0
sim_data/RGB\02602.png,sim_data/masks\02602.png,0.0006155604496598244
sim_data/RGB\02603.png,sim_data/masks\02603.png,-0.00017573311924934387
sim_data/RGB\02604.png,sim_data/masks\02604.png,0.0
sim_data/RGB\02605.png,sim_data/masks\02605.png,-0.000870533986017108
sim_data/RGB\02606.png,sim_data/masks\02606.png,0.0002485241857357323
sim_data/RGB\02607.png,sim_data/masks\02607.png,0.0
sim_data/RGB\02608.png,sim_data/masks\02608.png,0.0
sim_data/RGB\02609.png,sim_data/masks\02609.png,-0.000870533986017108
sim_data/RGB\02610.png,sim_data/masks\02610.png,0.0002485241857357323
sim_data/RGB\02611.png,sim_data/masks\02611.png,0.000870533986017108
sim_data/RGB\02612.png,sim_data/masks\02612.png,0.0003670363512355834
sim_data/RGB\02613.png,sim_data/masks\02613.png,0.00043982735951431096
sim_data/RGB\02614.png,sim_data/masks\02614.png,-0.00017573311924934387
sim_data/RGB\02615.png,sim_data/masks\02615.png,0.0
sim_data/RGB\02616.png,sim_data/masks\02616.png,0.0
sim_data/RGB\02617.png,sim_data/masks\02617.png,0.0
sim_data/RGB\02618.png,sim_data/masks\02618.png,0.0
sim_data/RGB\02619.png,sim_data/masks\02619.png,0.0006155604496598244
sim_data/RGB\02620.png,sim_data/masks\02620.png,-0.00017573311924934387
sim_data/RGB\02621.png,sim_data/masks\02621.png,-0.0006155604496598244
sim_data/RGB\02622.png,sim_data/masks\02622.png,-0.00043982735951431096
sim_data/RGB\02623.png,sim_data/masks\02623.png,0.0
sim_data/RGB\02624.png,sim_data/masks\02624.png,0.0
sim_data/RGB\02625.png,sim_data/masks\02625.png,0.0
sim_data/RGB\02626.png,sim_data/masks\02626.png,0.0
sim_data/RGB\02627.png,sim_data/masks\02627.png,0.0006155604496598244
sim_data/RGB\02628.png,sim_data/masks\02628.png,0.00043982735951431096
sim_data/RGB\02629.png,sim_data/masks\02629.png,0.00043982735951431096
sim_data/RGB\02630.png,sim_data/masks\02630.png,-0.00017573311924934387
sim_data/RGB\02631.png,sim_data/masks\02631.png,0.0
sim_data/RGB\02632.png,sim_data/masks\02632.png,0.0
sim_data/RGB\02633.png,sim_data/masks\02633.png,-0.0006155604496598244
sim_data/RGB\02634.png,sim_data/masks\02634.png,-0.000870533986017108
sim_data/RGB\02635.png,sim_data/masks\02635.png,0.0002485241857357323
sim_data/RGB\02636.png,sim_data/masks\02636.png,0.0002485241857357323
sim_data/RGB\02637.png,sim_data/masks\02637.png,0.00017573311924934387
sim_data/RGB\02638.png,sim_data/masks\02638.png,0.0
sim_data/RGB\02639.png,sim_data/masks\02639.png,0.0
sim_data/RGB\02640.png,sim_data/masks\02640.png,0.0
sim_data/RGB\02641.png,sim_data/masks\02641.png,0.0
sim_data/RGB\02642.png,sim_data/masks\02642.png,0.0
sim_data/RGB\02643.png,sim_data/masks\02643.png,0.0
sim_data/RGB\02644.png,sim_data/masks\02644.png,0.0
sim_data/RGB\02645.png,sim_data/masks\02645.png,0.0
sim_data/RGB\02646.png,sim_data/masks\02646.png,0.0
sim_data/RGB\02647.png,sim_data/masks\02647.png,0.0
sim_data/RGB\02648.png,sim_data/masks\02648.png,0.0006155604496598244
sim_data/RGB\02649.png,sim_data/masks\02649.png,0.00043982735951431096
sim_data/RGB\02650.png,sim_data/masks\02650.png,-0.00017573311924934387
sim_data/RGB\02651.png,sim_data/masks\02651.png,0.0
sim_data/RGB\02652.png,sim_data/masks\02652.png,0.0
sim_data/RGB\02653.png,sim_data/masks\02653.png,0.0006155604496598244
sim_data/RGB\02654.png,sim_data/masks\02654.png,-0.00017573311924934387
sim_data/RGB\02655.png,sim_data/masks\02655.png,0.0
sim_data/RGB\02656.png,sim_data/masks\02656.png,0.0
sim_data/RGB\02657.png,sim_data/masks\02657.png,-0.0006155604496598244
sim_data/RGB\02658.png,sim_data/masks\02658.png,0.00017573311924934387
sim_data/RGB\02659.png,sim_data/masks\02659.png,0.0
sim_data/RGB\02660.png,sim_data/masks\02660.png,0.0
sim_data/RGB\02661.png,sim_data/masks\02661.png,0.0
sim_data/RGB\02662.png,sim_data/masks\02662.png,0.0
sim_data/RGB\02663.png,sim_data/masks\02663.png,0.0006155604496598244
sim_data/RGB\02664.png,sim_data/masks\02664.png,-0.00017573311924934387
sim_data/RGB\02665.png,sim_data/masks\02665.png,0.0
sim_data/RGB\02666.png,sim_data/masks\02666.png,-0.0006155604496598244
sim_data/RGB\02667.png,sim_data/masks\02667.png,0.0006155604496598244
sim_data/RGB\02668.png,sim_data/masks\02668.png,-0.00017573311924934387
sim_data/RGB\02669.png,sim_data/masks\02669.png,0.0
sim_data/RGB\02670.png,sim_data/masks\02670.png,0.0
sim_data/RGB\02671.png,sim_data/masks\02671.png,0.0006155604496598244
sim_data/RGB\02672.png,sim_data/masks\02672.png,-0.00017573311924934387
sim_data/RGB\02673.png,sim_data/masks\02673.png,0.0
sim_data/RGB\02674.png,sim_data/masks\02674.png,-0.000870533986017108
sim_data/RGB\02675.png,sim_data/masks\02675.png,-0.0003670363512355834
sim_data/RGB\02676.png,sim_data/masks\02676.png,0.0007912935689091682
sim_data/RGB\02677.png,sim_data/masks\02677.png,-0.00017573311924934387
sim_data/RGB\02678.png,sim_data/masks\02678.png,0.0006155604496598244
sim_data/RGB\02679.png,sim_data/masks\02679.png,-0.00017573311924934387
sim_data/RGB\02680.png,sim_data/masks\02680.png,0.0006155604496598244
sim_data/RGB\02681.png,sim_data/masks\02681.png,-0.00017573311924934387
sim_data/RGB\02682.png,sim_data/masks\02682.png,0.0
sim_data/RGB\02683.png,sim_data/masks\02683.png,0.0
sim_data/RGB\02684.png,sim_data/masks\02684.png,0.0
sim_data/RGB\02685.png,sim_data/masks\02685.png,0.0
sim_data/RGB\02686.png,sim_data/masks\02686.png,0.0
sim_data/RGB\02687.png,sim_data/masks\02687.png,0.0006155604496598244
sim_data/RGB\02688.png,sim_data/masks\02688.png,-0.00017573311924934387
sim_data/RGB\02689.png,sim_data/masks\02689.png,0.0
sim_data/RGB\02690.png,sim_data/masks\02690.png,0.0006155604496598244
sim_data/RGB\02691.png,sim_data/masks\02691.png,-0.00017573311924934387
sim_data/RGB\02692.png,sim_data/masks\02692.png,0.0
sim_data/RGB\02693.png,sim_data/masks\02693.png,0.0007912935689091682
sim_data/RGB\02694.png,sim_data/masks\02694.png,0.0007912935689091682
sim_data/RGB\02695.png,sim_data/masks\02695.png,0.0
sim_data/RGB\02696.png,sim_data/masks\02696.png,0.0
sim_data/RGB\02697.png,sim_data/masks\02697.png,-0.0006155604496598244
sim_data/RGB\02698.png,sim_data/masks\02698.png,0.00017573311924934387
sim_data/RGB\02699.png,sim_data/masks\02699.png,0.0
sim_data/RGB\02700.png,sim_data/masks\02700.png,0.000870533986017108
sim_data/RGB\02701.png,sim_data/masks\02701.png,-0.0002485241857357323
sim_data/RGB\02702.png,sim_data/masks\02702.png,-0.0006155604496598244
sim_data/RGB\02703.png,sim_data/masks\02703.png,0.00017573311924934387
sim_data/RGB\02704.png,sim_data/masks\02704.png,0.0006948008667677641
sim_data/RGB\02705.png,sim_data/masks\02705.png,0.0006948008667677641
sim_data/RGB\02706.png,sim_data/masks\02706.png,-0.00017573311924934387
sim_data/RGB\02707.png,sim_data/masks\02707.png,0.0
sim_data/RGB\02708.png,sim_data/masks\02708.png,0.0
sim_data/RGB\02709.png,sim_data/masks\02709.png,0.0
sim_data/RGB\02710.png,sim_data/masks\02710.png,0.0
sim_data/RGB\02711.png,sim_data/masks\02711.png,-0.0006155604496598244
sim_data/RGB\02712.png,sim_data/masks\02712.png,-0.0006948008667677641
sim_data/RGB\02713.png,sim_data/masks\02713.png,-0.0006155604496598244
sim_data/RGB\02714.png,sim_data/masks\02714.png,-0.0006948008667677641
sim_data/RGB\02715.png,sim_data/masks\02715.png,-0.0006220098002813756
sim_data/RGB\02716.png,sim_data/masks\02716.png,-0.0008176579140126705
sim_data/RGB\02717.png,sim_data/masks\02717.png,-0.0009267422719858587
sim_data/RGB\02718.png,sim_data/masks\02718.png,-0.0007147158030420542
sim_data/RGB\02719.png,sim_data/masks\02719.png,-0.0007618034142069519
sim_data/RGB\02720.png,sim_data/masks\02720.png,-0.0006220098002813756
sim_data/RGB\02721.png,sim_data/masks\02721.png,-0.0006220098002813756
sim_data/RGB\02722.png,sim_data/masks\02722.png,-0.0006948008667677641
sim_data/RGB\02723.png,sim_data/masks\02723.png,-0.0008176579140126705
sim_data/RGB\02724.png,sim_data/masks\02724.png,-0.0005661552422679961
sim_data/RGB\02725.png,sim_data/masks\02725.png,-0.0008176579140126705
sim_data/RGB\02726.png,sim_data/masks\02726.png,-0.0007618034142069519
sim_data/RGB\02727.png,sim_data/masks\02727.png,-0.0006948008667677641
sim_data/RGB\02728.png,sim_data/masks\02728.png,-0.0006220098002813756
sim_data/RGB\02729.png,sim_data/masks\02729.png,-0.0008176579140126705
sim_data/RGB\02730.png,sim_data/masks\02730.png,-0.0007618034142069519
sim_data/RGB\02731.png,sim_data/masks\02731.png,-0.0007618034142069519
sim_data/RGB\02732.png,sim_data/masks\02732.png,-0.0007618034142069519
sim_data/RGB\02733.png,sim_data/masks\02733.png,-0.0007618034142069519
sim_data/RGB\02734.png,sim_data/masks\02734.png,-0.0007618034142069519
sim_data/RGB\02735.png,sim_data/masks\02735.png,-0.0007618034142069519
sim_data/RGB\02736.png,sim_data/masks\02736.png,-0.0007618034142069519
sim_data/RGB\02737.png,sim_data/masks\02737.png,-0.0007618034142069519
sim_data/RGB\02738.png,sim_data/masks\02738.png,-0.0007618034142069519
sim_data/RGB\02739.png,sim_data/masks\02739.png,-0.0007618034142069519
sim_data/RGB\02740.png,sim_data/masks\02740.png,-0.0007618034142069519
sim_data/RGB\02741.png,sim_data/masks\02741.png,-0.0007618034142069519
sim_data/RGB\02742.png,sim_data/masks\02742.png,-0.0007618034142069519
sim_data/RGB\02743.png,sim_data/masks\02743.png,-0.0007618034142069519
sim_data/RGB\02744.png,sim_data/masks\02744.png,-0.0005661552422679961
sim_data/RGB\02745.png,sim_data/masks\02745.png,0.0002485241857357323
sim_data/RGB\02746.png,sim_data/masks\02746.png,-0.000870533986017108
sim_data/RGB\02747.png,sim_data/masks\02747.png,0.0002485241857357323
sim_data/RGB\02748.png,sim_data/masks\02748.png,-0.0003670363512355834
sim_data/RGB\02749.png,sim_data/masks\02749.png,-0.0003670363512355834
sim_data/RGB\02750.png,sim_data/masks\02750.png,-0.0006948008667677641
sim_data/RGB\02751.png,sim_data/masks\02751.png,-0.0006220098002813756
sim_data/RGB\02752.png,sim_data/masks\02752.png,-0.0003670363512355834
sim_data/RGB\02753.png,sim_data/masks\02753.png,0.00017573311924934387
sim_data/RGB\02754.png,sim_data/masks\02754.png,0.0
sim_data/RGB\02755.png,sim_data/masks\02755.png,0.0
sim_data/RGB\02756.png,sim_data/masks\02756.png,-0.000870533986017108
sim_data/RGB\02757.png,sim_data/masks\02757.png,-0.000870533986017108
sim_data/RGB\02758.png,sim_data/masks\02758.png,0.0002485241857357323
sim_data/RGB\02759.png,sim_data/masks\02759.png,0.0
sim_data/RGB\02760.png,sim_data/masks\02760.png,0.0
sim_data/RGB\02761.png,sim_data/masks\02761.png,0.0
sim_data/RGB\02762.png,sim_data/masks\02762.png,-0.0006155604496598244
sim_data/RGB\02763.png,sim_data/masks\02763.png,0.00017573311924934387
sim_data/RGB\02764.png,sim_data/masks\02764.png,0.0
sim_data/RGB\02765.png,sim_data/masks\02765.png,0.0
sim_data/RGB\02766.png,sim_data/masks\02766.png,0.0
sim_data/RGB\02767.png,sim_data/masks\02767.png,0.0
sim_data/RGB\02768.png,sim_data/masks\02768.png,0.0
sim_data/RGB\02769.png,sim_data/masks\02769.png,0.0
sim_data/RGB\02770.png,sim_data/masks\02770.png,0.0
sim_data/RGB\02771.png,sim_data/masks\02771.png,0.0
sim_data/RGB\02772.png,sim_data/masks\02772.png,0.0
sim_data/RGB\02773.png,sim_data/masks\02773.png,0.0
sim_data/RGB\02774.png,sim_data/masks\02774.png,0.0
sim_data/RGB\02775.png,sim_data/masks\02775.png,0.0
sim_data/RGB\02776.png,sim_data/masks\02776.png,0.0
sim_data/RGB\02777.png,sim_data/masks\02777.png,0.0
sim_data/RGB\02778.png,sim_data/masks\02778.png,0.0
sim_data/RGB\02779.png,sim_data/masks\02779.png,0.0
sim_data/RGB\02780.png,sim_data/masks\02780.png,-0.00017573311924934387
sim_data/RGB\02781.png,sim_data/masks\02781.png,-0.000870533986017108
sim_data/RGB\02782.png,sim_data/masks\02782.png,0.0002485241857357323
sim_data/RGB\02783.png,sim_data/masks\02783.png,0.0
sim_data/RGB\02784.png,sim_data/masks\02784.png,0.0
sim_data/RGB\02785.png,sim_data/masks\02785.png,0.0
sim_data/RGB\02786.png,sim_data/masks\02786.png,0.0
sim_data/RGB\02787.png,sim_data/masks\02787.png,0.0
sim_data/RGB\02788.png,sim_data/masks\02788.png,0.0
sim_data/RGB\02789.png,sim_data/masks\02789.png,0.0
sim_data/RGB\02790.png,sim_data/masks\02790.png,0.0
sim_data/RGB\02791.png,sim_data/masks\02791.png,0.0
sim_data/RGB\02792.png,sim_data/masks\02792.png,0.0
sim_data/RGB\02793.png,sim_data/masks\02793.png,0.0
sim_data/RGB\02794.png,sim_data/masks\02794.png,0.0
sim_data/RGB\02795.png,sim_data/masks\02795.png,0.0
sim_data/RGB\02796.png,sim_data/masks\02796.png,0.0
sim_data/RGB\02797.png,sim_data/masks\02797.png,0.0
sim_data/RGB\02798.png,sim_data/masks\02798.png,0.0
sim_data/RGB\02799.png,sim_data/masks\02799.png,0.0
sim_data/RGB\02800.png,sim_data/masks\02800.png,0.0
sim_data/RGB\02801.png,sim_data/masks\02801.png,0.0
sim_data/RGB\02802.png,sim_data/masks\02802.png,0.0
sim_data/RGB\02803.png,sim_data/masks\02803.png,-0.00017573311924934387
sim_data/RGB\02804.png,sim_data/masks\02804.png,0.0
sim_data/RGB\02805.png,sim_data/masks\02805.png,0.0
sim_data/RGB\02806.png,sim_data/masks\02806.png,0.0
sim_data/RGB\02807.png,sim_data/masks\02807.png,0.0
sim_data/RGB\02808.png,sim_data/masks\02808.png,0.00043982735951431096
sim_data/RGB\02809.png,sim_data/masks\02809.png,-0.00017573311924934387
sim_data/RGB\02810.png,sim_data/masks\02810.png,-0.00137643504422158
sim_data/RGB\02811.png,sim_data/masks\02811.png,-0.0022186508867889643
sim_data/RGB\02812.png,sim_data/masks\02812.png,-0.0018660296918824315
sim_data/RGB\02813.png,sim_data/masks\02813.png,-0.0013867917004972696
sim_data/RGB\02814.png,sim_data/masks\02814.png,-0.00034333457006141543
sim_data/RGB\02815.png,sim_data/masks\02815.png,-0.00034333457006141543
sim_data/RGB\02816.png,sim_data/masks\02816.png,-0.0006155604496598244
sim_data/RGB\02817.png,sim_data/masks\02817.png,-0.00043982735951431096
sim_data/RGB\02818.png,sim_data/masks\02818.png,0.00017573311924934387
sim_data/RGB\02819.png,sim_data/masks\02819.png,0.0
sim_data/RGB\02820.png,sim_data/masks\02820.png,0.0
sim_data/RGB\02821.png,sim_data/masks\02821.png,0.0
sim_data/RGB\02822.png,sim_data/masks\02822.png,0.0
sim_data/RGB\02823.png,sim_data/masks\02823.png,0.0
sim_data/RGB\02824.png,sim_data/masks\02824.png,-0.0006155604496598244
sim_data/RGB\02825.png,sim_data/masks\02825.png,0.00017573311924934387
sim_data/RGB\02826.png,sim_data/masks\02826.png,0.0
sim_data/RGB\02827.png,sim_data/masks\02827.png,-0.0006155604496598244
sim_data/RGB\02828.png,sim_data/masks\02828.png,0.00017573311924934387
sim_data/RGB\02829.png,sim_data/masks\02829.png,0.0
sim_data/RGB\02830.png,sim_data/masks\02830.png,0.0
sim_data/RGB\02831.png,sim_data/masks\02831.png,0.0
sim_data/RGB\02832.png,sim_data/masks\02832.png,0.0
sim_data/RGB\02833.png,sim_data/masks\02833.png,0.0
sim_data/RGB\02834.png,sim_data/masks\02834.png,0.0
sim_data/RGB\02835.png,sim_data/masks\02835.png,0.0
sim_data/RGB\02836.png,sim_data/masks\02836.png,0.0
sim_data/RGB\02837.png,sim_data/masks\02837.png,0.0
sim_data/RGB\02838.png,sim_data/masks\02838.png,0.0
sim_data/RGB\02839.png,sim_data/masks\02839.png,0.0
sim_data/RGB\02840.png,sim_data/masks\02840.png,0.0
sim_data/RGB\02841.png,sim_data/masks\02841.png,0.0
sim_data/RGB\02842.png,sim_data/masks\02842.png,-0.00017573311924934387
sim_data/RGB\02843.png,sim_data/masks\02843.png,-0.00017573311924934387
sim_data/RGB\02844.png,sim_data/masks\02844.png,0.0006155604496598244
sim_data/RGB\02845.png,sim_data/masks\02845.png,-0.00017573311924934387
sim_data/RGB\02846.png,sim_data/masks\02846.png,0.0
sim_data/RGB\02847.png,sim_data/masks\02847.png,0.0
sim_data/RGB\02848.png,sim_data/masks\02848.png,0.0
sim_data/RGB\02849.png,sim_data/masks\02849.png,0.0
sim_data/RGB\02850.png,sim_data/masks\02850.png,0.0
sim_data/RGB\02851.png,sim_data/masks\02851.png,0.0
sim_data/RGB\02852.png,sim_data/masks\02852.png,0.0
sim_data/RGB\02853.png,sim_data/masks\02853.png,0.0
sim_data/RGB\02854.png,sim_data/masks\02854.png,0.0
sim_data/RGB\02855.png,sim_data/masks\02855.png,0.0
sim_data/RGB\02856.png,sim_data/masks\02856.png,0.0
sim_data/RGB\02857.png,sim_data/masks\02857.png,0.0
sim_data/RGB\02858.png,sim_data/masks\02858.png,0.0
sim_data/RGB\02859.png,sim_data/masks\02859.png,0.0
sim_data/RGB\02860.png,sim_data/masks\02860.png,0.0
sim_data/RGB\02861.png,sim_data/masks\02861.png,0.0
sim_data/RGB\02862.png,sim_data/masks\02862.png,-0.00017573311924934387
sim_data/RGB\02863.png,sim_data/masks\02863.png,-0.00017573311924934387
sim_data/RGB\02864.png,sim_data/masks\02864.png,0.0006155604496598244
sim_data/RGB\02865.png,sim_data/masks\02865.png,0.0006155604496598244
sim_data/RGB\02866.png,sim_data/masks\02866.png,0.0
sim_data/RGB\02867.png,sim_data/masks\02867.png,0.0
sim_data/RGB\02868.png,sim_data/masks\02868.png,-0.0006155604496598244
sim_data/RGB\02869.png,sim_data/masks\02869.png,0.00017573311924934387
sim_data/RGB\02870.png,sim_data/masks\02870.png,0.0
sim_data/RGB\02871.png,sim_data/masks\02871.png,0.0006155604496598244
sim_data/RGB\02872.png,sim_data/masks\02872.png,0.0
sim_data/RGB\02873.png,sim_data/masks\02873.png,0.0
sim_data/RGB\02874.png,sim_data/masks\02874.png,0.0
sim_data/RGB\02875.png,sim_data/masks\02875.png,0.00017573311924934387
sim_data/RGB\02876.png,sim_data/masks\02876.png,0.0
sim_data/RGB\02877.png,sim_data/masks\02877.png,0.0
sim_data/RGB\02878.png,sim_data/masks\02878.png,0.0
sim_data/RGB\02879.png,sim_data/masks\02879.png,0.0
sim_data/RGB\02880.png,sim_data/masks\02880.png,0.0006155604496598244
sim_data/RGB\02881.png,sim_data/masks\02881.png,-0.00017573311924934387
sim_data/RGB\02882.png,sim_data/masks\02882.png,-0.001066182041540742
sim_data/RGB\02883.png,sim_data/masks\02883.png,0.0
sim_data/RGB\02884.png,sim_data/masks\02884.png,0.0
sim_data/RGB\02885.png,sim_data/masks\02885.png,0.0
sim_data/RGB\02886.png,sim_data/masks\02886.png,0.0
sim_data/RGB\02887.png,sim_data/masks\02887.png,-0.00017573311924934387
sim_data/RGB\02888.png,sim_data/masks\02888.png,-0.00017573311924934387
sim_data/RGB\02889.png,sim_data/masks\02889.png,0.0
sim_data/RGB\02890.png,sim_data/masks\02890.png,0.0
sim_data/RGB\02891.png,sim_data/masks\02891.png,0.0
sim_data/RGB\02892.png,sim_data/masks\02892.png,0.0
sim_data/RGB\02893.png,sim_data/masks\02893.png,0.0
sim_data/RGB\02894.png,sim_data/masks\02894.png,0.0
sim_data/RGB\02895.png,sim_data/masks\02895.png,0.0
sim_data/RGB\02896.png,sim_data/masks\02896.png,-0.0003670363512355834
sim_data/RGB\02897.png,sim_data/masks\02897.png,0.00017573311924934387
sim_data/RGB\02898.png,sim_data/masks\02898.png,0.0006155604496598244
sim_data/RGB\02899.png,sim_data/masks\02899.png,-0.00017573311924934387
sim_data/RGB\02900.png,sim_data/masks\02900.png,0.0
sim_data/RGB\02901.png,sim_data/masks\02901.png,0.0
sim_data/RGB\02902.png,sim_data/masks\02902.png,0.0
sim_data/RGB\02903.png,sim_data/masks\02903.png,0.0
sim_data/RGB\02904.png,sim_data/masks\02904.png,0.0
sim_data/RGB\02905.png,sim_data/masks\02905.png,0.0002485241857357323
sim_data/RGB\02906.png,sim_data/masks\02906.png,0.0002485241857357323
sim_data/RGB\02907.png,sim_data/masks\02907.png,0.00017573311924934387
sim_data/RGB\02908.png,sim_data/masks\02908.png,0.0
sim_data/RGB\02909.png,sim_data/masks\02909.png,0.00017573311924934387
sim_data/RGB\02910.png,sim_data/masks\02910.png,0.00017573311924934387
sim_data/RGB\02911.png,sim_data/masks\02911.png,0.0006155604496598244
sim_data/RGB\02912.png,sim_data/masks\02912.png,0.0006155604496598244
sim_data/RGB\02913.png,sim_data/masks\02913.png,0.0
sim_data/RGB\02914.png,sim_data/masks\02914.png,-0.000870533986017108
sim_data/RGB\02915.png,sim_data/masks\02915.png,0.0006155604496598244
sim_data/RGB\02916.png,sim_data/masks\02916.png,0.0006155604496598244
sim_data/RGB\02917.png,sim_data/masks\02917.png,-0.0006155604496598244
sim_data/RGB\02918.png,sim_data/masks\02918.png,-0.0006155604496598244
sim_data/RGB\02919.png,sim_data/masks\02919.png,0.0
sim_data/RGB\02920.png,sim_data/masks\02920.png,0.0
sim_data/RGB\02921.png,sim_data/masks\02921.png,0.0
sim_data/RGB\02922.png,sim_data/masks\02922.png,0.0
sim_data/RGB\02923.png,sim_data/masks\02923.png,0.0
sim_data/RGB\02924.png,sim_data/masks\02924.png,0.000870533986017108
sim_data/RGB\02925.png,sim_data/masks\02925.png,-0.0002485241857357323
sim_data/RGB\02926.png,sim_data/masks\02926.png,0.0
sim_data/RGB\02927.png,sim_data/masks\02927.png,0.000870533986017108
sim_data/RGB\02928.png,sim_data/masks\02928.png,-0.00017573311924934387
sim_data/RGB\02929.png,sim_data/masks\02929.png,-0.001066182041540742
sim_data/RGB\02930.png,sim_data/masks\02930.png,-0.001066182041540742
sim_data/RGB\02931.png,sim_data/masks\02931.png,0.0002485241857357323
sim_data/RGB\02932.png,sim_data/masks\02932.png,0.0002485241857357323
sim_data/RGB\02933.png,sim_data/masks\02933.png,-0.00017573311924934387
sim_data/RGB\02934.png,sim_data/masks\02934.png,-0.00017573311924934387
sim_data/RGB\02935.png,sim_data/masks\02935.png,0.000870533986017108
sim_data/RGB\02936.png,sim_data/masks\02936.png,-0.0002485241857357323
sim_data/RGB\02937.png,sim_data/masks\02937.png,0.0
sim_data/RGB\02938.png,sim_data/masks\02938.png,0.0
sim_data/RGB\02939.png,sim_data/masks\02939.png,0.0
sim_data/RGB\02940.png,sim_data/masks\02940.png,0.00015209417324513197
sim_data/RGB\02941.png,sim_data/masks\02941.png,0.00015209417324513197
sim_data/RGB\02942.png,sim_data/masks\02942.png,0.00043201958760619164
sim_data/RGB\02943.png,sim_data/masks\02943.png,0.00043201958760619164
sim_data/RGB\02944.png,sim_data/masks\02944.png,0.00038109204615466297
sim_data/RGB\02945.png,sim_data/masks\02945.png,-0.0006852804217487574
sim_data/RGB\02946.png,sim_data/masks\02946.png,-0.0002832505269907415
sim_data/RGB\02947.png,sim_data/masks\02947.png,-0.0001836508308770135
sim_data/RGB\02948.png,sim_data/masks\02948.png,0.0007912935689091682
sim_data/RGB\02949.png,sim_data/masks\02949.png,0.0007912935689091682
sim_data/RGB\02950.png,sim_data/masks\02950.png,-0.0010462671052664518
sim_data/RGB\02951.png,sim_data/masks\02951.png,-0.0006220098002813756
sim_data/RGB\02952.png,sim_data/masks\02952.png,0.02107788622379303
sim_data/RGB\02953.png,sim_data/masks\02953.png,0.018966833129525185
sim_data/RGB\02954.png,sim_data/masks\02954.png,0.006248732563108206
sim_data/RGB\02955.png,sim_data/masks\02955.png,0.006248732563108206
sim_data/RGB\02956.png,sim_data/masks\02956.png,0.06024295836687088
sim_data/RGB\02957.png,sim_data/masks\02957.png,0.06024295836687088
sim_data/RGB\02958.png,sim_data/masks\02958.png,0.07231836020946503
sim_data/RGB\02959.png,sim_data/masks\02959.png,0.07231836020946503
sim_data/RGB\02960.png,sim_data/masks\02960.png,0.0695899948477745
sim_data/RGB\02961.png,sim_data/masks\02961.png,0.07887143641710281
sim_data/RGB\02962.png,sim_data/masks\02962.png,0.07887143641710281
sim_data/RGB\02963.png,sim_data/masks\02963.png,0.06929697096347809
sim_data/RGB\02964.png,sim_data/masks\02964.png,0.06929697096347809
sim_data/RGB\02965.png,sim_data/masks\02965.png,0.06106097996234894
sim_data/RGB\02966.png,sim_data/masks\02966.png,0.06106097996234894
sim_data/RGB\02967.png,sim_data/masks\02967.png,0.04773467779159546
sim_data/RGB\02968.png,sim_data/masks\02968.png,0.04773467779159546
sim_data/RGB\02969.png,sim_data/masks\02969.png,0.030317649245262146
sim_data/RGB\02970.png,sim_data/masks\02970.png,0.030317649245262146
sim_data/RGB\02971.png,sim_data/masks\02971.png,0.0749964714050293
sim_data/RGB\02972.png,sim_data/masks\02972.png,0.05253959447145462
sim_data/RGB\02973.png,sim_data/masks\02973.png,0.07150062173604965
sim_data/RGB\02974.png,sim_data/masks\02974.png,0.03795695677399635
sim_data/RGB\02975.png,sim_data/masks\02975.png,0.03795695677399635
sim_data/RGB\02976.png,sim_data/masks\02976.png,0.02655874751508236
sim_data/RGB\02977.png,sim_data/masks\02977.png,0.06249043345451355
sim_data/RGB\02978.png,sim_data/masks\02978.png,0.06249043345451355
sim_data/RGB\02979.png,sim_data/masks\02979.png,0.0745668113231659
sim_data/RGB\02980.png,sim_data/masks\02980.png,0.0745668113231659
sim_data/RGB\02981.png,sim_data/masks\02981.png,0.08420019596815109
sim_data/RGB\02982.png,sim_data/masks\02982.png,0.08420019596815109
sim_data/RGB\02983.png,sim_data/masks\02983.png,0.09628498554229736
sim_data/RGB\02984.png,sim_data/masks\02984.png,0.09073594957590103
sim_data/RGB\02985.png,sim_data/masks\02985.png,0.10602496564388275
sim_data/RGB\02986.png,sim_data/masks\02986.png,0.08595015108585358
sim_data/RGB\02987.png,sim_data/masks\02987.png,0.06960175186395645
sim_data/RGB\02988.png,sim_data/masks\02988.png,0.06381496042013168
sim_data/RGB\02989.png,sim_data/masks\02989.png,0.04983812943100929
sim_data/RGB\02990.png,sim_data/masks\02990.png,0.04129593074321747
sim_data/RGB\02991.png,sim_data/masks\02991.png,0.02733314037322998
sim_data/RGB\02992.png,sim_data/masks\02992.png,0.01688108593225479
sim_data/RGB\02993.png,sim_data/masks\02993.png,0.013959575444459915
sim_data/RGB\02994.png,sim_data/masks\02994.png,0.009783306159079075
sim_data/RGB\02995.png,sim_data/masks\02995.png,0.009783306159079075
sim_data/RGB\02996.png,sim_data/masks\02996.png,0.01895696111023426
sim_data/RGB\02997.png,sim_data/masks\02997.png,0.016135217621922493
sim_data/RGB\02998.png,sim_data/masks\02998.png,0.03271890804171562
sim_data/RGB\02999.png,sim_data/masks\02999.png,0.027465596795082092
sim_data/RGB\03000.png,sim_data/masks\03000.png,0.02514152228832245
sim_data/RGB\03001.png,sim_data/masks\03001.png,0.04182708263397217
sim_data/RGB\03002.png,sim_data/masks\03002.png,0.04997536540031433
sim_data/RGB\03003.png,sim_data/masks\03003.png,0.04132803902029991
sim_data/RGB\03004.png,sim_data/masks\03004.png,0.037050239741802216
sim_data/RGB\03005.png,sim_data/masks\03005.png,0.04602173715829849
sim_data/RGB\03006.png,sim_data/masks\03006.png,0.03845441713929176
sim_data/RGB\03007.png,sim_data/masks\03007.png,0.047146987169981
sim_data/RGB\03008.png,sim_data/masks\03008.png,0.03855249285697937
sim_data/RGB\03009.png,sim_data/masks\03009.png,0.043287742882966995
sim_data/RGB\03010.png,sim_data/masks\03010.png,0.029239308089017868
sim_data/RGB\03011.png,sim_data/masks\03011.png,0.033435359597206116
sim_data/RGB\03012.png,sim_data/masks\03012.png,0.025962715968489647
sim_data/RGB\03013.png,sim_data/masks\03013.png,0.020572321489453316
sim_data/RGB\03014.png,sim_data/masks\03014.png,0.012946655042469501
sim_data/RGB\03015.png,sim_data/masks\03015.png,0.009087514132261276
sim_data/RGB\03016.png,sim_data/masks\03016.png,-0.00287376600317657
sim_data/RGB\03017.png,sim_data/masks\03017.png,-0.004548745229840279
sim_data/RGB\03018.png,sim_data/masks\03018.png,-0.013012469746172428
sim_data/RGB\03019.png,sim_data/masks\03019.png,-0.011697999201714993
sim_data/RGB\03020.png,sim_data/masks\03020.png,-0.009558366611599922
sim_data/RGB\03021.png,sim_data/masks\03021.png,-0.011365714482963085
sim_data/RGB\03022.png,sim_data/masks\03022.png,-0.008333220146596432
sim_data/RGB\03023.png,sim_data/masks\03023.png,-0.006356505677103996
sim_data/RGB\03024.png,sim_data/masks\03024.png,-0.005048318766057491
sim_data/RGB\03025.png,sim_data/masks\03025.png,-0.0032542243134230375
sim_data/RGB\03026.png,sim_data/masks\03026.png,-0.001283923047594726
sim_data/RGB\03027.png,sim_data/masks\03027.png,-0.0004170091706328094
sim_data/RGB\03028.png,sim_data/masks\03028.png,0.0003512464463710785
sim_data/RGB\03029.png,sim_data/masks\03029.png,0.0003078351728618145
sim_data/RGB\03030.png,sim_data/masks\03030.png,0.0018098122673109174
sim_data/RGB\03031.png,sim_data/masks\03031.png,0.0016135397600010037
sim_data/RGB\03032.png,sim_data/masks\03032.png,0.001380319008603692
sim_data/RGB\03033.png,sim_data/masks\03033.png,0.0017138831317424774
sim_data/RGB\03034.png,sim_data/masks\03034.png,0.0012956926366314292
sim_data/RGB\03035.png,sim_data/masks\03035.png,0.0010142882820218801
sim_data/RGB\03036.png,sim_data/masks\03036.png,0.0008940693805925548
sim_data/RGB\03037.png,sim_data/masks\03037.png,0.0004879274347331375
sim_data/RGB\03038.png,sim_data/masks\03038.png,0.000367301661754027
sim_data/RGB\03039.png,sim_data/masks\03039.png,-0.00017562320863362402
sim_data/RGB\03040.png,sim_data/masks\03040.png,0.0
sim_data/RGB\03041.png,sim_data/masks\03041.png,0.0
sim_data/RGB\03042.png,sim_data/masks\03042.png,0.0003078351728618145
sim_data/RGB\03043.png,sim_data/masks\03043.png,0.0003078351728618145
sim_data/RGB\03044.png,sim_data/masks\03044.png,-0.0003078351728618145
sim_data/RGB\03045.png,sim_data/masks\03045.png,8.781160431681201e-05
sim_data/RGB\03046.png,sim_data/masks\03046.png,-0.0003078351728618145
sim_data/RGB\03047.png,sim_data/masks\03047.png,8.781160431681201e-05
sim_data/RGB\03048.png,sim_data/masks\03048.png,-0.0003078351728618145
sim_data/RGB\03049.png,sim_data/masks\03049.png,-0.00022002359037287533
sim_data/RGB\03050.png,sim_data/masks\03050.png,8.781160431681201e-05
sim_data/RGB\03051.png,sim_data/masks\03051.png,0.0
sim_data/RGB\03052.png,sim_data/masks\03052.png,0.0
sim_data/RGB\03053.png,sim_data/masks\03053.png,0.0
sim_data/RGB\03054.png,sim_data/masks\03054.png,0.0
sim_data/RGB\03055.png,sim_data/masks\03055.png,0.0
sim_data/RGB\03056.png,sim_data/masks\03056.png,0.0
sim_data/RGB\03057.png,sim_data/masks\03057.png,0.0
sim_data/RGB\03058.png,sim_data/masks\03058.png,0.0
sim_data/RGB\03059.png,sim_data/masks\03059.png,0.0
sim_data/RGB\03060.png,sim_data/masks\03060.png,-0.0006155604496598244
sim_data/RGB\03061.png,sim_data/masks\03061.png,0.00017573311924934387
sim_data/RGB\03062.png,sim_data/masks\03062.png,0.0
sim_data/RGB\03063.png,sim_data/masks\03063.png,0.0
sim_data/RGB\03064.png,sim_data/masks\03064.png,0.0
sim_data/RGB\03065.png,sim_data/masks\03065.png,0.0
sim_data/RGB\03066.png,sim_data/masks\03066.png,0.0
sim_data/RGB\03067.png,sim_data/masks\03067.png,0.0
sim_data/RGB\03068.png,sim_data/masks\03068.png,0.0
sim_data/RGB\03069.png,sim_data/masks\03069.png,0.0
sim_data/RGB\03070.png,sim_data/masks\03070.png,0.0
sim_data/RGB\03071.png,sim_data/masks\03071.png,0.0
sim_data/RGB\03072.png,sim_data/masks\03072.png,0.0
sim_data/RGB\03073.png,sim_data/masks\03073.png,0.0
sim_data/RGB\03074.png,sim_data/masks\03074.png,0.0
sim_data/RGB\03075.png,sim_data/masks\03075.png,0.0006155604496598244
sim_data/RGB\03076.png,sim_data/masks\03076.png,-0.00017573311924934387
sim_data/RGB\03077.png,sim_data/masks\03077.png,0.0
sim_data/RGB\03078.png,sim_data/masks\03078.png,-0.0006155604496598244
sim_data/RGB\03079.png,sim_data/masks\03079.png,0.00017573311924934387
sim_data/RGB\03080.png,sim_data/masks\03080.png,0.0
sim_data/RGB\03081.png,sim_data/masks\03081.png,0.0
sim_data/RGB\03082.png,sim_data/masks\03082.png,0.0
sim_data/RGB\03083.png,sim_data/masks\03083.png,0.0
sim_data/RGB\03084.png,sim_data/masks\03084.png,0.0
sim_data/RGB\03085.png,sim_data/masks\03085.png,0.0
sim_data/RGB\03086.png,sim_data/masks\03086.png,0.0
sim_data/RGB\03087.png,sim_data/masks\03087.png,0.0
sim_data/RGB\03088.png,sim_data/masks\03088.png,0.0
sim_data/RGB\03089.png,sim_data/masks\03089.png,-0.0006155604496598244
sim_data/RGB\03090.png,sim_data/masks\03090.png,0.00017573311924934387
sim_data/RGB\03091.png,sim_data/masks\03091.png,0.0
sim_data/RGB\03092.png,sim_data/masks\03092.png,0.0
sim_data/RGB\03093.png,sim_data/masks\03093.png,0.0
sim_data/RGB\03094.png,sim_data/masks\03094.png,0.00043982735951431096
sim_data/RGB\03095.png,sim_data/masks\03095.png,0.000890448922291398
sim_data/RGB\03096.png,sim_data/masks\03096.png,-0.000304378685541451
sim_data/RGB\03097.png,sim_data/masks\03097.png,0.00017573311924934387
sim_data/RGB\03098.png,sim_data/masks\03098.png,0.0
sim_data/RGB\03099.png,sim_data/masks\03099.png,0.0
sim_data/RGB\03100.png,sim_data/masks\03100.png,-0.0006155604496598244
sim_data/RGB\03101.png,sim_data/masks\03101.png,0.00017573311924934387
sim_data/RGB\03102.png,sim_data/masks\03102.png,0.0
sim_data/RGB\03103.png,sim_data/masks\03103.png,0.0
sim_data/RGB\03104.png,sim_data/masks\03104.png,0.0
sim_data/RGB\03105.png,sim_data/masks\03105.png,0.0
sim_data/RGB\03106.png,sim_data/masks\03106.png,0.0
sim_data/RGB\03107.png,sim_data/masks\03107.png,0.0
sim_data/RGB\03108.png,sim_data/masks\03108.png,0.0
sim_data/RGB\03109.png,sim_data/masks\03109.png,0.0
sim_data/RGB\03110.png,sim_data/masks\03110.png,0.0
sim_data/RGB\03111.png,sim_data/masks\03111.png,0.0
sim_data/RGB\03112.png,sim_data/masks\03112.png,0.0
sim_data/RGB\03113.png,sim_data/masks\03113.png,0.0
sim_data/RGB\03114.png,sim_data/masks\03114.png,0.0
sim_data/RGB\03115.png,sim_data/masks\03115.png,0.0
sim_data/RGB\03116.png,sim_data/masks\03116.png,0.0
sim_data/RGB\03117.png,sim_data/masks\03117.png,0.0
sim_data/RGB\03118.png,sim_data/masks\03118.png,0.0
sim_data/RGB\03119.png,sim_data/masks\03119.png,0.0
sim_data/RGB\03120.png,sim_data/masks\03120.png,0.0
sim_data/RGB\03121.png,sim_data/masks\03121.png,0.0
sim_data/RGB\03122.png,sim_data/masks\03122.png,0.0
sim_data/RGB\03123.png,sim_data/masks\03123.png,0.0
sim_data/RGB\03124.png,sim_data/masks\03124.png,0.0
sim_data/RGB\03125.png,sim_data/masks\03125.png,0.0
sim_data/RGB\03126.png,sim_data/masks\03126.png,0.0
sim_data/RGB\03127.png,sim_data/masks\03127.png,0.0
sim_data/RGB\03128.png,sim_data/masks\03128.png,0.0
sim_data/RGB\03129.png,sim_data/masks\03129.png,-0.0006155604496598244
sim_data/RGB\03130.png,sim_data/masks\03130.png,0.00017573311924934387
sim_data/RGB\03131.png,sim_data/masks\03131.png,-0.00195663096383214
sim_data/RGB\03132.png,sim_data/masks\03132.png,-0.0021441129501909018
sim_data/RGB\03133.png,sim_data/masks\03133.png,-0.0024126439820975065
sim_data/RGB\03134.png,sim_data/masks\03134.png,-0.002622990170493722
sim_data/RGB\03135.png,sim_data/masks\03135.png,-0.0020682928152382374
sim_data/RGB\03136.png,sim_data/masks\03136.png,-0.0017329364782199264
sim_data/RGB\03137.png,sim_data/masks\03137.png,-0.001101108966395259
sim_data/RGB\03138.png,sim_data/masks\03138.png,0.0
sim_data/RGB\03139.png,sim_data/masks\03139.png,0.0
sim_data/RGB\03140.png,sim_data/masks\03140.png,0.0
sim_data/RGB\03141.png,sim_data/masks\03141.png,0.0
sim_data/RGB\03142.png,sim_data/masks\03142.png,0.0
sim_data/RGB\03143.png,sim_data/masks\03143.png,0.0
sim_data/RGB\03144.png,sim_data/masks\03144.png,-0.0006155604496598244
sim_data/RGB\03145.png,sim_data/masks\03145.png,0.00017573311924934387
sim_data/RGB\03146.png,sim_data/masks\03146.png,0.0
sim_data/RGB\03147.png,sim_data/masks\03147.png,0.0006155604496598244
sim_data/RGB\03148.png,sim_data/masks\03148.png,-0.00017573311924934387
sim_data/RGB\03149.png,sim_data/masks\03149.png,0.0
sim_data/RGB\03150.png,sim_data/masks\03150.png,0.0
sim_data/RGB\03151.png,sim_data/masks\03151.png,0.0
sim_data/RGB\03152.png,sim_data/masks\03152.png,0.0
sim_data/RGB\03153.png,sim_data/masks\03153.png,0.0
sim_data/RGB\03154.png,sim_data/masks\03154.png,0.0006155604496598244
sim_data/RGB\03155.png,sim_data/masks\03155.png,0.0
sim_data/RGB\03156.png,sim_data/masks\03156.png,0.0
sim_data/RGB\03157.png,sim_data/masks\03157.png,0.0
sim_data/RGB\03158.png,sim_data/masks\03158.png,0.0
sim_data/RGB\03159.png,sim_data/masks\03159.png,0.0006155604496598244
sim_data/RGB\03160.png,sim_data/masks\03160.png,-0.00017573311924934387
sim_data/RGB\03161.png,sim_data/masks\03161.png,0.0006155604496598244
sim_data/RGB\03162.png,sim_data/masks\03162.png,-0.00017573311924934387
sim_data/RGB\03163.png,sim_data/masks\03163.png,0.0
sim_data/RGB\03164.png,sim_data/masks\03164.png,0.0
sim_data/RGB\03165.png,sim_data/masks\03165.png,0.0
sim_data/RGB\03166.png,sim_data/masks\03166.png,0.0
sim_data/RGB\03167.png,sim_data/masks\03167.png,0.0
sim_data/RGB\03168.png,sim_data/masks\03168.png,0.0
sim_data/RGB\03169.png,sim_data/masks\03169.png,0.0
sim_data/RGB\03170.png,sim_data/masks\03170.png,0.0
sim_data/RGB\03171.png,sim_data/masks\03171.png,0.0
sim_data/RGB\03172.png,sim_data/masks\03172.png,0.0006155604496598244
sim_data/RGB\03173.png,sim_data/masks\03173.png,0.00043982735951431096
sim_data/RGB\03174.png,sim_data/masks\03174.png,0.0
sim_data/RGB\03175.png,sim_data/masks\03175.png,-0.0006155604496598244
sim_data/RGB\03176.png,sim_data/masks\03176.png,0.00017573311924934387
sim_data/RGB\03177.png,sim_data/masks\03177.png,0.0
sim_data/RGB\03178.png,sim_data/masks\03178.png,0.0
sim_data/RGB\03179.png,sim_data/masks\03179.png,-0.0006155604496598244
sim_data/RGB\03180.png,sim_data/masks\03180.png,-0.0006155604496598244
sim_data/RGB\03181.png,sim_data/masks\03181.png,-0.0006155604496598244
sim_data/RGB\03182.png,sim_data/masks\03182.png,-0.0006948008667677641
sim_data/RGB\03183.png,sim_data/masks\03183.png,0.0002485241857357323
sim_data/RGB\03184.png,sim_data/masks\03184.png,0.0
sim_data/RGB\03185.png,sim_data/masks\03185.png,0.0
sim_data/RGB\03186.png,sim_data/masks\03186.png,0.0
sim_data/RGB\03187.png,sim_data/masks\03187.png,0.0
sim_data/RGB\03188.png,sim_data/masks\03188.png,0.0006155604496598244
sim_data/RGB\03189.png,sim_data/masks\03189.png,-0.00017573311924934387
sim_data/RGB\03190.png,sim_data/masks\03190.png,0.0
sim_data/RGB\03191.png,sim_data/masks\03191.png,0.0
sim_data/RGB\03192.png,sim_data/masks\03192.png,0.0
sim_data/RGB\03193.png,sim_data/masks\03193.png,0.0006155604496598244
sim_data/RGB\03194.png,sim_data/masks\03194.png,-0.00017573311924934387
sim_data/RGB\03195.png,sim_data/masks\03195.png,0.0
sim_data/RGB\03196.png,sim_data/masks\03196.png,0.0
sim_data/RGB\03197.png,sim_data/masks\03197.png,0.0006155604496598244
sim_data/RGB\03198.png,sim_data/masks\03198.png,-0.00017573311924934387
sim_data/RGB\03199.png,sim_data/masks\03199.png,0.0
sim_data/RGB\03200.png,sim_data/masks\03200.png,0.0
sim_data/RGB\03201.png,sim_data/masks\03201.png,0.0
sim_data/RGB\03202.png,sim_data/masks\03202.png,0.0
sim_data/RGB\03203.png,sim_data/masks\03203.png,-0.00017573311924934387
sim_data/RGB\03204.png,sim_data/masks\03204.png,-0.0006155604496598244
sim_data/RGB\03205.png,sim_data/masks\03205.png,0.00017573311924934387
sim_data/RGB\03206.png,sim_data/masks\03206.png,0.0
sim_data/RGB\03207.png,sim_data/masks\03207.png,-0.0006155604496598244
sim_data/RGB\03208.png,sim_data/masks\03208.png,0.0
sim_data/RGB\03209.png,sim_data/masks\03209.png,0.0
sim_data/RGB\03210.png,sim_data/masks\03210.png,0.0
sim_data/RGB\03211.png,sim_data/masks\03211.png,0.0
sim_data/RGB\03212.png,sim_data/masks\03212.png,0.0
sim_data/RGB\03213.png,sim_data/masks\03213.png,0.0
sim_data/RGB\03214.png,sim_data/masks\03214.png,0.0006155604496598244
sim_data/RGB\03215.png,sim_data/masks\03215.png,0.0037945702206343412
sim_data/RGB\03216.png,sim_data/masks\03216.png,0.002711278386414051
sim_data/RGB\03217.png,sim_data/masks\03217.png,0.002055463381111622
sim_data/RGB\03218.png,sim_data/masks\03218.png,0.0014071498299017549
sim_data/RGB\03219.png,sim_data/masks\03219.png,0.00021300086518749595
sim_data/RGB\03220.png,sim_data/masks\03220.png,0.0003670363512355834
sim_data/RGB\03221.png,sim_data/masks\03221.png,0.0
sim_data/RGB\03222.png,sim_data/masks\03222.png,0.0
sim_data/RGB\03223.png,sim_data/masks\03223.png,0.05742255970835686
sim_data/RGB\03224.png,sim_data/masks\03224.png,0.04331957548856735
sim_data/RGB\03225.png,sim_data/masks\03225.png,0.0309988334774971
sim_data/RGB\03226.png,sim_data/masks\03226.png,0.012656740844249725
sim_data/RGB\03227.png,sim_data/masks\03227.png,0.007794766686856747
sim_data/RGB\03228.png,sim_data/masks\03228.png,-0.0016296826070174575
sim_data/RGB\03229.png,sim_data/masks\03229.png,-0.0016296826070174575
sim_data/RGB\03230.png,sim_data/masks\03230.png,0.07127350568771362
sim_data/RGB\03231.png,sim_data/masks\03231.png,0.055099260061979294
sim_data/RGB\03232.png,sim_data/masks\03232.png,0.12629574537277222
sim_data/RGB\03233.png,sim_data/masks\03233.png,0.09880436956882477
sim_data/RGB\03234.png,sim_data/masks\03234.png,0.06815654784440994
sim_data/RGB\03235.png,sim_data/masks\03235.png,0.09711378812789917
sim_data/RGB\03236.png,sim_data/masks\03236.png,0.09711378812789917
sim_data/RGB\03237.png,sim_data/masks\03237.png,0.1321910172700882
sim_data/RGB\03238.png,sim_data/masks\03238.png,0.10238807648420334
sim_data/RGB\03239.png,sim_data/masks\03239.png,0.08052903413772583
sim_data/RGB\03240.png,sim_data/masks\03240.png,0.13302168250083923
sim_data/RGB\03241.png,sim_data/masks\03241.png,0.09996523708105087
sim_data/RGB\03242.png,sim_data/masks\03242.png,0.08051419258117676
sim_data/RGB\03243.png,sim_data/masks\03243.png,0.11096855252981186
sim_data/RGB\03244.png,sim_data/masks\03244.png,0.08059995621442795
sim_data/RGB\03245.png,sim_data/masks\03245.png,0.061506688594818115
sim_data/RGB\03246.png,sim_data/masks\03246.png,0.09711280465126038
sim_data/RGB\03247.png,sim_data/masks\03247.png,0.07470324635505676
sim_data/RGB\03248.png,sim_data/masks\03248.png,0.07470324635505676
sim_data/RGB\03249.png,sim_data/masks\03249.png,0.12225252389907837
sim_data/RGB\03250.png,sim_data/masks\03250.png,0.09740500152111053
sim_data/RGB\03251.png,sim_data/masks\03251.png,0.08040933310985565
sim_data/RGB\03252.png,sim_data/masks\03252.png,0.12512986361980438
sim_data/RGB\03253.png,sim_data/masks\03253.png,0.094914510846138
sim_data/RGB\03254.png,sim_data/masks\03254.png,0.07018887251615524
sim_data/RGB\03255.png,sim_data/masks\03255.png,0.09121152758598328
sim_data/RGB\03256.png,sim_data/masks\03256.png,0.06978622078895569
sim_data/RGB\03257.png,sim_data/masks\03257.png,0.134325310587883
sim_data/RGB\03258.png,sim_data/masks\03258.png,0.10255657881498337
sim_data/RGB\03259.png,sim_data/masks\03259.png,0.1511058807373047
sim_data/RGB\03260.png,sim_data/masks\03260.png,0.11186615377664566
sim_data/RGB\03261.png,sim_data/masks\03261.png,0.08132313191890717
sim_data/RGB\03262.png,sim_data/masks\03262.png,0.10749151557683945
sim_data/RGB\03263.png,sim_data/masks\03263.png,0.0807366669178009
sim_data/RGB\03264.png,sim_data/masks\03264.png,0.055127039551734924
sim_data/RGB\03265.png,sim_data/masks\03265.png,0.09751659631729126
sim_data/RGB\03266.png,sim_data/masks\03266.png,0.0686890259385109
sim_data/RGB\03267.png,sim_data/masks\03267.png,0.10893553495407104
sim_data/RGB\03268.png,sim_data/masks\03268.png,0.07856772094964981
sim_data/RGB\03269.png,sim_data/masks\03269.png,0.052983351051807404
sim_data/RGB\03270.png,sim_data/masks\03270.png,0.09959372133016586
sim_data/RGB\03271.png,sim_data/masks\03271.png,0.07209238409996033
sim_data/RGB\03272.png,sim_data/masks\03272.png,0.07209238409996033
sim_data/RGB\03273.png,sim_data/masks\03273.png,0.0460478812456131
sim_data/RGB\03274.png,sim_data/masks\03274.png,0.0918799638748169
sim_data/RGB\03275.png,sim_data/masks\03275.png,0.05913029611110687
sim_data/RGB\03276.png,sim_data/masks\03276.png,0.09970143437385559
sim_data/RGB\03277.png,sim_data/masks\03277.png,0.06944496184587479
sim_data/RGB\03278.png,sim_data/masks\03278.png,0.03878432512283325
sim_data/RGB\03279.png,sim_data/masks\03279.png,0.08785169571638107
sim_data/RGB\03280.png,sim_data/masks\03280.png,0.06482347100973129
sim_data/RGB\03281.png,sim_data/masks\03281.png,0.043206315487623215
sim_data/RGB\03282.png,sim_data/masks\03282.png,0.0971299558877945
sim_data/RGB\03283.png,sim_data/masks\03283.png,0.07051870971918106
sim_data/RGB\03284.png,sim_data/masks\03284.png,0.04134659096598625
sim_data/RGB\03285.png,sim_data/masks\03285.png,0.09272808581590652
sim_data/RGB\03286.png,sim_data/masks\03286.png,0.0668274313211441
sim_data/RGB\03287.png,sim_data/masks\03287.png,0.11191443353891373
sim_data/RGB\03288.png,sim_data/masks\03288.png,0.11191443353891373
sim_data/RGB\03289.png,sim_data/masks\03289.png,0.07827485352754593
sim_data/RGB\03290.png,sim_data/masks\03290.png,0.039718858897686005
sim_data/RGB\03291.png,sim_data/masks\03291.png,0.09112545847892761
sim_data/RGB\03292.png,sim_data/masks\03292.png,0.06731970608234406
sim_data/RGB\03293.png,sim_data/masks\03293.png,0.042955949902534485
sim_data/RGB\03294.png,sim_data/masks\03294.png,0.09637574851512909
sim_data/RGB\03295.png,sim_data/masks\03295.png,0.09637574851512909
sim_data/RGB\03296.png,sim_data/masks\03296.png,0.07097526639699936
sim_data/RGB\03297.png,sim_data/masks\03297.png,0.1047452986240387
sim_data/RGB\03298.png,sim_data/masks\03298.png,0.0678633600473404
sim_data/RGB\03299.png,sim_data/masks\03299.png,0.0678633600473404
sim_data/RGB\03300.png,sim_data/masks\03300.png,0.03794656693935394
sim_data/RGB\03301.png,sim_data/masks\03301.png,0.09414232522249222
sim_data/RGB\03302.png,sim_data/masks\03302.png,0.0671687126159668
sim_data/RGB\03303.png,sim_data/masks\03303.png,0.0671687126159668
sim_data/RGB\03304.png,sim_data/masks\03304.png,0.04443059116601944
sim_data/RGB\03305.png,sim_data/masks\03305.png,0.025081634521484375
sim_data/RGB\03306.png,sim_data/masks\03306.png,0.014104323461651802
sim_data/RGB\03307.png,sim_data/masks\03307.png,0.0076105366460978985
sim_data/RGB\03308.png,sim_data/masks\03308.png,0.0076105366460978985
sim_data/RGB\03309.png,sim_data/masks\03309.png,0.02632695995271206
sim_data/RGB\03310.png,sim_data/masks\03310.png,0.02632695995271206
sim_data/RGB\03311.png,sim_data/masks\03311.png,0.018090970814228058
sim_data/RGB\03312.png,sim_data/masks\03312.png,0.009088266640901566
sim_data/RGB\03313.png,sim_data/masks\03313.png,0.004470209591090679
sim_data/RGB\03314.png,sim_data/masks\03314.png,0.004972217138856649
sim_data/RGB\03315.png,sim_data/masks\03315.png,0.004972217138856649
sim_data/RGB\03316.png,sim_data/masks\03316.png,0.005588228348642588
sim_data/RGB\03317.png,sim_data/masks\03317.png,0.005093468818813562
sim_data/RGB\03318.png,sim_data/masks\03318.png,0.00397585378959775
sim_data/RGB\03319.png,sim_data/masks\03319.png,0.0036707522813230753
sim_data/RGB\03320.png,sim_data/masks\03320.png,0.0031053286511451006
sim_data/RGB\03321.png,sim_data/masks\03321.png,0.0031053286511451006
sim_data/RGB\03322.png,sim_data/masks\03322.png,0.0024678136687725782
sim_data/RGB\03323.png,sim_data/masks\03323.png,0.0013789503136649728
sim_data/RGB\03324.png,sim_data/masks\03324.png,0.009688939899206161
sim_data/RGB\03325.png,sim_data/masks\03325.png,0.007278261706233025
sim_data/RGB\03326.png,sim_data/masks\03326.png,0.00430641695857048
sim_data/RGB\03327.png,sim_data/masks\03327.png,0.00430641695857048
sim_data/RGB\03328.png,sim_data/masks\03328.png,0.0022882733028382063
sim_data/RGB\03329.png,sim_data/masks\03329.png,0.0014405448455363512
sim_data/RGB\03330.png,sim_data/masks\03330.png,0.0015372135676443577
sim_data/RGB\03331.png,sim_data/masks\03331.png,0.0015372135676443577
sim_data/RGB\03332.png,sim_data/masks\03332.png,0.0013840501196682453
sim_data/RGB\03333.png,sim_data/masks\03333.png,0.002304394030943513
sim_data/RGB\03334.png,sim_data/masks\03334.png,0.0021913570817559958
sim_data/RGB\03335.png,sim_data/masks\03335.png,0.0021547055803239346
sim_data/RGB\03336.png,sim_data/masks\03336.png,0.001750689116306603
sim_data/RGB\03337.png,sim_data/masks\03337.png,0.001201000763103366
sim_data/RGB\03338.png,sim_data/masks\03338.png,0.001201000763103366
sim_data/RGB\03339.png,sim_data/masks\03339.png,0.0008207180653698742
sim_data/RGB\03340.png,sim_data/masks\03340.png,0.0008381697698496282
sim_data/RGB\03341.png,sim_data/masks\03341.png,0.12655547261238098
sim_data/RGB\03342.png,sim_data/masks\03342.png,0.10614214092493057
sim_data/RGB\03343.png,sim_data/masks\03343.png,0.2156064361333847
sim_data/RGB\03344.png,sim_data/masks\03344.png,0.2156064361333847
sim_data/RGB\03345.png,sim_data/masks\03345.png,0.16176380217075348
sim_data/RGB\03346.png,sim_data/masks\03346.png,0.11166566610336304
sim_data/RGB\03347.png,sim_data/masks\03347.png,0.2491774559020996
sim_data/RGB\03348.png,sim_data/masks\03348.png,0.1955706626176834
sim_data/RGB\03349.png,sim_data/masks\03349.png,0.13652458786964417
sim_data/RGB\03350.png,sim_data/masks\03350.png,0.19670669734477997
sim_data/RGB\03351.png,sim_data/masks\03351.png,0.2485477179288864
sim_data/RGB\03352.png,sim_data/masks\03352.png,0.2485477179288864
sim_data/RGB\03353.png,sim_data/masks\03353.png,0.3795502185821533
sim_data/RGB\03354.png,sim_data/masks\03354.png,0.3827243745326996
sim_data/RGB\03355.png,sim_data/masks\03355.png,0.45888206362724304
sim_data/RGB\03356.png,sim_data/masks\03356.png,0.5457164645195007
sim_data/RGB\03357.png,sim_data/masks\03357.png,0.5187547206878662
sim_data/RGB\03358.png,sim_data/masks\03358.png,0.5366974472999573
sim_data/RGB\03359.png,sim_data/masks\03359.png,0.3866974413394928
sim_data/RGB\03360.png,sim_data/masks\03360.png,0.3866974413394928
sim_data/RGB\03361.png,sim_data/masks\03361.png,0.30475929379463196
sim_data/RGB\03362.png,sim_data/masks\03362.png,0.27008578181266785
sim_data/RGB\03363.png,sim_data/masks\03363.png,0.17611347138881683
sim_data/RGB\03364.png,sim_data/masks\03364.png,0.1023356094956398
sim_data/RGB\03365.png,sim_data/masks\03365.png,0.04286655783653259
sim_data/RGB\03366.png,sim_data/masks\03366.png,0.01847585290670395
sim_data/RGB\03367.png,sim_data/masks\03367.png,0.018307708203792572
sim_data/RGB\03368.png,sim_data/masks\03368.png,0.010297845117747784
sim_data/RGB\03369.png,sim_data/masks\03369.png,0.005145516246557236
sim_data/RGB\03370.png,sim_data/masks\03370.png,0.002184491604566574
sim_data/RGB\03371.png,sim_data/masks\03371.png,-0.00026002456434071064
sim_data/RGB\03372.png,sim_data/masks\03372.png,-0.00035146623849868774
sim_data/RGB\03373.png,sim_data/masks\03373.png,0.004687970504164696
sim_data/RGB\03374.png,sim_data/masks\03374.png,0.003586141625419259
sim_data/RGB\03375.png,sim_data/masks\03375.png,0.002338443184271455
sim_data/RGB\03376.png,sim_data/masks\03376.png,0.0008776303147897124
sim_data/RGB\03377.png,sim_data/masks\03377.png,0.000510465120896697
sim_data/RGB\03378.png,sim_data/masks\03378.png,-0.000304378685541451
sim_data/RGB\03379.png,sim_data/masks\03379.png,0.0
sim_data/RGB\03380.png,sim_data/masks\03380.png,0.00204158341512084
sim_data/RGB\03381.png,sim_data/masks\03381.png,0.002170029329136014
sim_data/RGB\03382.png,sim_data/masks\03382.png,0.0009551654802635312
sim_data/RGB\03383.png,sim_data/masks\03383.png,0.00037348567275330424
sim_data/RGB\03384.png,sim_data/masks\03384.png,0.0003670363512355834
sim_data/RGB\03385.png,sim_data/masks\03385.png,0.00043982735951431096
sim_data/RGB\03386.png,sim_data/masks\03386.png,-0.00017573311924934387
sim_data/RGB\03387.png,sim_data/masks\03387.png,0.0
sim_data/RGB\03388.png,sim_data/masks\03388.png,0.0006155604496598244
sim_data/RGB\03389.png,sim_data/masks\03389.png,0.0006948008667677641
sim_data/RGB\03390.png,sim_data/masks\03390.png,0.0003670363512355834
sim_data/RGB\03391.png,sim_data/masks\03391.png,-0.00017573311924934387
sim_data/RGB\03392.png,sim_data/masks\03392.png,0.0
sim_data/RGB\03393.png,sim_data/masks\03393.png,0.0
sim_data/RGB\03394.png,sim_data/masks\03394.png,0.0
sim_data/RGB\03395.png,sim_data/masks\03395.png,0.000870533986017108
sim_data/RGB\03396.png,sim_data/masks\03396.png,0.0009825967717915773
sim_data/RGB\03397.png,sim_data/masks\03397.png,0.0005190677475184202
sim_data/RGB\03398.png,sim_data/masks\03398.png,-0.0002485241857357323
sim_data/RGB\03399.png,sim_data/masks\03399.png,0.0
sim_data/RGB\03400.png,sim_data/masks\03400.png,0.0
sim_data/RGB\03401.png,sim_data/masks\03401.png,0.0
sim_data/RGB\03402.png,sim_data/masks\03402.png,0.0006155604496598244
sim_data/RGB\03403.png,sim_data/masks\03403.png,0.0006948008667677641
sim_data/RGB\03404.png,sim_data/masks\03404.png,-0.0002485241857357323
sim_data/RGB\03405.png,sim_data/masks\03405.png,0.0
sim_data/RGB\03406.png,sim_data/masks\03406.png,0.0
sim_data/RGB\03407.png,sim_data/masks\03407.png,0.0
sim_data/RGB\03408.png,sim_data/masks\03408.png,0.000870533986017108
sim_data/RGB\03409.png,sim_data/masks\03409.png,0.0008176579140126705
sim_data/RGB\03410.png,sim_data/masks\03410.png,-0.000304378685541451
sim_data/RGB\03411.png,sim_data/masks\03411.png,0.0
sim_data/RGB\03412.png,sim_data/masks\03412.png,0.0
sim_data/RGB\03413.png,sim_data/masks\03413.png,0.0
sim_data/RGB\03414.png,sim_data/masks\03414.png,0.0
sim_data/RGB\03415.png,sim_data/masks\03415.png,0.0006155604496598244
sim_data/RGB\03416.png,sim_data/masks\03416.png,-0.00017573311924934387
sim_data/RGB\03417.png,sim_data/masks\03417.png,0.0
sim_data/RGB\03418.png,sim_data/masks\03418.png,0.0
sim_data/RGB\03419.png,sim_data/masks\03419.png,-0.0006155604496598244
sim_data/RGB\03420.png,sim_data/masks\03420.png,0.00017573311924934387
sim_data/RGB\03421.png,sim_data/masks\03421.png,0.0
sim_data/RGB\03422.png,sim_data/masks\03422.png,0.0
sim_data/RGB\03423.png,sim_data/masks\03423.png,0.0
sim_data/RGB\03424.png,sim_data/masks\03424.png,0.0
sim_data/RGB\03425.png,sim_data/masks\03425.png,0.0
sim_data/RGB\03426.png,sim_data/masks\03426.png,0.0
sim_data/RGB\03427.png,sim_data/masks\03427.png,0.0
sim_data/RGB\03428.png,sim_data/masks\03428.png,0.0
sim_data/RGB\03429.png,sim_data/masks\03429.png,0.0
sim_data/RGB\03430.png,sim_data/masks\03430.png,0.0
sim_data/RGB\03431.png,sim_data/masks\03431.png,0.0
sim_data/RGB\03432.png,sim_data/masks\03432.png,0.0
sim_data/RGB\03433.png,sim_data/masks\03433.png,-0.000870533986017108
sim_data/RGB\03434.png,sim_data/masks\03434.png,-0.0008176579140126705
sim_data/RGB\03435.png,sim_data/masks\03435.png,-0.0007618034142069519
sim_data/RGB\03436.png,sim_data/masks\03436.png,-0.001072056358680129
sim_data/RGB\03437.png,sim_data/masks\03437.png,-0.0006732309120707214
sim_data/RGB\03438.png,sim_data/masks\03438.png,-0.0005661552422679961
sim_data/RGB\03439.png,sim_data/masks\03439.png,0.0002485241857357323
sim_data/RGB\03440.png,sim_data/masks\03440.png,-0.0006155604496598244
sim_data/RGB\03441.png,sim_data/masks\03441.png,-0.0006948008667677641
sim_data/RGB\03442.png,sim_data/masks\03442.png,-0.0006220098002813756
sim_data/RGB\03443.png,sim_data/masks\03443.png,0.0002485241857357323
sim_data/RGB\03444.png,sim_data/masks\03444.png,0.0
sim_data/RGB\03445.png,sim_data/masks\03445.png,0.0
sim_data/RGB\03446.png,sim_data/masks\03446.png,0.0
sim_data/RGB\03447.png,sim_data/masks\03447.png,0.024943700060248375
sim_data/RGB\03448.png,sim_data/masks\03448.png,0.017943887040019035
sim_data/RGB\03449.png,sim_data/masks\03449.png,0.01583550125360489
sim_data/RGB\03450.png,sim_data/masks\03450.png,0.014919477514922619
sim_data/RGB\03451.png,sim_data/masks\03451.png,0.013478183187544346
sim_data/RGB\03452.png,sim_data/masks\03452.png,0.011801142245531082
sim_data/RGB\03453.png,sim_data/masks\03453.png,0.010298054665327072
sim_data/RGB\03454.png,sim_data/masks\03454.png,0.007627200335264206
sim_data/RGB\03455.png,sim_data/masks\03455.png,0.09867309033870697
sim_data/RGB\03456.png,sim_data/masks\03456.png,0.07915674895048141
sim_data/RGB\03457.png,sim_data/masks\03457.png,0.06663191318511963
sim_data/RGB\03458.png,sim_data/masks\03458.png,0.2166319191455841
sim_data/RGB\03459.png,sim_data/masks\03459.png,0.20872800052165985
sim_data/RGB\03460.png,sim_data/masks\03460.png,0.16841495037078857
sim_data/RGB\03461.png,sim_data/masks\03461.png,0.31616777181625366
sim_data/RGB\03462.png,sim_data/masks\03462.png,0.2570156753063202
sim_data/RGB\03463.png,sim_data/masks\03463.png,0.22567881643772125
sim_data/RGB\03464.png,sim_data/masks\03464.png,0.3756788372993469
sim_data/RGB\03465.png,sim_data/masks\03465.png,0.38969701528549194
sim_data/RGB\03466.png,sim_data/masks\03466.png,0.38969701528549194
sim_data/RGB\03467.png,sim_data/masks\03467.png,0.3760232627391815
sim_data/RGB\03468.png,sim_data/masks\03468.png,0.4631572663784027
sim_data/RGB\03469.png,sim_data/masks\03469.png,0.3768048584461212
sim_data/RGB\03470.png,sim_data/masks\03470.png,0.4541926085948944
sim_data/RGB\03471.png,sim_data/masks\03471.png,0.46248918771743774
sim_data/RGB\03472.png,sim_data/masks\03472.png,0.5067024827003479
sim_data/RGB\03473.png,sim_data/masks\03473.png,0.5067024827003479
sim_data/RGB\03474.png,sim_data/masks\03474.png,0.291869580745697
sim_data/RGB\03475.png,sim_data/masks\03475.png,0.291869580745697
sim_data/RGB\03476.png,sim_data/masks\03476.png,0.3321334719657898
sim_data/RGB\03477.png,sim_data/masks\03477.png,0.27214497327804565
sim_data/RGB\03478.png,sim_data/masks\03478.png,0.21594476699829102
sim_data/RGB\03479.png,sim_data/masks\03479.png,0.12736262381076813
sim_data/RGB\03480.png,sim_data/masks\03480.png,0.0997343584895134
sim_data/RGB\03481.png,sim_data/masks\03481.png,0.07506473362445831
sim_data/RGB\03482.png,sim_data/masks\03482.png,0.043881841003894806
sim_data/RGB\03483.png,sim_data/masks\03483.png,0.02935975044965744
sim_data/RGB\03484.png,sim_data/masks\03484.png,0.012473877519369125
sim_data/RGB\03485.png,sim_data/masks\03485.png,0.014034800231456757
sim_data/RGB\03486.png,sim_data/masks\03486.png,0.004243592731654644
sim_data/RGB\03487.png,sim_data/masks\03487.png,0.004243592731654644
sim_data/RGB\03488.png,sim_data/masks\03488.png,0.0010995829943567514
sim_data/RGB\03489.png,sim_data/masks\03489.png,0.0011221152963116765
sim_data/RGB\03490.png,sim_data/masks\03490.png,0.000703921657986939
sim_data/RGB\03491.png,sim_data/masks\03491.png,0.0018679689383134246
sim_data/RGB\03492.png,sim_data/masks\03492.png,0.0013129584258422256
sim_data/RGB\03493.png,sim_data/masks\03493.png,0.0006754040368832648
sim_data/RGB\03494.png,sim_data/masks\03494.png,0.0
sim_data/RGB\03495.png,sim_data/masks\03495.png,0.0
sim_data/RGB\03496.png,sim_data/masks\03496.png,0.0006220098002813756
sim_data/RGB\03497.png,sim_data/masks\03497.png,-0.0002485241857357323
sim_data/RGB\03498.png,sim_data/masks\03498.png,0.0
sim_data/RGB\03499.png,sim_data/masks\03499.png,0.000870533986017108
sim_data/RGB\03500.png,sim_data/masks\03500.png,-0.00017573311924934387
sim_data/RGB\03501.png,sim_data/masks\03501.png,-0.00017573311924934387
sim_data/RGB\03502.png,sim_data/masks\03502.png,-0.00017573311924934387
sim_data/RGB\03503.png,sim_data/masks\03503.png,0.0
sim_data/RGB\03504.png,sim_data/masks\03504.png,0.0
sim_data/RGB\03505.png,sim_data/masks\03505.png,0.0
sim_data/RGB\03506.png,sim_data/masks\03506.png,-0.00017573311924934387
sim_data/RGB\03507.png,sim_data/masks\03507.png,-0.00017573311924934387
sim_data/RGB\03508.png,sim_data/masks\03508.png,0.0
sim_data/RGB\03509.png,sim_data/masks\03509.png,0.0
sim_data/RGB\03510.png,sim_data/masks\03510.png,0.0
sim_data/RGB\03511.png,sim_data/masks\03511.png,0.0
sim_data/RGB\03512.png,sim_data/masks\03512.png,0.0
sim_data/RGB\03513.png,sim_data/masks\03513.png,0.0
sim_data/RGB\03514.png,sim_data/masks\03514.png,0.0
sim_data/RGB\03515.png,sim_data/masks\03515.png,0.0006155604496598244
sim_data/RGB\03516.png,sim_data/masks\03516.png,0.00043982735951431096
sim_data/RGB\03517.png,sim_data/masks\03517.png,0.0006948008667677641
sim_data/RGB\03518.png,sim_data/masks\03518.png,0.0006220098002813756
sim_data/RGB\03519.png,sim_data/masks\03519.png,0.0006155604496598244
sim_data/RGB\03520.png,sim_data/masks\03520.png,0.0006155604496598244
sim_data/RGB\03521.png,sim_data/masks\03521.png,0.0
sim_data/RGB\03522.png,sim_data/masks\03522.png,0.0
sim_data/RGB\03523.png,sim_data/masks\03523.png,0.0
sim_data/RGB\03524.png,sim_data/masks\03524.png,0.0
sim_data/RGB\03525.png,sim_data/masks\03525.png,-0.000870533986017108
sim_data/RGB\03526.png,sim_data/masks\03526.png,0.0002485241857357323
sim_data/RGB\03527.png,sim_data/masks\03527.png,0.0
sim_data/RGB\03528.png,sim_data/masks\03528.png,-0.0006155604496598244
sim_data/RGB\03529.png,sim_data/masks\03529.png,0.0
sim_data/RGB\03530.png,sim_data/masks\03530.png,0.0
sim_data/RGB\03531.png,sim_data/masks\03531.png,0.00017573311924934387
sim_data/RGB\03532.png,sim_data/masks\03532.png,0.0
sim_data/RGB\03533.png,sim_data/masks\03533.png,0.0
sim_data/RGB\03534.png,sim_data/masks\03534.png,0.0
sim_data/RGB\03535.png,sim_data/masks\03535.png,0.020406659692525864
sim_data/RGB\03536.png,sim_data/masks\03536.png,0.015426778234541416
sim_data/RGB\03537.png,sim_data/masks\03537.png,0.010756848379969597
sim_data/RGB\03538.png,sim_data/masks\03538.png,0.0037042610347270966
sim_data/RGB\03539.png,sim_data/masks\03539.png,0.0037042610347270966
sim_data/RGB\03540.png,sim_data/masks\03540.png,0.0008864103001542389
sim_data/RGB\03541.png,sim_data/masks\03541.png,0.0008864103001542389
sim_data/RGB\03542.png,sim_data/masks\03542.png,0.0011636738199740648
sim_data/RGB\03543.png,sim_data/masks\03543.png,0.0011636738199740648
sim_data/RGB\03544.png,sim_data/masks\03544.png,0.14291596412658691
sim_data/RGB\03545.png,sim_data/masks\03545.png,0.14291596412658691
sim_data/RGB\03546.png,sim_data/masks\03546.png,0.10732538253068924
sim_data/RGB\03547.png,sim_data/masks\03547.png,0.10721423476934433
sim_data/RGB\03548.png,sim_data/masks\03548.png,0.10721423476934433
sim_data/RGB\03549.png,sim_data/masks\03549.png,0.10723266005516052
sim_data/RGB\03550.png,sim_data/masks\03550.png,0.10723195225000381
sim_data/RGB\03551.png,sim_data/masks\03551.png,0.10723195225000381
sim_data/RGB\03552.png,sim_data/masks\03552.png,0.10723754018545151
sim_data/RGB\03553.png,sim_data/masks\03553.png,0.1072368174791336
sim_data/RGB\03554.png,sim_data/masks\03554.png,0.1072368174791336
sim_data/RGB\03555.png,sim_data/masks\03555.png,0.10723935067653656
sim_data/RGB\03556.png,sim_data/masks\03556.png,0.10723862797021866
sim_data/RGB\03557.png,sim_data/masks\03557.png,0.10723862797021866
sim_data/RGB\03558.png,sim_data/masks\03558.png,0.10723735392093658
sim_data/RGB\03559.png,sim_data/masks\03559.png,0.10723771899938583
sim_data/RGB\03560.png,sim_data/masks\03560.png,0.10723771899938583
sim_data/RGB\03561.png,sim_data/masks\03561.png,0.10723771899938583
sim_data/RGB\03562.png,sim_data/masks\03562.png,0.10723771899938583
sim_data/RGB\03563.png,sim_data/masks\03563.png,0.10723771899938583
sim_data/RGB\03564.png,sim_data/masks\03564.png,0.10723771899938583
sim_data/RGB\03565.png,sim_data/masks\03565.png,0.10723771899938583
sim_data/RGB\03566.png,sim_data/masks\03566.png,0.10723771899938583
sim_data/RGB\03567.png,sim_data/masks\03567.png,0.10723771899938583
sim_data/RGB\03568.png,sim_data/masks\03568.png,0.10723771899938583
sim_data/RGB\03569.png,sim_data/masks\03569.png,0.10723771899938583
sim_data/RGB\03570.png,sim_data/masks\03570.png,0.10723771899938583
sim_data/RGB\03571.png,sim_data/masks\03571.png,0.10723771899938583
sim_data/RGB\03572.png,sim_data/masks\03572.png,0.10723771899938583
sim_data/RGB\03573.png,sim_data/masks\03573.png,0.10724403709173203
sim_data/RGB\03574.png,sim_data/masks\03574.png,0.10724403709173203
sim_data/RGB\03575.png,sim_data/masks\03575.png,0.10465983301401138
sim_data/RGB\03576.png,sim_data/masks\03576.png,0.10465983301401138
sim_data/RGB\03577.png,sim_data/masks\03577.png,0.09689418971538544
sim_data/RGB\03578.png,sim_data/masks\03578.png,0.093812957406044
sim_data/RGB\03579.png,sim_data/masks\03579.png,0.08806236833333969
sim_data/RGB\03580.png,sim_data/masks\03580.png,0.07879012078046799
sim_data/RGB\03581.png,sim_data/masks\03581.png,0.07388319820165634
sim_data/RGB\03582.png,sim_data/masks\03582.png,0.1864762306213379
sim_data/RGB\03583.png,sim_data/masks\03583.png,0.12264326959848404
sim_data/RGB\03584.png,sim_data/masks\03584.png,0.12264326959848404
sim_data/RGB\03585.png,sim_data/masks\03585.png,0.2606509029865265
sim_data/RGB\03586.png,sim_data/masks\03586.png,0.29317086935043335
sim_data/RGB\03587.png,sim_data/masks\03587.png,0.28504812717437744
sim_data/RGB\03588.png,sim_data/masks\03588.png,0.23559045791625977
sim_data/RGB\03589.png,sim_data/masks\03589.png,0.5355904698371887
sim_data/RGB\03590.png,sim_data/masks\03590.png,0.5355904698371887
sim_data/RGB\03591.png,sim_data/masks\03591.png,0.800000011920929
sim_data/RGB\03592.png,sim_data/masks\03592.png,0.800000011920929
sim_data/RGB\03593.png,sim_data/masks\03593.png,0.800000011920929
sim_data/RGB\03594.png,sim_data/masks\03594.png,0.800000011920929
sim_data/RGB\03595.png,sim_data/masks\03595.png,0.800000011920929
sim_data/RGB\03596.png,sim_data/masks\03596.png,0.6499999761581421
sim_data/RGB\03597.png,sim_data/masks\03597.png,0.4999999701976776
sim_data/RGB\03598.png,sim_data/masks\03598.png,0.19999995827674866
sim_data/RGB\03599.png,sim_data/masks\03599.png,0.19999995827674866
sim_data/RGB\03600.png,sim_data/masks\03600.png,-0.0934385359287262
sim_data/RGB\03601.png,sim_data/masks\03601.png,-0.09498205780982971
sim_data/RGB\03602.png,sim_data/masks\03602.png,-0.0877632275223732
sim_data/RGB\03603.png,sim_data/masks\03603.png,-0.04307248070836067
sim_data/RGB\03604.png,sim_data/masks\03604.png,-0.0297292098402977
sim_data/RGB\03605.png,sim_data/masks\03605.png,-0.020123133435845375
sim_data/RGB\03606.png,sim_data/masks\03606.png,-0.008750740438699722
sim_data/RGB\03607.png,sim_data/masks\03607.png,-0.015186170116066933
sim_data/RGB\03608.png,sim_data/masks\03608.png,-0.011409875005483627
sim_data/RGB\03609.png,sim_data/masks\03609.png,-0.011409875005483627
sim_data/RGB\03610.png,sim_data/masks\03610.png,-0.0035669528879225254
sim_data/RGB\03611.png,sim_data/masks\03611.png,-0.0028526210226118565
sim_data/RGB\03612.png,sim_data/masks\03612.png,-0.001792681054212153
sim_data/RGB\03613.png,sim_data/masks\03613.png,-0.0005946729797869921
sim_data/RGB\03614.png,sim_data/masks\03614.png,-0.009777473285794258
sim_data/RGB\03615.png,sim_data/masks\03615.png,-0.0072565339505672455
sim_data/RGB\03616.png,sim_data/masks\03616.png,-0.0027599195018410683
sim_data/RGB\03617.png,sim_data/masks\03617.png,-0.0027599195018410683
sim_data/RGB\03618.png,sim_data/masks\03618.png,-0.0005946729797869921
sim_data/RGB\03619.png,sim_data/masks\03619.png,-0.0004400774778332561
sim_data/RGB\03620.png,sim_data/masks\03620.png,0.0002485241857357323
sim_data/RGB\03621.png,sim_data/masks\03621.png,0.0
sim_data/RGB\03622.png,sim_data/masks\03622.png,0.0
sim_data/RGB\03623.png,sim_data/masks\03623.png,0.0
sim_data/RGB\03624.png,sim_data/masks\03624.png,0.0
sim_data/RGB\03625.png,sim_data/masks\03625.png,0.0010249688057228923
sim_data/RGB\03626.png,sim_data/masks\03626.png,0.0010249688057228923
sim_data/RGB\03627.png,sim_data/masks\03627.png,-0.00035146623849868774
sim_data/RGB\03628.png,sim_data/masks\03628.png,0.0
sim_data/RGB\03629.png,sim_data/masks\03629.png,0.0006155604496598244
sim_data/RGB\03630.png,sim_data/masks\03630.png,0.0006948008667677641
sim_data/RGB\03631.png,sim_data/masks\03631.png,-0.0002485241857357323
sim_data/RGB\03632.png,sim_data/masks\03632.png,0.07878853380680084
sim_data/RGB\03633.png,sim_data/masks\03633.png,0.06072010472416878
sim_data/RGB\03634.png,sim_data/masks\03634.png,0.03984994441270828
sim_data/RGB\03635.png,sim_data/masks\03635.png,0.013331562280654907
sim_data/RGB\03636.png,sim_data/masks\03636.png,0.008477380499243736
sim_data/RGB\03637.png,sim_data/masks\03637.png,0.004816930741071701
sim_data/RGB\03638.png,sim_data/masks\03638.png,0.003317291382700205
sim_data/RGB\03639.png,sim_data/masks\03639.png,0.08783472329378128
sim_data/RGB\03640.png,sim_data/masks\03640.png,0.07067766040563583
sim_data/RGB\03641.png,sim_data/masks\03641.png,0.11824868619441986
sim_data/RGB\03642.png,sim_data/masks\03642.png,0.09163806587457657
sim_data/RGB\03643.png,sim_data/masks\03643.png,0.07393313944339752
sim_data/RGB\03644.png,sim_data/masks\03644.png,0.14057958126068115
sim_data/RGB\03645.png,sim_data/masks\03645.png,0.10024911910295486
sim_data/RGB\03646.png,sim_data/masks\03646.png,0.13501645624637604
sim_data/RGB\03647.png,sim_data/masks\03647.png,0.10243426263332367
sim_data/RGB\03648.png,sim_data/masks\03648.png,0.07222048938274384
sim_data/RGB\03649.png,sim_data/masks\03649.png,0.05265165865421295
sim_data/RGB\03650.png,sim_data/masks\03650.png,0.12335339933633804
sim_data/RGB\03651.png,sim_data/masks\03651.png,0.09553634375333786
sim_data/RGB\03652.png,sim_data/masks\03652.png,0.06139636039733887
sim_data/RGB\03653.png,sim_data/masks\03653.png,0.12965764105319977
sim_data/RGB\03654.png,sim_data/masks\03654.png,0.09277592599391937
sim_data/RGB\03655.png,sim_data/masks\03655.png,0.07412778586149216
sim_data/RGB\03656.png,sim_data/masks\03656.png,0.13857798278331757
sim_data/RGB\03657.png,sim_data/masks\03657.png,0.07194871455430984
sim_data/RGB\03658.png,sim_data/masks\03658.png,0.130489319562912
sim_data/RGB\03659.png,sim_data/masks\03659.png,0.0980381965637207
sim_data/RGB\03660.png,sim_data/masks\03660.png,0.06642936915159225
sim_data/RGB\03661.png,sim_data/masks\03661.png,0.11085314303636551
sim_data/RGB\03662.png,sim_data/masks\03662.png,0.08182647824287415
sim_data/RGB\03663.png,sim_data/masks\03663.png,0.06012102589011192
sim_data/RGB\03664.png,sim_data/masks\03664.png,0.1273883730173111
sim_data/RGB\03665.png,sim_data/masks\03665.png,0.0975751280784607
sim_data/RGB\03666.png,sim_data/masks\03666.png,0.07126883417367935
sim_data/RGB\03667.png,sim_data/masks\03667.png,0.12534572184085846
sim_data/RGB\03668.png,sim_data/masks\03668.png,0.0947631299495697
sim_data/RGB\03669.png,sim_data/masks\03669.png,0.06870859116315842
sim_data/RGB\03670.png,sim_data/masks\03670.png,0.12722626328468323
sim_data/RGB\03671.png,sim_data/masks\03671.png,0.09517855942249298
sim_data/RGB\03672.png,sim_data/masks\03672.png,0.06247212737798691
sim_data/RGB\03673.png,sim_data/masks\03673.png,0.11138319969177246
sim_data/RGB\03674.png,sim_data/masks\03674.png,0.08267287909984589
sim_data/RGB\03675.png,sim_data/masks\03675.png,0.06050655618309975
sim_data/RGB\03676.png,sim_data/masks\03676.png,0.11067680269479752
sim_data/RGB\03677.png,sim_data/masks\03677.png,0.08230096846818924
sim_data/RGB\03678.png,sim_data/masks\03678.png,0.05715406313538551
sim_data/RGB\03679.png,sim_data/masks\03679.png,0.10448823124170303
sim_data/RGB\03680.png,sim_data/masks\03680.png,0.07230579107999802
sim_data/RGB\03681.png,sim_data/masks\03681.png,0.04960945248603821
sim_data/RGB\03682.png,sim_data/masks\03682.png,0.0982336476445198
sim_data/RGB\03683.png,sim_data/masks\03683.png,0.07097417861223221
sim_data/RGB\03684.png,sim_data/masks\03684.png,0.10964173078536987
sim_data/RGB\03685.png,sim_data/masks\03685.png,0.07329824566841125
sim_data/RGB\03686.png,sim_data/masks\03686.png,0.047335706651210785
sim_data/RGB\03687.png,sim_data/masks\03687.png,0.09464342892169952
sim_data/RGB\03688.png,sim_data/masks\03688.png,0.06953919678926468
sim_data/RGB\03689.png,sim_data/masks\03689.png,0.04428628087043762
sim_data/RGB\03690.png,sim_data/masks\03690.png,0.09382916241884232
sim_data/RGB\03691.png,sim_data/masks\03691.png,0.06370194256305695
sim_data/RGB\03692.png,sim_data/masks\03692.png,0.033881593495607376
sim_data/RGB\03693.png,sim_data/masks\03693.png,0.09002438187599182
sim_data/RGB\03694.png,sim_data/masks\03694.png,0.06707265973091125
sim_data/RGB\03695.png,sim_data/masks\03695.png,0.04636211320757866
sim_data/RGB\03696.png,sim_data/masks\03696.png,0.09839481860399246
sim_data/RGB\03697.png,sim_data/masks\03697.png,0.07239772379398346
sim_data/RGB\03698.png,sim_data/masks\03698.png,0.11455149948596954
sim_data/RGB\03699.png,sim_data/masks\03699.png,0.11455149948596954
sim_data/RGB\03700.png,sim_data/masks\03700.png,0.07952389866113663
sim_data/RGB\03701.png,sim_data/masks\03701.png,0.03619313985109329
sim_data/RGB\03702.png,sim_data/masks\03702.png,0.08653956651687622
sim_data/RGB\03703.png,sim_data/masks\03703.png,0.06282313913106918
sim_data/RGB\03704.png,sim_data/masks\03704.png,0.04127512499690056
sim_data/RGB\03705.png,sim_data/masks\03705.png,0.04127512499690056
sim_data/RGB\03706.png,sim_data/masks\03706.png,0.09811941534280777
sim_data/RGB\03707.png,sim_data/masks\03707.png,0.07179829478263855
sim_data/RGB\03708.png,sim_data/masks\03708.png,0.03876003250479698
sim_data/RGB\03709.png,sim_data/masks\03709.png,0.09188377857208252
sim_data/RGB\03710.png,sim_data/masks\03710.png,0.06311380118131638
sim_data/RGB\03711.png,sim_data/masks\03711.png,0.10985957831144333
sim_data/RGB\03712.png,sim_data/masks\03712.png,0.07051245868206024
sim_data/RGB\03713.png,sim_data/masks\03713.png,0.040518712252378464
sim_data/RGB\03714.png,sim_data/masks\03714.png,0.040518712252378464
sim_data/RGB\03715.png,sim_data/masks\03715.png,0.020710062235593796
sim_data/RGB\03716.png,sim_data/masks\03716.png,0.010488969273865223
sim_data/RGB\03717.png,sim_data/masks\03717.png,0.0058808233588933945
sim_data/RGB\03718.png,sim_data/masks\03718.png,0.0058808233588933945
sim_data/RGB\03719.png,sim_data/masks\03719.png,0.02895199880003929
sim_data/RGB\03720.png,sim_data/masks\03720.png,0.020944315940141678
sim_data/RGB\03721.png,sim_data/masks\03721.png,0.011949530802667141
sim_data/RGB\03722.png,sim_data/masks\03722.png,0.005308924708515406
sim_data/RGB\03723.png,sim_data/masks\03723.png,0.0012889932841062546
sim_data/RGB\03724.png,sim_data/masks\03724.png,0.0012889932841062546
sim_data/RGB\03725.png,sim_data/masks\03725.png,-4.823587369173765e-05
sim_data/RGB\03726.png,sim_data/masks\03726.png,-0.00035146623849868774
sim_data/RGB\03727.png,sim_data/masks\03727.png,0.0
sim_data/RGB\03728.png,sim_data/masks\03728.png,0.0
sim_data/RGB\03729.png,sim_data/masks\03729.png,0.010803059674799442
sim_data/RGB\03730.png,sim_data/masks\03730.png,0.007944581098854542
sim_data/RGB\03731.png,sim_data/masks\03731.png,0.004686289932578802
sim_data/RGB\03732.png,sim_data/masks\03732.png,0.0029500876553356647
sim_data/RGB\03733.png,sim_data/masks\03733.png,0.002001382177695632
sim_data/RGB\03734.png,sim_data/masks\03734.png,0.001309119863435626
sim_data/RGB\03735.png,sim_data/masks\03735.png,0.0008502760319970548
sim_data/RGB\03736.png,sim_data/masks\03736.png,0.0006357255624607205
sim_data/RGB\03737.png,sim_data/masks\03737.png,0.0006357255624607205
sim_data/RGB\03738.png,sim_data/masks\03738.png,0.00031118179322220385
sim_data/RGB\03739.png,sim_data/masks\03739.png,0.11959189176559448
sim_data/RGB\03740.png,sim_data/masks\03740.png,0.09646393358707428
sim_data/RGB\03741.png,sim_data/masks\03741.png,0.0677487850189209
sim_data/RGB\03742.png,sim_data/masks\03742.png,0.1845296025276184
sim_data/RGB\03743.png,sim_data/masks\03743.png,0.1845296025276184
sim_data/RGB\03744.png,sim_data/masks\03744.png,0.13604657351970673
sim_data/RGB\03745.png,sim_data/masks\03745.png,0.07136309146881104
sim_data/RGB\03746.png,sim_data/masks\03746.png,0.2213630974292755
sim_data/RGB\03747.png,sim_data/masks\03747.png,0.1831963211297989
sim_data/RGB\03748.png,sim_data/masks\03748.png,0.13859102129936218
sim_data/RGB\03749.png,sim_data/masks\03749.png,0.20306836068630219
sim_data/RGB\03750.png,sim_data/masks\03750.png,0.24722929298877716
sim_data/RGB\03751.png,sim_data/masks\03751.png,0.24722929298877716
sim_data/RGB\03752.png,sim_data/masks\03752.png,0.27904778718948364
sim_data/RGB\03753.png,sim_data/masks\03753.png,0.3963119089603424
sim_data/RGB\03754.png,sim_data/masks\03754.png,0.4974512457847595
sim_data/RGB\03755.png,sim_data/masks\03755.png,0.588259756565094
sim_data/RGB\03756.png,sim_data/masks\03756.png,0.588259756565094
sim_data/RGB\03757.png,sim_data/masks\03757.png,0.4382597506046295
sim_data/RGB\03758.png,sim_data/masks\03758.png,0.4994903802871704
sim_data/RGB\03759.png,sim_data/masks\03759.png,0.4472087621688843
sim_data/RGB\03760.png,sim_data/masks\03760.png,0.3724292516708374
sim_data/RGB\03761.png,sim_data/masks\03761.png,0.24051204323768616
sim_data/RGB\03762.png,sim_data/masks\03762.png,0.1444636434316635
sim_data/RGB\03763.png,sim_data/masks\03763.png,0.07903537154197693
sim_data/RGB\03764.png,sim_data/masks\03764.png,0.03875276818871498
sim_data/RGB\03765.png,sim_data/masks\03765.png,0.015287316404283047
sim_data/RGB\03766.png,sim_data/masks\03766.png,0.014361698180437088
sim_data/RGB\03767.png,sim_data/masks\03767.png,0.007638432085514069
sim_data/RGB\03768.png,sim_data/masks\03768.png,0.003958547953516245
sim_data/RGB\03769.png,sim_data/masks\03769.png,0.001784732099622488
sim_data/RGB\03770.png,sim_data/masks\03770.png,5.226704524829984e-05
sim_data/RGB\03771.png,sim_data/masks\03771.png,-0.00035146623849868774
sim_data/RGB\03772.png,sim_data/masks\03772.png,0.0034821361768990755
sim_data/RGB\03773.png,sim_data/masks\03773.png,0.0028500778134912252
sim_data/RGB\03774.png,sim_data/masks\03774.png,0.0018546716310083866
sim_data/RGB\03775.png,sim_data/masks\03775.png,0.0005336484173312783
sim_data/RGB\03776.png,sim_data/masks\03776.png,0.00022260929108597338
sim_data/RGB\03777.png,sim_data/masks\03777.png,0.00043982735951431096
sim_data/RGB\03778.png,sim_data/masks\03778.png,-0.00017573311924934387
sim_data/RGB\03779.png,sim_data/masks\03779.png,0.001628620084375143
sim_data/RGB\03780.png,sim_data/masks\03780.png,0.0013817354338243604
sim_data/RGB\03781.png,sim_data/masks\03781.png,0.00034333457006141543
sim_data/RGB\03782.png,sim_data/masks\03782.png,-0.0002485241857357323
sim_data/RGB\03783.png,sim_data/masks\03783.png,0.0
sim_data/RGB\03784.png,sim_data/masks\03784.png,0.0
sim_data/RGB\03785.png,sim_data/masks\03785.png,0.0
sim_data/RGB\03786.png,sim_data/masks\03786.png,0.00137643504422158
sim_data/RGB\03787.png,sim_data/masks\03787.png,0.00022260929108597338
sim_data/RGB\03788.png,sim_data/masks\03788.png,-0.00017573311924934387
sim_data/RGB\03789.png,sim_data/masks\03789.png,0.000870533986017108
sim_data/RGB\03790.png,sim_data/masks\03790.png,0.0006155604496598244
sim_data/RGB\03791.png,sim_data/masks\03791.png,0.00043982735951431096
sim_data/RGB\03792.png,sim_data/masks\03792.png,-0.00017573311924934387
sim_data/RGB\03793.png,sim_data/masks\03793.png,0.0
sim_data/RGB\03794.png,sim_data/masks\03794.png,0.0
sim_data/RGB\03795.png,sim_data/masks\03795.png,0.0
sim_data/RGB\03796.png,sim_data/masks\03796.png,0.0006155604496598244
sim_data/RGB\03797.png,sim_data/masks\03797.png,0.0006948008667677641
sim_data/RGB\03798.png,sim_data/masks\03798.png,-0.0002485241857357323
sim_data/RGB\03799.png,sim_data/masks\03799.png,0.0
sim_data/RGB\03800.png,sim_data/masks\03800.png,-0.0006155604496598244
sim_data/RGB\03801.png,sim_data/masks\03801.png,0.00017573311924934387
sim_data/RGB\03802.png,sim_data/masks\03802.png,0.0
sim_data/RGB\03803.png,sim_data/masks\03803.png,0.000870533986017108
sim_data/RGB\03804.png,sim_data/masks\03804.png,-0.0002485241857357323
sim_data/RGB\03805.png,sim_data/masks\03805.png,0.0006155604496598244
sim_data/RGB\03806.png,sim_data/masks\03806.png,-0.0007912935689091682
sim_data/RGB\03807.png,sim_data/masks\03807.png,0.00017573311924934387
sim_data/RGB\03808.png,sim_data/masks\03808.png,0.0
sim_data/RGB\03809.png,sim_data/masks\03809.png,0.0
sim_data/RGB\03810.png,sim_data/masks\03810.png,0.0
sim_data/RGB\03811.png,sim_data/masks\03811.png,0.0
sim_data/RGB\03812.png,sim_data/masks\03812.png,0.0
sim_data/RGB\03813.png,sim_data/masks\03813.png,-0.0006155604496598244
sim_data/RGB\03814.png,sim_data/masks\03814.png,-0.00043982735951431096
sim_data/RGB\03815.png,sim_data/masks\03815.png,0.00017573311924934387
sim_data/RGB\03816.png,sim_data/masks\03816.png,0.0
sim_data/RGB\03817.png,sim_data/masks\03817.png,0.0
sim_data/RGB\03818.png,sim_data/masks\03818.png,0.000870533986017108
sim_data/RGB\03819.png,sim_data/masks\03819.png,-0.0002485241857357323
sim_data/RGB\03820.png,sim_data/masks\03820.png,0.0
sim_data/RGB\03821.png,sim_data/masks\03821.png,0.0
sim_data/RGB\03822.png,sim_data/masks\03822.png,0.0
sim_data/RGB\03823.png,sim_data/masks\03823.png,0.0
sim_data/RGB\03824.png,sim_data/masks\03824.png,0.0
sim_data/RGB\03825.png,sim_data/masks\03825.png,0.0
sim_data/RGB\03826.png,sim_data/masks\03826.png,0.0006155604496598244
sim_data/RGB\03827.png,sim_data/masks\03827.png,-0.00017573311924934387
sim_data/RGB\03828.png,sim_data/masks\03828.png,0.000870533986017108
sim_data/RGB\03829.png,sim_data/masks\03829.png,0.000870533986017108
sim_data/RGB\03830.png,sim_data/masks\03830.png,0.004519588313996792
sim_data/RGB\03831.png,sim_data/masks\03831.png,0.005948157515376806
sim_data/RGB\03832.png,sim_data/masks\03832.png,0.005222664214670658
sim_data/RGB\03833.png,sim_data/masks\03833.png,0.00485030235722661
sim_data/RGB\03834.png,sim_data/masks\03834.png,0.005065003409981728
sim_data/RGB\03835.png,sim_data/masks\03835.png,0.004618434235453606
sim_data/RGB\03836.png,sim_data/masks\03836.png,0.003635562490671873
sim_data/RGB\03837.png,sim_data/masks\03837.png,0.0032756763976067305
sim_data/RGB\03838.png,sim_data/masks\03838.png,0.002710647415369749
sim_data/RGB\03839.png,sim_data/masks\03839.png,0.002316454192623496
sim_data/RGB\03840.png,sim_data/masks\03840.png,0.0018267561681568623
sim_data/RGB\03841.png,sim_data/masks\03841.png,0.0012362728593870997
sim_data/RGB\03842.png,sim_data/masks\03842.png,0.0009249683353118598
sim_data/RGB\03843.png,sim_data/masks\03843.png,0.0006357255624607205
sim_data/RGB\03844.png,sim_data/masks\03844.png,0.00031118179322220385
sim_data/RGB\03845.png,sim_data/masks\03845.png,-0.00017573311924934387
sim_data/RGB\03846.png,sim_data/masks\03846.png,0.0006155604496598244
sim_data/RGB\03847.png,sim_data/masks\03847.png,0.00043982735951431096
sim_data/RGB\03848.png,sim_data/masks\03848.png,0.0
sim_data/RGB\03849.png,sim_data/masks\03849.png,0.0006155604496598244
sim_data/RGB\03850.png,sim_data/masks\03850.png,0.00043982735951431096
sim_data/RGB\03851.png,sim_data/masks\03851.png,-0.00017573311924934387
sim_data/RGB\03852.png,sim_data/masks\03852.png,0.008813493885099888
sim_data/RGB\03853.png,sim_data/masks\03853.png,0.006488765124231577
sim_data/RGB\03854.png,sim_data/masks\03854.png,0.004686599597334862
sim_data/RGB\03855.png,sim_data/masks\03855.png,0.0032944693230092525
sim_data/RGB\03856.png,sim_data/masks\03856.png,0.002551160752773285
sim_data/RGB\03857.png,sim_data/masks\03857.png,0.0020328646060079336
sim_data/RGB\03858.png,sim_data/masks\03858.png,0.0016248848987743258
sim_data/RGB\03859.png,sim_data/masks\03859.png,0.0007832429255358875
sim_data/RGB\03860.png,sim_data/masks\03860.png,0.0008006644784472883
sim_data/RGB\03861.png,sim_data/masks\03861.png,-0.00035146623849868774
sim_data/RGB\03862.png,sim_data/masks\03862.png,0.0006155604496598244
sim_data/RGB\03863.png,sim_data/masks\03863.png,0.025729279965162277
sim_data/RGB\03864.png,sim_data/masks\03864.png,0.01954917050898075
sim_data/RGB\03865.png,sim_data/masks\03865.png,0.012292212806642056
sim_data/RGB\03866.png,sim_data/masks\03866.png,0.007425114046782255
sim_data/RGB\03867.png,sim_data/masks\03867.png,0.00258906208910048
sim_data/RGB\03868.png,sim_data/masks\03868.png,-0.00018974993145093322
sim_data/RGB\03869.png,sim_data/masks\03869.png,0.025271786376833916
sim_data/RGB\03870.png,sim_data/masks\03870.png,0.018829602748155594
sim_data/RGB\03871.png,sim_data/masks\03871.png,0.014024706557393074
sim_data/RGB\03872.png,sim_data/masks\03872.png,0.005805603228509426
sim_data/RGB\03873.png,sim_data/masks\03873.png,0.0027787117287516594
sim_data/RGB\03874.png,sim_data/masks\03874.png,0.00045333802700042725
sim_data/RGB\03875.png,sim_data/masks\03875.png,-0.0006336148362606764
sim_data/RGB\03876.png,sim_data/masks\03876.png,0.0
sim_data/RGB\03877.png,sim_data/masks\03877.png,-0.0015078091528266668
sim_data/RGB\03878.png,sim_data/masks\03878.png,-0.0011981634888797998
sim_data/RGB\03879.png,sim_data/masks\03879.png,-0.000405587867135182
sim_data/RGB\03880.png,sim_data/masks\03880.png,-0.00026409426936879754
sim_data/RGB\03881.png,sim_data/masks\03881.png,0.00017573311924934387
sim_data/RGB\03882.png,sim_data/masks\03882.png,0.0
sim_data/RGB\03883.png,sim_data/masks\03883.png,0.0
sim_data/RGB\03884.png,sim_data/masks\03884.png,-0.018322700634598732
sim_data/RGB\03885.png,sim_data/masks\03885.png,-0.010256044566631317
sim_data/RGB\03886.png,sim_data/masks\03886.png,-0.006829726044088602
sim_data/RGB\03887.png,sim_data/masks\03887.png,-0.0041559115052223206
sim_data/RGB\03888.png,sim_data/masks\03888.png,-0.0020661363378167152
sim_data/RGB\03889.png,sim_data/masks\03889.png,-0.0010275548556819558
sim_data/RGB\03890.png,sim_data/masks\03890.png,-0.015091212466359138
sim_data/RGB\03891.png,sim_data/masks\03891.png,-0.011302487924695015
sim_data/RGB\03892.png,sim_data/masks\03892.png,-0.011302487924695015
sim_data/RGB\03893.png,sim_data/masks\03893.png,-0.003965746145695448
sim_data/RGB\03894.png,sim_data/masks\03894.png,-0.0020012350287288427
sim_data/RGB\03895.png,sim_data/masks\03895.png,-0.0007546928827650845
sim_data/RGB\03896.png,sim_data/masks\03896.png,-5.984355811960995e-05
sim_data/RGB\03897.png,sim_data/masks\03897.png,0.00017573311924934387
sim_data/RGB\03898.png,sim_data/masks\03898.png,-0.004660546313971281
sim_data/RGB\03899.png,sim_data/masks\03899.png,-0.004660546313971281
sim_data/RGB\03900.png,sim_data/masks\03900.png,-0.001658000866882503
sim_data/RGB\03901.png,sim_data/masks\03901.png,-0.0008450013119727373
sim_data/RGB\03902.png,sim_data/masks\03902.png,-0.0005691337864845991
sim_data/RGB\03903.png,sim_data/masks\03903.png,0.000304378685541451
sim_data/RGB\03904.png,sim_data/masks\03904.png,0.000304378685541451
sim_data/RGB\03905.png,sim_data/masks\03905.png,-0.002952124923467636
sim_data/RGB\03906.png,sim_data/masks\03906.png,-0.002295968821272254
sim_data/RGB\03907.png,sim_data/masks\03907.png,-0.001236297539435327
sim_data/RGB\03908.png,sim_data/masks\03908.png,-0.0008990517817437649
sim_data/RGB\03909.png,sim_data/masks\03909.png,-0.0004400774778332561
sim_data/RGB\03910.png,sim_data/masks\03910.png,-0.0006220098002813756
sim_data/RGB\03911.png,sim_data/masks\03911.png,0.00017573311924934387
sim_data/RGB\03912.png,sim_data/masks\03912.png,0.0
sim_data/RGB\03913.png,sim_data/masks\03913.png,-0.001066182041540742
sim_data/RGB\03914.png,sim_data/masks\03914.png,-0.0007618034142069519
sim_data/RGB\03915.png,sim_data/masks\03915.png,0.000304378685541451
sim_data/RGB\03916.png,sim_data/masks\03916.png,-0.0006155604496598244
sim_data/RGB\03917.png,sim_data/masks\03917.png,0.00017573311924934387
sim_data/RGB\03918.png,sim_data/masks\03918.png,-0.0006155604496598244
sim_data/RGB\03919.png,sim_data/masks\03919.png,0.00017573311924934387
sim_data/RGB\03920.png,sim_data/masks\03920.png,-0.0006155604496598244
sim_data/RGB\03921.png,sim_data/masks\03921.png,-0.000890448922291398
sim_data/RGB\03922.png,sim_data/masks\03922.png,-0.000890448922291398
sim_data/RGB\03923.png,sim_data/masks\03923.png,-0.0006155604496598244
sim_data/RGB\03924.png,sim_data/masks\03924.png,-0.0006948008667677641
sim_data/RGB\03925.png,sim_data/masks\03925.png,0.0002485241857357323
sim_data/RGB\03926.png,sim_data/masks\03926.png,0.0
sim_data/RGB\03927.png,sim_data/masks\03927.png,0.0
sim_data/RGB\03928.png,sim_data/masks\03928.png,0.0
sim_data/RGB\03929.png,sim_data/masks\03929.png,0.0
sim_data/RGB\03930.png,sim_data/masks\03930.png,0.0
sim_data/RGB\03931.png,sim_data/masks\03931.png,0.0
sim_data/RGB\03932.png,sim_data/masks\03932.png,0.0
sim_data/RGB\03933.png,sim_data/masks\03933.png,0.0
sim_data/RGB\03934.png,sim_data/masks\03934.png,0.0
sim_data/RGB\03935.png,sim_data/masks\03935.png,0.0
sim_data/RGB\03936.png,sim_data/masks\03936.png,0.0
sim_data/RGB\03937.png,sim_data/masks\03937.png,0.0
sim_data/RGB\03938.png,sim_data/masks\03938.png,0.0
sim_data/RGB\03939.png,sim_data/masks\03939.png,0.0
sim_data/RGB\03940.png,sim_data/masks\03940.png,0.0
sim_data/RGB\03941.png,sim_data/masks\03941.png,0.0
sim_data/RGB\03942.png,sim_data/masks\03942.png,-0.0006155604496598244
sim_data/RGB\03943.png,sim_data/masks\03943.png,0.00017573311924934387
sim_data/RGB\03944.png,sim_data/masks\03944.png,-0.0006155604496598244
sim_data/RGB\03945.png,sim_data/masks\03945.png,0.00017573311924934387
sim_data/RGB\03946.png,sim_data/masks\03946.png,0.0
sim_data/RGB\03947.png,sim_data/masks\03947.png,0.0
sim_data/RGB\03948.png,sim_data/masks\03948.png,0.0
sim_data/RGB\03949.png,sim_data/masks\03949.png,0.0
sim_data/RGB\03950.png,sim_data/masks\03950.png,0.0
sim_data/RGB\03951.png,sim_data/masks\03951.png,0.0
sim_data/RGB\03952.png,sim_data/masks\03952.png,0.0
sim_data/RGB\03953.png,sim_data/masks\03953.png,0.0
sim_data/RGB\03954.png,sim_data/masks\03954.png,0.0
sim_data/RGB\03955.png,sim_data/masks\03955.png,-0.000870533986017108
sim_data/RGB\03956.png,sim_data/masks\03956.png,-0.000870533986017108
sim_data/RGB\03957.png,sim_data/masks\03957.png,0.0
sim_data/RGB\03958.png,sim_data/masks\03958.png,0.0
sim_data/RGB\03959.png,sim_data/masks\03959.png,0.0
sim_data/RGB\03960.png,sim_data/masks\03960.png,-0.0006155604496598244
sim_data/RGB\03961.png,sim_data/masks\03961.png,0.0
sim_data/RGB\03962.png,sim_data/masks\03962.png,0.0
sim_data/RGB\03963.png,sim_data/masks\03963.png,0.0
sim_data/RGB\03964.png,sim_data/masks\03964.png,-0.00017573311924934387
sim_data/RGB\03965.png,sim_data/masks\03965.png,0.0
sim_data/RGB\03966.png,sim_data/masks\03966.png,0.0
sim_data/RGB\03967.png,sim_data/masks\03967.png,0.0
sim_data/RGB\03968.png,sim_data/masks\03968.png,-0.0006155604496598244
sim_data/RGB\03969.png,sim_data/masks\03969.png,-0.0006155604496598244
sim_data/RGB\03970.png,sim_data/masks\03970.png,0.0
sim_data/RGB\03971.png,sim_data/masks\03971.png,0.0
sim_data/RGB\03972.png,sim_data/masks\03972.png,0.0
sim_data/RGB\03973.png,sim_data/masks\03973.png,0.0
sim_data/RGB\03974.png,sim_data/masks\03974.png,0.0
sim_data/RGB\03975.png,sim_data/masks\03975.png,0.0
sim_data/RGB\03976.png,sim_data/masks\03976.png,0.00043982735951431096
sim_data/RGB\03977.png,sim_data/masks\03977.png,0.00043982735951431096
sim_data/RGB\03978.png,sim_data/masks\03978.png,0.0
sim_data/RGB\03979.png,sim_data/masks\03979.png,0.0
sim_data/RGB\03980.png,sim_data/masks\03980.png,0.0
sim_data/RGB\03981.png,sim_data/masks\03981.png,-0.0006155604496598244
sim_data/RGB\03982.png,sim_data/masks\03982.png,0.0
sim_data/RGB\03983.png,sim_data/masks\03983.png,0.0
sim_data/RGB\03984.png,sim_data/masks\03984.png,0.0
sim_data/RGB\03985.png,sim_data/masks\03985.png,-0.00017573311924934387
sim_data/RGB\03986.png,sim_data/masks\03986.png,0.0
sim_data/RGB\03987.png,sim_data/masks\03987.png,-0.0006155604496598244
sim_data/RGB\03988.png,sim_data/masks\03988.png,0.00017573311924934387
sim_data/RGB\03989.png,sim_data/masks\03989.png,-0.0006155604496598244
sim_data/RGB\03990.png,sim_data/masks\03990.png,0.0
sim_data/RGB\03991.png,sim_data/masks\03991.png,0.0
sim_data/RGB\03992.png,sim_data/masks\03992.png,0.0
sim_data/RGB\03993.png,sim_data/masks\03993.png,0.0
sim_data/RGB\03994.png,sim_data/masks\03994.png,0.0
sim_data/RGB\03995.png,sim_data/masks\03995.png,0.0006155604496598244
sim_data/RGB\03996.png,sim_data/masks\03996.png,-0.00017573311924934387
sim_data/RGB\03997.png,sim_data/masks\03997.png,0.0
sim_data/RGB\03998.png,sim_data/masks\03998.png,0.0
sim_data/RGB\03999.png,sim_data/masks\03999.png,0.0
sim_data/RGB\04000.png,sim_data/masks\04000.png,0.0
sim_data/RGB\04001.png,sim_data/masks\04001.png,0.0
sim_data/RGB\04002.png,sim_data/masks\04002.png,0.0
sim_data/RGB\04003.png,sim_data/masks\04003.png,-0.00017573311924934387
sim_data/RGB\04004.png,sim_data/masks\04004.png,0.0
sim_data/RGB\04005.png,sim_data/masks\04005.png,0.0
sim_data/RGB\04006.png,sim_data/masks\04006.png,0.0006155604496598244
sim_data/RGB\04007.png,sim_data/masks\04007.png,0.00017573311924934387
sim_data/RGB\04008.png,sim_data/masks\04008.png,0.0
sim_data/RGB\04009.png,sim_data/masks\04009.png,-0.0006155604496598244
sim_data/RGB\04010.png,sim_data/masks\04010.png,0.00017573311924934387
sim_data/RGB\04011.png,sim_data/masks\04011.png,0.0
sim_data/RGB\04012.png,sim_data/masks\04012.png,0.0
sim_data/RGB\04013.png,sim_data/masks\04013.png,0.0
sim_data/RGB\04014.png,sim_data/masks\04014.png,0.00043982735951431096
sim_data/RGB\04015.png,sim_data/masks\04015.png,0.00043982735951431096
sim_data/RGB\04016.png,sim_data/masks\04016.png,0.0
sim_data/RGB\04017.png,sim_data/masks\04017.png,0.0
sim_data/RGB\04018.png,sim_data/masks\04018.png,0.0
sim_data/RGB\04019.png,sim_data/masks\04019.png,-0.0006155604496598244
sim_data/RGB\04020.png,sim_data/masks\04020.png,0.00017573311924934387
sim_data/RGB\04021.png,sim_data/masks\04021.png,0.0
sim_data/RGB\04022.png,sim_data/masks\04022.png,0.0
sim_data/RGB\04023.png,sim_data/masks\04023.png,0.0
sim_data/RGB\04024.png,sim_data/masks\04024.png,0.0
sim_data/RGB\04025.png,sim_data/masks\04025.png,0.0
sim_data/RGB\04026.png,sim_data/masks\04026.png,0.0
sim_data/RGB\04027.png,sim_data/masks\04027.png,0.0
sim_data/RGB\04028.png,sim_data/masks\04028.png,0.0
sim_data/RGB\04029.png,sim_data/masks\04029.png,0.0
sim_data/RGB\04030.png,sim_data/masks\04030.png,0.0
sim_data/RGB\04031.png,sim_data/masks\04031.png,0.0
sim_data/RGB\04032.png,sim_data/masks\04032.png,0.0
sim_data/RGB\04033.png,sim_data/masks\04033.png,0.0
sim_data/RGB\04034.png,sim_data/masks\04034.png,0.0
sim_data/RGB\04035.png,sim_data/masks\04035.png,-0.0006155604496598244
sim_data/RGB\04036.png,sim_data/masks\04036.png,0.00017573311924934387
sim_data/RGB\04037.png,sim_data/masks\04037.png,0.0
sim_data/RGB\04038.png,sim_data/masks\04038.png,0.0
sim_data/RGB\04039.png,sim_data/masks\04039.png,0.0
sim_data/RGB\04040.png,sim_data/masks\04040.png,0.0
sim_data/RGB\04041.png,sim_data/masks\04041.png,0.0
sim_data/RGB\04042.png,sim_data/masks\04042.png,0.0
sim_data/RGB\04043.png,sim_data/masks\04043.png,0.0
sim_data/RGB\04044.png,sim_data/masks\04044.png,0.0
sim_data/RGB\04045.png,sim_data/masks\04045.png,0.0
sim_data/RGB\04046.png,sim_data/masks\04046.png,0.0
sim_data/RGB\04047.png,sim_data/masks\04047.png,0.0
sim_data/RGB\04048.png,sim_data/masks\04048.png,0.0
sim_data/RGB\04049.png,sim_data/masks\04049.png,0.0
sim_data/RGB\04050.png,sim_data/masks\04050.png,0.0
sim_data/RGB\04051.png,sim_data/masks\04051.png,0.0
sim_data/RGB\04052.png,sim_data/masks\04052.png,0.0
sim_data/RGB\04053.png,sim_data/masks\04053.png,0.0006155604496598244
sim_data/RGB\04054.png,sim_data/masks\04054.png,-0.00017573311924934387
sim_data/RGB\04055.png,sim_data/masks\04055.png,0.0
sim_data/RGB\04056.png,sim_data/masks\04056.png,0.0
sim_data/RGB\04057.png,sim_data/masks\04057.png,0.0
sim_data/RGB\04058.png,sim_data/masks\04058.png,-0.0006155604496598244
sim_data/RGB\04059.png,sim_data/masks\04059.png,0.00017573311924934387
sim_data/RGB\04060.png,sim_data/masks\04060.png,-0.0006155604496598244
sim_data/RGB\04061.png,sim_data/masks\04061.png,0.00017573311924934387
sim_data/RGB\04062.png,sim_data/masks\04062.png,0.0
sim_data/RGB\04063.png,sim_data/masks\04063.png,0.0
sim_data/RGB\04064.png,sim_data/masks\04064.png,-0.05176804959774017
sim_data/RGB\04065.png,sim_data/masks\04065.png,-0.0385710783302784
sim_data/RGB\04066.png,sim_data/masks\04066.png,-0.024885857477784157
sim_data/RGB\04067.png,sim_data/masks\04067.png,-0.011449096724390984
sim_data/RGB\04068.png,sim_data/masks\04068.png,-0.007679347414523363
sim_data/RGB\04069.png,sim_data/masks\04069.png,-0.002327866852283478
sim_data/RGB\04070.png,sim_data/masks\04070.png,-0.0013638378586620092
sim_data/RGB\04071.png,sim_data/masks\04071.png,-0.07957926392555237
sim_data/RGB\04072.png,sim_data/masks\04072.png,-0.051685839891433716
sim_data/RGB\04073.png,sim_data/masks\04073.png,-0.051685839891433716
sim_data/RGB\04074.png,sim_data/masks\04074.png,-0.1064639687538147
sim_data/RGB\04075.png,sim_data/masks\04075.png,-0.1064639687538147
sim_data/RGB\04076.png,sim_data/masks\04076.png,-0.05265464261174202
sim_data/RGB\04077.png,sim_data/masks\04077.png,-0.04076625406742096
sim_data/RGB\04078.png,sim_data/masks\04078.png,-0.028299303725361824
sim_data/RGB\04079.png,sim_data/masks\04079.png,-0.10444968193769455
sim_data/RGB\04080.png,sim_data/masks\04080.png,-0.07980214804410934
sim_data/RGB\04081.png,sim_data/masks\04081.png,-0.04069104418158531
sim_data/RGB\04082.png,sim_data/masks\04082.png,-0.11948984861373901
sim_data/RGB\04083.png,sim_data/masks\04083.png,-0.0903986468911171
sim_data/RGB\04084.png,sim_data/masks\04084.png,-0.07712118327617645
sim_data/RGB\04085.png,sim_data/masks\04085.png,-0.04231288656592369
sim_data/RGB\04086.png,sim_data/masks\04086.png,-0.03052026592195034
sim_data/RGB\04087.png,sim_data/masks\04087.png,-0.1108129546046257
sim_data/RGB\04088.png,sim_data/masks\04088.png,-0.055406566709280014
sim_data/RGB\04089.png,sim_data/masks\04089.png,-0.055406566709280014
sim_data/RGB\04090.png,sim_data/masks\04090.png,-0.1149723008275032
sim_data/RGB\04091.png,sim_data/masks\04091.png,-0.08892896771430969
sim_data/RGB\04092.png,sim_data/masks\04092.png,-0.07395649701356888
sim_data/RGB\04093.png,sim_data/masks\04093.png,-0.1123737320303917
sim_data/RGB\04094.png,sim_data/masks\04094.png,-0.1123737320303917
sim_data/RGB\04095.png,sim_data/masks\04095.png,-0.05334671586751938
sim_data/RGB\04096.png,sim_data/masks\04096.png,-0.03778641298413277
sim_data/RGB\04097.png,sim_data/masks\04097.png,-0.11616504192352295
sim_data/RGB\04098.png,sim_data/masks\04098.png,-0.0851559042930603
sim_data/RGB\04099.png,sim_data/masks\04099.png,-0.06886926293373108
sim_data/RGB\04100.png,sim_data/masks\04100.png,-0.11480733752250671
sim_data/RGB\04101.png,sim_data/masks\04101.png,-0.08800212293863297
sim_data/RGB\04102.png,sim_data/masks\04102.png,-0.06814687699079514
sim_data/RGB\04103.png,sim_data/masks\04103.png,-0.0522632822394371
sim_data/RGB\04104.png,sim_data/masks\04104.png,-0.11597087979316711
sim_data/RGB\04105.png,sim_data/masks\04105.png,-0.08280226588249207
sim_data/RGB\04106.png,sim_data/masks\04106.png,-0.03551940247416496
sim_data/RGB\04107.png,sim_data/masks\04107.png,-0.03551940247416496
sim_data/RGB\04108.png,sim_data/masks\04108.png,-0.07688537240028381
sim_data/RGB\04109.png,sim_data/masks\04109.png,-0.05832727998495102
sim_data/RGB\04110.png,sim_data/masks\04110.png,-0.04253600165247917
sim_data/RGB\04111.png,sim_data/masks\04111.png,-0.11017007380723953
sim_data/RGB\04112.png,sim_data/masks\04112.png,-0.08343953639268875
sim_data/RGB\04113.png,sim_data/masks\04113.png,-0.05064060539007187
sim_data/RGB\04114.png,sim_data/masks\04114.png,-0.10408330708742142
sim_data/RGB\04115.png,sim_data/masks\04115.png,-0.07805938273668289
sim_data/RGB\04116.png,sim_data/masks\04116.png,-0.04960951209068298
sim_data/RGB\04117.png,sim_data/masks\04117.png,-0.031975116580724716
sim_data/RGB\04118.png,sim_data/masks\04118.png,-0.021519413217902184
sim_data/RGB\04119.png,sim_data/masks\04119.png,-0.08385272324085236
sim_data/RGB\04120.png,sim_data/masks\04120.png,-0.06847308576107025
sim_data/RGB\04121.png,sim_data/masks\04121.png,-0.04893091693520546
sim_data/RGB\04122.png,sim_data/masks\04122.png,-0.12610070407390594
sim_data/RGB\04123.png,sim_data/masks\04123.png,-0.09409904479980469
sim_data/RGB\04124.png,sim_data/masks\04124.png,-0.06806286424398422
sim_data/RGB\04125.png,sim_data/masks\04125.png,-0.10737629979848862
sim_data/RGB\04126.png,sim_data/masks\04126.png,-0.07935209572315216
sim_data/RGB\04127.png,sim_data/masks\04127.png,-0.07935209572315216
sim_data/RGB\04128.png,sim_data/masks\04128.png,-0.035794392228126526
sim_data/RGB\04129.png,sim_data/masks\04129.png,-0.1148637980222702
sim_data/RGB\04130.png,sim_data/masks\04130.png,-0.08394860476255417
sim_data/RGB\04131.png,sim_data/masks\04131.png,-0.06413131952285767
sim_data/RGB\04132.png,sim_data/masks\04132.png,-0.04228821024298668
sim_data/RGB\04133.png,sim_data/masks\04133.png,-0.0860726609826088
sim_data/RGB\04134.png,sim_data/masks\04134.png,-0.06617281585931778
sim_data/RGB\04135.png,sim_data/masks\04135.png,-0.039129287004470825
sim_data/RGB\04136.png,sim_data/masks\04136.png,-0.11205948889255524
sim_data/RGB\04137.png,sim_data/masks\04137.png,-0.0821581557393074
sim_data/RGB\04138.png,sim_data/masks\04138.png,-0.06264237314462662
sim_data/RGB\04139.png,sim_data/masks\04139.png,-0.042678795754909515
sim_data/RGB\04140.png,sim_data/masks\04140.png,-0.11558662354946136
sim_data/RGB\04141.png,sim_data/masks\04141.png,-0.08111904561519623
sim_data/RGB\04142.png,sim_data/masks\04142.png,-0.05842461436986923
sim_data/RGB\04143.png,sim_data/masks\04143.png,-0.03580070286989212
sim_data/RGB\04144.png,sim_data/masks\04144.png,-0.10754838585853577
sim_data/RGB\04145.png,sim_data/masks\04145.png,-0.05057879537343979
sim_data/RGB\04146.png,sim_data/masks\04146.png,-0.02899371273815632
sim_data/RGB\04147.png,sim_data/masks\04147.png,-0.10607565939426422
sim_data/RGB\04148.png,sim_data/masks\04148.png,-0.07972841709852219
sim_data/RGB\04149.png,sim_data/masks\04149.png,-0.0610133558511734
sim_data/RGB\04150.png,sim_data/masks\04150.png,-0.040563300251960754
sim_data/RGB\04151.png,sim_data/masks\04151.png,-0.10670454800128937
sim_data/RGB\04152.png,sim_data/masks\04152.png,-0.07506108283996582
sim_data/RGB\04153.png,sim_data/masks\04153.png,-0.051259469240903854
sim_data/RGB\04154.png,sim_data/masks\04154.png,-0.028885435312986374
sim_data/RGB\04155.png,sim_data/masks\04155.png,-0.026879269629716873
sim_data/RGB\04156.png,sim_data/masks\04156.png,-0.016391636803746223
sim_data/RGB\04157.png,sim_data/masks\04157.png,-0.009810962714254856
sim_data/RGB\04158.png,sim_data/masks\04158.png,-0.005170492921024561
sim_data/RGB\04159.png,sim_data/masks\04159.png,-0.05954346805810928
sim_data/RGB\04160.png,sim_data/masks\04160.png,-0.04678305611014366
sim_data/RGB\04161.png,sim_data/masks\04161.png,-0.033948931843042374
sim_data/RGB\04162.png,sim_data/masks\04162.png,-0.021219054237008095
sim_data/RGB\04163.png,sim_data/masks\04163.png,-0.00836309976875782
sim_data/RGB\04164.png,sim_data/masks\04164.png,-0.02245321124792099
sim_data/RGB\04165.png,sim_data/masks\04165.png,-0.014734079129993916
sim_data/RGB\04166.png,sim_data/masks\04166.png,-0.009604272432625294
sim_data/RGB\04167.png,sim_data/masks\04167.png,-0.0051630157977342606
sim_data/RGB\04168.png,sim_data/masks\04168.png,-0.0027899995911866426
sim_data/RGB\04169.png,sim_data/masks\04169.png,-0.0013607930159196258
sim_data/RGB\04170.png,sim_data/masks\04170.png,-0.000665022642351687
sim_data/RGB\04171.png,sim_data/masks\04171.png,0.0004304564790800214
sim_data/RGB\04172.png,sim_data/masks\04172.png,-0.0202762633562088
sim_data/RGB\04173.png,sim_data/masks\04173.png,-0.01591389812529087
sim_data/RGB\04174.png,sim_data/masks\04174.png,-0.011029045097529888
sim_data/RGB\04175.png,sim_data/masks\04175.png,-0.006615135353058577
sim_data/RGB\04176.png,sim_data/masks\04176.png,-0.0025473572313785553
sim_data/RGB\04177.png,sim_data/masks\04177.png,-0.0012849732302129269
sim_data/RGB\04178.png,sim_data/masks\04178.png,-0.00038833438884466887
sim_data/RGB\04179.png,sim_data/masks\04179.png,0.00035146623849868774
sim_data/RGB\04180.png,sim_data/masks\04180.png,-0.09220471978187561
sim_data/RGB\04181.png,sim_data/masks\04181.png,-0.07013941556215286
sim_data/RGB\04182.png,sim_data/masks\04182.png,-0.06828116625547409
sim_data/RGB\04183.png,sim_data/masks\04183.png,-0.06847255676984787
sim_data/RGB\04184.png,sim_data/masks\04184.png,-0.06848019361495972
sim_data/RGB\04185.png,sim_data/masks\04185.png,-0.06848330795764923
sim_data/RGB\04186.png,sim_data/masks\04186.png,-0.06848952174186707
sim_data/RGB\04187.png,sim_data/masks\04187.png,-0.06849122047424316
sim_data/RGB\04188.png,sim_data/masks\04188.png,-0.06849008798599243
sim_data/RGB\04189.png,sim_data/masks\04189.png,-0.06849008798599243
sim_data/RGB\04190.png,sim_data/masks\04190.png,-0.0684940442442894
sim_data/RGB\04191.png,sim_data/masks\04191.png,-0.06849291175603867
sim_data/RGB\04192.png,sim_data/masks\04192.png,-0.06849291175603867
sim_data/RGB\04193.png,sim_data/masks\04193.png,-0.06849291175603867
sim_data/RGB\04194.png,sim_data/masks\04194.png,-0.06849093735218048
sim_data/RGB\04195.png,sim_data/masks\04195.png,-0.06849347800016403
sim_data/RGB\04196.png,sim_data/masks\04196.png,-0.06849489361047745
sim_data/RGB\04197.png,sim_data/masks\04197.png,-0.0684923455119133
sim_data/RGB\04198.png,sim_data/masks\04198.png,-0.06849291175603867
sim_data/RGB\04199.png,sim_data/masks\04199.png,-0.06849093735218048
sim_data/RGB\04200.png,sim_data/masks\04200.png,-0.06849150359630585
sim_data/RGB\04201.png,sim_data/masks\04201.png,-0.06849150359630585
sim_data/RGB\04202.png,sim_data/masks\04202.png,-0.06849150359630585
sim_data/RGB\04203.png,sim_data/masks\04203.png,-0.06849150359630585
sim_data/RGB\04204.png,sim_data/masks\04204.png,-0.06849150359630585
sim_data/RGB\04205.png,sim_data/masks\04205.png,-0.06849150359630585
sim_data/RGB\04206.png,sim_data/masks\04206.png,-0.06849150359630585
sim_data/RGB\04207.png,sim_data/masks\04207.png,-0.06849150359630585
sim_data/RGB\04208.png,sim_data/masks\04208.png,-0.06849150359630585
sim_data/RGB\04209.png,sim_data/masks\04209.png,-0.06849150359630585
sim_data/RGB\04210.png,sim_data/masks\04210.png,-0.06849150359630585
sim_data/RGB\04211.png,sim_data/masks\04211.png,-0.06849150359630585
sim_data/RGB\04212.png,sim_data/masks\04212.png,-0.06849150359630585
sim_data/RGB\04213.png,sim_data/masks\04213.png,-0.06805548071861267
sim_data/RGB\04214.png,sim_data/masks\04214.png,-0.06726378947496414
sim_data/RGB\04215.png,sim_data/masks\04215.png,-0.06544053554534912
sim_data/RGB\04216.png,sim_data/masks\04216.png,-0.06359582394361496
sim_data/RGB\04217.png,sim_data/masks\04217.png,-0.05952797085046768
sim_data/RGB\04218.png,sim_data/masks\04218.png,-0.05346819758415222
sim_data/RGB\04219.png,sim_data/masks\04219.png,-0.04823298007249832
sim_data/RGB\04220.png,sim_data/masks\04220.png,-0.04269522801041603
sim_data/RGB\04221.png,sim_data/masks\04221.png,-0.1275898516178131
sim_data/RGB\04222.png,sim_data/masks\04222.png,-0.10129524022340775
sim_data/RGB\04223.png,sim_data/masks\04223.png,-0.08237516134977341
sim_data/RGB\04224.png,sim_data/masks\04224.png,-0.06534405797719955
sim_data/RGB\04225.png,sim_data/masks\04225.png,-0.052524764090776443
sim_data/RGB\04226.png,sim_data/masks\04226.png,-0.20252476632595062
sim_data/RGB\04227.png,sim_data/masks\04227.png,-0.19999966025352478
sim_data/RGB\04228.png,sim_data/masks\04228.png,-0.1758846938610077
sim_data/RGB\04229.png,sim_data/masks\04229.png,-0.22801637649536133
sim_data/RGB\04230.png,sim_data/masks\04230.png,-0.16444329917430878
sim_data/RGB\04231.png,sim_data/masks\04231.png,-0.18982116878032684
sim_data/RGB\04232.png,sim_data/masks\04232.png,-0.1294214129447937
sim_data/RGB\04233.png,sim_data/masks\04233.png,-0.1294214129447937
sim_data/RGB\04234.png,sim_data/masks\04234.png,-0.1783258318901062
sim_data/RGB\04235.png,sim_data/masks\04235.png,-0.11602652817964554
sim_data/RGB\04236.png,sim_data/masks\04236.png,-0.18895532190799713
sim_data/RGB\04237.png,sim_data/masks\04237.png,-0.23999230563640594
sim_data/RGB\04238.png,sim_data/masks\04238.png,-0.17223092913627625
sim_data/RGB\04239.png,sim_data/masks\04239.png,-0.20793505012989044
sim_data/RGB\04240.png,sim_data/masks\04240.png,-0.12754182517528534
sim_data/RGB\04241.png,sim_data/masks\04241.png,-0.12754182517528534
sim_data/RGB\04242.png,sim_data/masks\04242.png,-0.17315714061260223
sim_data/RGB\04243.png,sim_data/masks\04243.png,-0.11275935918092728
sim_data/RGB\04244.png,sim_data/masks\04244.png,-0.16047829389572144
sim_data/RGB\04245.png,sim_data/masks\04245.png,-0.16047829389572144
sim_data/RGB\04246.png,sim_data/masks\04246.png,-0.19488005340099335
sim_data/RGB\04247.png,sim_data/masks\04247.png,-0.2094595730304718
sim_data/RGB\04248.png,sim_data/masks\04248.png,-0.13570648431777954
sim_data/RGB\04249.png,sim_data/masks\04249.png,-0.1622539907693863
sim_data/RGB\04250.png,sim_data/masks\04250.png,-0.10650775581598282
sim_data/RGB\04251.png,sim_data/masks\04251.png,-0.14937159419059753
sim_data/RGB\04252.png,sim_data/masks\04252.png,-0.14937159419059753
sim_data/RGB\04253.png,sim_data/masks\04253.png,-0.18061687052249908
sim_data/RGB\04254.png,sim_data/masks\04254.png,-0.11545221507549286
sim_data/RGB\04255.png,sim_data/masks\04255.png,-0.26545220613479614
sim_data/RGB\04256.png,sim_data/masks\04256.png,-0.19428251683712006
sim_data/RGB\04257.png,sim_data/masks\04257.png,-0.1094975620508194
sim_data/RGB\04258.png,sim_data/masks\04258.png,-0.1094975620508194
sim_data/RGB\04259.png,sim_data/masks\04259.png,-0.04339819401502609
sim_data/RGB\04260.png,sim_data/masks\04260.png,-0.14949694275856018
sim_data/RGB\04261.png,sim_data/masks\04261.png,-0.106483593583107
sim_data/RGB\04262.png,sim_data/masks\04262.png,-0.0703679770231247
sim_data/RGB\04263.png,sim_data/masks\04263.png,-0.031577594578266144
sim_data/RGB\04264.png,sim_data/masks\04264.png,-0.0020090462639927864
sim_data/RGB\04265.png,sim_data/masks\04265.png,-0.03632832318544388
sim_data/RGB\04266.png,sim_data/masks\04266.png,-0.02683868259191513
sim_data/RGB\04267.png,sim_data/masks\04267.png,-0.013470817357301712
sim_data/RGB\04268.png,sim_data/masks\04268.png,-0.003025513608008623
sim_data/RGB\04269.png,sim_data/masks\04269.png,0.0014896891079843044
sim_data/RGB\04270.png,sim_data/masks\04270.png,0.0021340190432965755
sim_data/RGB\04271.png,sim_data/masks\04271.png,0.0018061681184917688
sim_data/RGB\04272.png,sim_data/masks\04272.png,-0.019236940890550613
sim_data/RGB\04273.png,sim_data/masks\04273.png,-0.016372116282582283
sim_data/RGB\04274.png,sim_data/masks\04274.png,-0.009673697873950005
sim_data/RGB\04275.png,sim_data/masks\04275.png,-0.0037073041312396526
sim_data/RGB\04276.png,sim_data/masks\04276.png,-0.0037073041312396526
sim_data/RGB\04277.png,sim_data/masks\04277.png,0.00040457770228385925
sim_data/RGB\04278.png,sim_data/masks\04278.png,-0.00521875498816371
sim_data/RGB\04279.png,sim_data/masks\04279.png,-0.004598736297339201
sim_data/RGB\04280.png,sim_data/masks\04280.png,-0.0028229367453604937
sim_data/RGB\04281.png,sim_data/masks\04281.png,-0.001296535599976778
sim_data/RGB\04282.png,sim_data/masks\04282.png,-0.00012496148701757193
sim_data/RGB\04283.png,sim_data/masks\04283.png,0.0002485241857357323
sim_data/RGB\04284.png,sim_data/masks\04284.png,-0.0019465731456875801
sim_data/RGB\04285.png,sim_data/masks\04285.png,-0.0017474996857345104
sim_data/RGB\04286.png,sim_data/masks\04286.png,-0.0008502760319970548
sim_data/RGB\04287.png,sim_data/masks\04287.png,-0.0008502760319970548
sim_data/RGB\04288.png,sim_data/masks\04288.png,0.0004304564790800214
sim_data/RGB\04289.png,sim_data/masks\04289.png,0.0
sim_data/RGB\04290.png,sim_data/masks\04290.png,0.0
sim_data/RGB\04291.png,sim_data/masks\04291.png,-0.0012311208993196487
sim_data/RGB\04292.png,sim_data/masks\04292.png,-0.0008796547190286219
sim_data/RGB\04293.png,sim_data/masks\04293.png,-0.0007147158030420542
sim_data/RGB\04294.png,sim_data/masks\04294.png,0.000304378685541451
sim_data/RGB\04295.png,sim_data/masks\04295.png,0.0
sim_data/RGB\04296.png,sim_data/masks\04296.png,-0.0006155604496598244
sim_data/RGB\04297.png,sim_data/masks\04297.png,-0.000890448922291398
sim_data/RGB\04298.png,sim_data/masks\04298.png,0.000304378685541451
sim_data/RGB\04299.png,sim_data/masks\04299.png,0.0
sim_data/RGB\04300.png,sim_data/masks\04300.png,0.0
sim_data/RGB\04301.png,sim_data/masks\04301.png,0.0
sim_data/RGB\04302.png,sim_data/masks\04302.png,0.0
sim_data/RGB\04303.png,sim_data/masks\04303.png,0.0
sim_data/RGB\04304.png,sim_data/masks\04304.png,0.0
sim_data/RGB\04305.png,sim_data/masks\04305.png,0.0
sim_data/RGB\04306.png,sim_data/masks\04306.png,0.0
sim_data/RGB\04307.png,sim_data/masks\04307.png,0.0
sim_data/RGB\04308.png,sim_data/masks\04308.png,0.0
sim_data/RGB\04309.png,sim_data/masks\04309.png,-0.0006155604496598244
sim_data/RGB\04310.png,sim_data/masks\04310.png,0.00017573311924934387
sim_data/RGB\04311.png,sim_data/masks\04311.png,0.0
sim_data/RGB\04312.png,sim_data/masks\04312.png,0.0
sim_data/RGB\04313.png,sim_data/masks\04313.png,0.0
sim_data/RGB\04314.png,sim_data/masks\04314.png,0.0
sim_data/RGB\04315.png,sim_data/masks\04315.png,-0.000870533986017108
sim_data/RGB\04316.png,sim_data/masks\04316.png,0.0002485241857357323
sim_data/RGB\04317.png,sim_data/masks\04317.png,-0.0006155604496598244
sim_data/RGB\04318.png,sim_data/masks\04318.png,0.0007912935689091682
sim_data/RGB\04319.png,sim_data/masks\04319.png,-0.00017573311924934387
sim_data/RGB\04320.png,sim_data/masks\04320.png,0.000870533986017108
sim_data/RGB\04321.png,sim_data/masks\04321.png,-0.0002485241857357323
sim_data/RGB\04322.png,sim_data/masks\04322.png,0.0
sim_data/RGB\04323.png,sim_data/masks\04323.png,0.0
sim_data/RGB\04324.png,sim_data/masks\04324.png,0.0
sim_data/RGB\04325.png,sim_data/masks\04325.png,0.0715370625257492
sim_data/RGB\04326.png,sim_data/masks\04326.png,0.13934464752674103
sim_data/RGB\04327.png,sim_data/masks\04327.png,0.10989977419376373
sim_data/RGB\04328.png,sim_data/masks\04328.png,0.07255067676305771
sim_data/RGB\04329.png,sim_data/masks\04329.png,0.14574076235294342
sim_data/RGB\04330.png,sim_data/masks\04330.png,0.14574076235294342
sim_data/RGB\04331.png,sim_data/masks\04331.png,0.1105426624417305
sim_data/RGB\04332.png,sim_data/masks\04332.png,0.1800953894853592
sim_data/RGB\04333.png,sim_data/masks\04333.png,0.135519340634346
sim_data/RGB\04334.png,sim_data/masks\04334.png,0.18204274773597717
sim_data/RGB\04335.png,sim_data/masks\04335.png,0.13149794936180115
sim_data/RGB\04336.png,sim_data/masks\04336.png,0.08694680035114288
sim_data/RGB\04337.png,sim_data/masks\04337.png,0.14133305847644806
sim_data/RGB\04338.png,sim_data/masks\04338.png,0.10814438760280609
sim_data/RGB\04339.png,sim_data/masks\04339.png,0.15644507110118866
sim_data/RGB\04340.png,sim_data/masks\04340.png,0.11887174099683762
sim_data/RGB\04341.png,sim_data/masks\04341.png,0.15107493102550507
sim_data/RGB\04342.png,sim_data/masks\04342.png,0.10210500657558441
sim_data/RGB\04343.png,sim_data/masks\04343.png,0.09718547016382217
sim_data/RGB\04344.png,sim_data/masks\04344.png,0.0571431964635849
sim_data/RGB\04345.png,sim_data/masks\04345.png,0.024647025391459465
sim_data/RGB\04346.png,sim_data/masks\04346.png,0.00976084265857935
sim_data/RGB\04347.png,sim_data/masks\04347.png,-0.02533373236656189
sim_data/RGB\04348.png,sim_data/masks\04348.png,-0.02224695309996605
sim_data/RGB\04349.png,sim_data/masks\04349.png,-0.014575912617146969
sim_data/RGB\04350.png,sim_data/masks\04350.png,-0.006170889362692833
sim_data/RGB\04351.png,sim_data/masks\04351.png,-0.0013742297887802124
sim_data/RGB\04352.png,sim_data/masks\04352.png,0.0014168062480166554
sim_data/RGB\04353.png,sim_data/masks\04353.png,0.001741067972034216
sim_data/RGB\04354.png,sim_data/masks\04354.png,-0.09074877947568893
sim_data/RGB\04355.png,sim_data/masks\04355.png,-0.0810834988951683
sim_data/RGB\04356.png,sim_data/masks\04356.png,-0.2075279951095581
sim_data/RGB\04357.png,sim_data/masks\04357.png,-0.16369687020778656
sim_data/RGB\04358.png,sim_data/masks\04358.png,-0.20001062750816345
sim_data/RGB\04359.png,sim_data/masks\04359.png,-0.14188309013843536
sim_data/RGB\04360.png,sim_data/masks\04360.png,-0.16973833739757538
sim_data/RGB\04361.png,sim_data/masks\04361.png,-0.12149965018033981
sim_data/RGB\04362.png,sim_data/masks\04362.png,-0.16900943219661713
sim_data/RGB\04363.png,sim_data/masks\04363.png,-0.16900943219661713
sim_data/RGB\04364.png,sim_data/masks\04364.png,-0.1277349293231964
sim_data/RGB\04365.png,sim_data/masks\04365.png,-0.1814577281475067
sim_data/RGB\04366.png,sim_data/masks\04366.png,-0.22068116068840027
sim_data/RGB\04367.png,sim_data/masks\04367.png,-0.2440161108970642
sim_data/RGB\04368.png,sim_data/masks\04368.png,-0.16438010334968567
sim_data/RGB\04369.png,sim_data/masks\04369.png,-0.16438010334968567
sim_data/RGB\04370.png,sim_data/masks\04370.png,-0.18845199048519135
sim_data/RGB\04371.png,sim_data/masks\04371.png,-0.22111549973487854
sim_data/RGB\04372.png,sim_data/masks\04372.png,-0.16749857366085052
sim_data/RGB\04373.png,sim_data/masks\04373.png,-0.20975059270858765
sim_data/RGB\04374.png,sim_data/masks\04374.png,-0.2352270632982254
sim_data/RGB\04375.png,sim_data/masks\04375.png,-0.17753826081752777
sim_data/RGB\04376.png,sim_data/masks\04376.png,-0.20711548626422882
sim_data/RGB\04377.png,sim_data/masks\04377.png,-0.15009155869483948
sim_data/RGB\04378.png,sim_data/masks\04378.png,-0.28488096594810486
sim_data/RGB\04379.png,sim_data/masks\04379.png,-0.31228357553482056
sim_data/RGB\04380.png,sim_data/masks\04380.png,-0.3116571307182312
sim_data/RGB\04381.png,sim_data/masks\04381.png,-0.3475431799888611
sim_data/RGB\04382.png,sim_data/masks\04382.png,-0.2652990221977234
sim_data/RGB\04383.png,sim_data/masks\04383.png,-0.3168564438819885
sim_data/RGB\04384.png,sim_data/masks\04384.png,-0.2882775068283081
sim_data/RGB\04385.png,sim_data/masks\04385.png,-0.24571339786052704
sim_data/RGB\04386.png,sim_data/masks\04386.png,-0.1702505648136139
sim_data/RGB\04387.png,sim_data/masks\04387.png,-0.22568562626838684
sim_data/RGB\04388.png,sim_data/masks\04388.png,-0.19831804931163788
sim_data/RGB\04389.png,sim_data/masks\04389.png,-0.21092793345451355
sim_data/RGB\04390.png,sim_data/masks\04390.png,-0.2913784384727478
sim_data/RGB\04391.png,sim_data/masks\04391.png,-0.2753641903400421
sim_data/RGB\04392.png,sim_data/masks\04392.png,-0.25528889894485474
sim_data/RGB\04393.png,sim_data/masks\04393.png,-0.3351292312145233
sim_data/RGB\04394.png,sim_data/masks\04394.png,-0.28675907850265503
sim_data/RGB\04395.png,sim_data/masks\04395.png,-0.14505137503147125
sim_data/RGB\04396.png,sim_data/masks\04396.png,-0.21716901659965515
sim_data/RGB\04397.png,sim_data/masks\04397.png,-0.2202131599187851
sim_data/RGB\04398.png,sim_data/masks\04398.png,-0.2413731962442398
sim_data/RGB\04399.png,sim_data/masks\04399.png,-0.3149948716163635
sim_data/RGB\04400.png,sim_data/masks\04400.png,-0.2408740222454071
sim_data/RGB\04401.png,sim_data/masks\04401.png,-0.27273496985435486
sim_data/RGB\04402.png,sim_data/masks\04402.png,-0.23260705173015594
sim_data/RGB\04403.png,sim_data/masks\04403.png,-0.23093988001346588
sim_data/RGB\04404.png,sim_data/masks\04404.png,-0.21339766681194305
sim_data/RGB\04405.png,sim_data/masks\04405.png,-0.18774250149726868
sim_data/RGB\04406.png,sim_data/masks\04406.png,-0.2860294282436371
sim_data/RGB\04407.png,sim_data/masks\04407.png,-0.24428905546665192
sim_data/RGB\04408.png,sim_data/masks\04408.png,-0.23181568086147308
sim_data/RGB\04409.png,sim_data/masks\04409.png,-0.19148273766040802
sim_data/RGB\04410.png,sim_data/masks\04410.png,-0.20090873539447784
sim_data/RGB\04411.png,sim_data/masks\04411.png,-0.15766797959804535
sim_data/RGB\04412.png,sim_data/masks\04412.png,-0.14780396223068237
sim_data/RGB\04413.png,sim_data/masks\04413.png,-0.15932148694992065
sim_data/RGB\04414.png,sim_data/masks\04414.png,-0.17066307365894318
sim_data/RGB\04415.png,sim_data/masks\04415.png,-0.1753484010696411
sim_data/RGB\04416.png,sim_data/masks\04416.png,-0.26054441928863525
sim_data/RGB\04417.png,sim_data/masks\04417.png,-0.2451442927122116
sim_data/RGB\04418.png,sim_data/masks\04418.png,-0.12816883623600006
sim_data/RGB\04419.png,sim_data/masks\04419.png,-0.21251921355724335
sim_data/RGB\04420.png,sim_data/masks\04420.png,-0.16142848134040833
sim_data/RGB\04421.png,sim_data/masks\04421.png,-0.16144953668117523
sim_data/RGB\04422.png,sim_data/masks\04422.png,-0.10249176621437073
sim_data/RGB\04423.png,sim_data/masks\04423.png,-0.051587481051683426
sim_data/RGB\04424.png,sim_data/masks\04424.png,0.04861345887184143
sim_data/RGB\04425.png,sim_data/masks\04425.png,0.03839316591620445
sim_data/RGB\04426.png,sim_data/masks\04426.png,0.019239913672208786
sim_data/RGB\04427.png,sim_data/masks\04427.png,0.008097870275378227
sim_data/RGB\04428.png,sim_data/masks\04428.png,0.008097870275378227
sim_data/RGB\04429.png,sim_data/masks\04429.png,0.0015040449798107147
sim_data/RGB\04430.png,sim_data/masks\04430.png,0.09898373484611511
sim_data/RGB\04431.png,sim_data/masks\04431.png,0.1736389696598053
sim_data/RGB\04432.png,sim_data/masks\04432.png,0.2955818176269531
sim_data/RGB\04433.png,sim_data/masks\04433.png,0.3053097724914551
sim_data/RGB\04434.png,sim_data/masks\04434.png,0.2270345687866211
sim_data/RGB\04435.png,sim_data/masks\04435.png,0.15110398828983307
sim_data/RGB\04436.png,sim_data/masks\04436.png,0.12652035057544708
sim_data/RGB\04437.png,sim_data/masks\04437.png,0.09676826000213623
sim_data/RGB\04438.png,sim_data/masks\04438.png,0.1727488934993744
sim_data/RGB\04439.png,sim_data/masks\04439.png,0.13871045410633087
sim_data/RGB\04440.png,sim_data/masks\04440.png,0.06725015491247177
sim_data/RGB\04441.png,sim_data/masks\04441.png,0.04171359911561012
sim_data/RGB\04442.png,sim_data/masks\04442.png,0.05517304688692093
sim_data/RGB\04443.png,sim_data/masks\04443.png,0.024489112198352814
sim_data/RGB\04444.png,sim_data/masks\04444.png,0.024489112198352814
sim_data/RGB\04445.png,sim_data/masks\04445.png,0.0060517326928675175
sim_data/RGB\04446.png,sim_data/masks\04446.png,0.0035923998802900314
sim_data/RGB\04447.png,sim_data/masks\04447.png,0.00955801922827959
sim_data/RGB\04448.png,sim_data/masks\04448.png,0.004039328079670668
sim_data/RGB\04449.png,sim_data/masks\04449.png,0.0012788004241883755
sim_data/RGB\04450.png,sim_data/masks\04450.png,0.0011412628227844834
sim_data/RGB\04451.png,sim_data/masks\04451.png,0.0040604001842439175
sim_data/RGB\04452.png,sim_data/masks\04452.png,0.0019937807228416204
sim_data/RGB\04453.png,sim_data/masks\04453.png,0.0007676775567233562
sim_data/RGB\04454.png,sim_data/masks\04454.png,0.00022260929108597338
sim_data/RGB\04455.png,sim_data/masks\04455.png,0.0006155604496598244
sim_data/RGB\04456.png,sim_data/masks\04456.png,0.00043982735951431096
sim_data/RGB\04457.png,sim_data/masks\04457.png,0.0013840501196682453
sim_data/RGB\04458.png,sim_data/masks\04458.png,0.0009249683353118598
sim_data/RGB\04459.png,sim_data/masks\04459.png,0.0006220098002813756
sim_data/RGB\04460.png,sim_data/masks\04460.png,0.0003670363512355834
sim_data/RGB\04461.png,sim_data/masks\04461.png,0.0
sim_data/RGB\04462.png,sim_data/masks\04462.png,0.0
sim_data/RGB\04463.png,sim_data/masks\04463.png,0.00026409426936879754
sim_data/RGB\04464.png,sim_data/masks\04464.png,-0.00017573311924934387
sim_data/RGB\04465.png,sim_data/masks\04465.png,0.000870533986017108
sim_data/RGB\04466.png,sim_data/masks\04466.png,-0.0002485241857357323
sim_data/RGB\04467.png,sim_data/masks\04467.png,0.0
sim_data/RGB\04468.png,sim_data/masks\04468.png,0.0006155604496598244
sim_data/RGB\04469.png,sim_data/masks\04469.png,0.0
sim_data/RGB\04470.png,sim_data/masks\04470.png,0.0006220098002813756
sim_data/RGB\04471.png,sim_data/masks\04471.png,0.0008176579140126705
sim_data/RGB\04472.png,sim_data/masks\04472.png,0.0
sim_data/RGB\04473.png,sim_data/masks\04473.png,0.0
sim_data/RGB\04474.png,sim_data/masks\04474.png,0.0006155604496598244
sim_data/RGB\04475.png,sim_data/masks\04475.png,0.0
sim_data/RGB\04476.png,sim_data/masks\04476.png,0.0
sim_data/RGB\04477.png,sim_data/masks\04477.png,0.00017573311924934387
sim_data/RGB\04478.png,sim_data/masks\04478.png,0.0
sim_data/RGB\04479.png,sim_data/masks\04479.png,0.00017573311924934387
sim_data/RGB\04480.png,sim_data/masks\04480.png,0.0
sim_data/RGB\04481.png,sim_data/masks\04481.png,0.0
sim_data/RGB\04482.png,sim_data/masks\04482.png,0.00017573311924934387
sim_data/RGB\04483.png,sim_data/masks\04483.png,0.0
sim_data/RGB\04484.png,sim_data/masks\04484.png,0.0
sim_data/RGB\04485.png,sim_data/masks\04485.png,0.0
sim_data/RGB\04486.png,sim_data/masks\04486.png,0.00017573311924934387
sim_data/RGB\04487.png,sim_data/masks\04487.png,0.0
sim_data/RGB\04488.png,sim_data/masks\04488.png,0.0
sim_data/RGB\04489.png,sim_data/masks\04489.png,0.0
sim_data/RGB\04490.png,sim_data/masks\04490.png,0.0
sim_data/RGB\04491.png,sim_data/masks\04491.png,0.0
sim_data/RGB\04492.png,sim_data/masks\04492.png,0.0002485241857357323
sim_data/RGB\04493.png,sim_data/masks\04493.png,0.0
sim_data/RGB\04494.png,sim_data/masks\04494.png,0.0
sim_data/RGB\04495.png,sim_data/masks\04495.png,-0.0006155604496598244
sim_data/RGB\04496.png,sim_data/masks\04496.png,0.0
sim_data/RGB\04497.png,sim_data/masks\04497.png,0.0
sim_data/RGB\04498.png,sim_data/masks\04498.png,-0.0006155604496598244
sim_data/RGB\04499.png,sim_data/masks\04499.png,-0.00043982735951431096
sim_data/RGB\04500.png,sim_data/masks\04500.png,-0.00043982735951431096
sim_data/RGB\04501.png,sim_data/masks\04501.png,-0.00043982735951431096
sim_data/RGB\04502.png,sim_data/masks\04502.png,-0.00043982735951431096
sim_data/RGB\04503.png,sim_data/masks\04503.png,-0.00043982735951431096
sim_data/RGB\04504.png,sim_data/masks\04504.png,-0.00043982735951431096
sim_data/RGB\04505.png,sim_data/masks\04505.png,-0.00043982735951431096
sim_data/RGB\04506.png,sim_data/masks\04506.png,-0.00043982735951431096
sim_data/RGB\04507.png,sim_data/masks\04507.png,-0.00043982735951431096
sim_data/RGB\04508.png,sim_data/masks\04508.png,-0.00043982735951431096
sim_data/RGB\04509.png,sim_data/masks\04509.png,-0.00043982735951431096
sim_data/RGB\04510.png,sim_data/masks\04510.png,-0.00043982735951431096
sim_data/RGB\04511.png,sim_data/masks\04511.png,-0.00043982735951431096
sim_data/RGB\04512.png,sim_data/masks\04512.png,-0.00043982735951431096
sim_data/RGB\04513.png,sim_data/masks\04513.png,-0.00043982735951431096
sim_data/RGB\04514.png,sim_data/masks\04514.png,-0.00043982735951431096
sim_data/RGB\04515.png,sim_data/masks\04515.png,-0.00043982735951431096
sim_data/RGB\04516.png,sim_data/masks\04516.png,0.0
sim_data/RGB\04517.png,sim_data/masks\04517.png,0.0
sim_data/RGB\04518.png,sim_data/masks\04518.png,0.0006155604496598244
sim_data/RGB\04519.png,sim_data/masks\04519.png,0.0
sim_data/RGB\04520.png,sim_data/masks\04520.png,0.0006155604496598244
sim_data/RGB\04521.png,sim_data/masks\04521.png,0.000870533986017108
sim_data/RGB\04522.png,sim_data/masks\04522.png,0.0006155604496598244
sim_data/RGB\04523.png,sim_data/masks\04523.png,0.0
sim_data/RGB\04524.png,sim_data/masks\04524.png,-0.00017573311924934387
sim_data/RGB\04525.png,sim_data/masks\04525.png,-0.00017573311924934387
sim_data/RGB\04526.png,sim_data/masks\04526.png,0.0
sim_data/RGB\04527.png,sim_data/masks\04527.png,-0.00017573311924934387
sim_data/RGB\04528.png,sim_data/masks\04528.png,0.0
sim_data/RGB\04529.png,sim_data/masks\04529.png,0.0
sim_data/RGB\04530.png,sim_data/masks\04530.png,0.0006155604496598244
sim_data/RGB\04531.png,sim_data/masks\04531.png,0.0012007019249722362
sim_data/RGB\04532.png,sim_data/masks\04532.png,0.0009834838565438986
sim_data/RGB\04533.png,sim_data/masks\04533.png,0.0
sim_data/RGB\04534.png,sim_data/masks\04534.png,0.0
sim_data/RGB\04535.png,sim_data/masks\04535.png,0.0
sim_data/RGB\04536.png,sim_data/masks\04536.png,0.0
sim_data/RGB\04537.png,sim_data/masks\04537.png,0.0006155604496598244
sim_data/RGB\04538.png,sim_data/masks\04538.png,0.0
sim_data/RGB\04539.png,sim_data/masks\04539.png,0.0
sim_data/RGB\04540.png,sim_data/masks\04540.png,0.0
sim_data/RGB\04541.png,sim_data/masks\04541.png,0.0
sim_data/RGB\04542.png,sim_data/masks\04542.png,0.0006220098002813756
sim_data/RGB\04543.png,sim_data/masks\04543.png,0.0
sim_data/RGB\04544.png,sim_data/masks\04544.png,-0.0006155604496598244
sim_data/RGB\04545.png,sim_data/masks\04545.png,-0.00043982735951431096
sim_data/RGB\04546.png,sim_data/masks\04546.png,0.0
sim_data/RGB\04547.png,sim_data/masks\04547.png,0.0
sim_data/RGB\04548.png,sim_data/masks\04548.png,-0.000870533986017108
sim_data/RGB\04549.png,sim_data/masks\04549.png,-0.0008176579140126705
sim_data/RGB\04550.png,sim_data/masks\04550.png,-0.0006155604496598244
sim_data/RGB\04551.png,sim_data/masks\04551.png,0.00017573311924934387
sim_data/RGB\04552.png,sim_data/masks\04552.png,0.0
sim_data/RGB\04553.png,sim_data/masks\04553.png,-0.000870533986017108
sim_data/RGB\04554.png,sim_data/masks\04554.png,-0.0003670363512355834
sim_data/RGB\04555.png,sim_data/masks\04555.png,-0.0006155604496598244
sim_data/RGB\04556.png,sim_data/masks\04556.png,0.00017573311924934387
sim_data/RGB\04557.png,sim_data/masks\04557.png,0.0
sim_data/RGB\04558.png,sim_data/masks\04558.png,0.0
sim_data/RGB\04559.png,sim_data/masks\04559.png,-0.0006155604496598244
sim_data/RGB\04560.png,sim_data/masks\04560.png,0.00017573311924934387
sim_data/RGB\04561.png,sim_data/masks\04561.png,0.0
sim_data/RGB\04562.png,sim_data/masks\04562.png,0.0
sim_data/RGB\04563.png,sim_data/masks\04563.png,0.0
sim_data/RGB\04564.png,sim_data/masks\04564.png,0.0
sim_data/RGB\04565.png,sim_data/masks\04565.png,0.0
sim_data/RGB\04566.png,sim_data/masks\04566.png,0.0006155604496598244
sim_data/RGB\04567.png,sim_data/masks\04567.png,0.0
sim_data/RGB\04568.png,sim_data/masks\04568.png,0.0
sim_data/RGB\04569.png,sim_data/masks\04569.png,0.0
sim_data/RGB\04570.png,sim_data/masks\04570.png,0.0
sim_data/RGB\04571.png,sim_data/masks\04571.png,0.00017573311924934387
sim_data/RGB\04572.png,sim_data/masks\04572.png,0.0
sim_data/RGB\04573.png,sim_data/masks\04573.png,0.00017573311924934387
sim_data/RGB\04574.png,sim_data/masks\04574.png,0.0
sim_data/RGB\04575.png,sim_data/masks\04575.png,0.0
sim_data/RGB\04576.png,sim_data/masks\04576.png,-0.0006155604496598244
sim_data/RGB\04577.png,sim_data/masks\04577.png,0.0
sim_data/RGB\04578.png,sim_data/masks\04578.png,0.0
sim_data/RGB\04579.png,sim_data/masks\04579.png,0.0
sim_data/RGB\04580.png,sim_data/masks\04580.png,0.00017573311924934387
sim_data/RGB\04581.png,sim_data/masks\04581.png,0.0
sim_data/RGB\04582.png,sim_data/masks\04582.png,0.0
sim_data/RGB\04583.png,sim_data/masks\04583.png,0.0
sim_data/RGB\04584.png,sim_data/masks\04584.png,0.0
sim_data/RGB\04585.png,sim_data/masks\04585.png,0.0
sim_data/RGB\04586.png,sim_data/masks\04586.png,0.0
sim_data/RGB\04587.png,sim_data/masks\04587.png,0.0
sim_data/RGB\04588.png,sim_data/masks\04588.png,0.0
sim_data/RGB\04589.png,sim_data/masks\04589.png,0.0
sim_data/RGB\04590.png,sim_data/masks\04590.png,0.0
sim_data/RGB\04591.png,sim_data/masks\04591.png,0.0
sim_data/RGB\04592.png,sim_data/masks\04592.png,-0.000870533986017108
sim_data/RGB\04593.png,sim_data/masks\04593.png,0.0002485241857357323
sim_data/RGB\04594.png,sim_data/masks\04594.png,0.0026831659488379955
sim_data/RGB\04595.png,sim_data/masks\04595.png,0.0016763396561145782
sim_data/RGB\04596.png,sim_data/masks\04596.png,0.001158227096311748
sim_data/RGB\04597.png,sim_data/masks\04597.png,0.0011315717129036784
sim_data/RGB\04598.png,sim_data/masks\04598.png,0.0004400774778332561
sim_data/RGB\04599.png,sim_data/masks\04599.png,0.0003670363512355834
sim_data/RGB\04600.png,sim_data/masks\04600.png,0.00043982735951431096
sim_data/RGB\04601.png,sim_data/masks\04601.png,0.0006155604496598244
sim_data/RGB\04602.png,sim_data/masks\04602.png,-0.00017573311924934387
sim_data/RGB\04603.png,sim_data/masks\04603.png,0.00043982735951431096
sim_data/RGB\04604.png,sim_data/masks\04604.png,-0.00017573311924934387
sim_data/RGB\04605.png,sim_data/masks\04605.png,0.15000000596046448
sim_data/RGB\04606.png,sim_data/masks\04606.png,0.159689798951149
sim_data/RGB\04607.png,sim_data/masks\04607.png,0.11063984036445618
sim_data/RGB\04608.png,sim_data/masks\04608.png,0.099062480032444
sim_data/RGB\04609.png,sim_data/masks\04609.png,0.0557720810174942
sim_data/RGB\04610.png,sim_data/masks\04610.png,0.054250892251729965
sim_data/RGB\04611.png,sim_data/masks\04611.png,0.027874112129211426
sim_data/RGB\04612.png,sim_data/masks\04612.png,0.016413643956184387
sim_data/RGB\04613.png,sim_data/masks\04613.png,0.125658318400383
sim_data/RGB\04614.png,sim_data/masks\04614.png,0.3649753928184509
sim_data/RGB\04615.png,sim_data/masks\04615.png,0.33098119497299194
sim_data/RGB\04616.png,sim_data/masks\04616.png,0.5860598087310791
sim_data/RGB\04617.png,sim_data/masks\04617.png,0.5204085111618042
sim_data/RGB\04618.png,sim_data/masks\04618.png,0.5236356854438782
sim_data/RGB\04619.png,sim_data/masks\04619.png,0.4673103094100952
sim_data/RGB\04620.png,sim_data/masks\04620.png,0.4118431508541107
sim_data/RGB\04621.png,sim_data/masks\04621.png,0.3661624491214752
sim_data/RGB\04622.png,sim_data/masks\04622.png,0.5609351992607117
sim_data/RGB\04623.png,sim_data/masks\04623.png,0.4447353184223175
sim_data/RGB\04624.png,sim_data/masks\04624.png,0.20313917100429535
sim_data/RGB\04625.png,sim_data/masks\04625.png,0.1773710697889328
sim_data/RGB\04626.png,sim_data/masks\04626.png,0.08615931123495102
sim_data/RGB\04627.png,sim_data/masks\04627.png,0.0713009461760521
sim_data/RGB\04628.png,sim_data/masks\04628.png,0.01375975739210844
sim_data/RGB\04629.png,sim_data/masks\04629.png,0.011670304462313652
sim_data/RGB\04630.png,sim_data/masks\04630.png,0.00019126769620925188
sim_data/RGB\04631.png,sim_data/masks\04631.png,0.0006735024508088827
sim_data/RGB\04632.png,sim_data/masks\04632.png,0.01549852080643177
sim_data/RGB\04633.png,sim_data/masks\04633.png,0.011168896220624447
sim_data/RGB\04634.png,sim_data/masks\04634.png,0.004223201889544725
sim_data/RGB\04635.png,sim_data/masks\04635.png,0.004223201889544725
sim_data/RGB\04636.png,sim_data/masks\04636.png,0.0008530073100700974
sim_data/RGB\04637.png,sim_data/masks\04637.png,0.0010198625968769193
sim_data/RGB\04638.png,sim_data/masks\04638.png,0.004100013058632612
sim_data/RGB\04639.png,sim_data/masks\04639.png,0.0009781902190297842
sim_data/RGB\04640.png,sim_data/masks\04640.png,0.001360971829853952
sim_data/RGB\04641.png,sim_data/masks\04641.png,0.0005190677475184202
sim_data/RGB\04642.png,sim_data/masks\04642.png,0.0006220098002813756
sim_data/RGB\04643.png,sim_data/masks\04643.png,0.002219435293227434
sim_data/RGB\04644.png,sim_data/masks\04644.png,0.0019100839272141457
sim_data/RGB\04645.png,sim_data/masks\04645.png,0.0009551654802635312
sim_data/RGB\04646.png,sim_data/masks\04646.png,0.0006754040368832648
sim_data/RGB\04647.png,sim_data/masks\04647.png,0.00026409426936879754
sim_data/RGB\04648.png,sim_data/masks\04648.png,0.0012311208993196487
sim_data/RGB\04649.png,sim_data/masks\04649.png,0.00022260929108597338
sim_data/RGB\04650.png,sim_data/masks\04650.png,0.0006948008667677641
sim_data/RGB\04651.png,sim_data/masks\04651.png,0.0
sim_data/RGB\04652.png,sim_data/masks\04652.png,0.001066182041540742
sim_data/RGB\04653.png,sim_data/masks\04653.png,0.0
sim_data/RGB\04654.png,sim_data/masks\04654.png,0.0
sim_data/RGB\04655.png,sim_data/masks\04655.png,-0.0002485241857357323
sim_data/RGB\04656.png,sim_data/masks\04656.png,0.0006155604496598244
sim_data/RGB\04657.png,sim_data/masks\04657.png,-0.0008640846936032176
sim_data/RGB\04658.png,sim_data/masks\04658.png,-0.00043982735951431096
sim_data/RGB\04659.png,sim_data/masks\04659.png,0.00017573311924934387
sim_data/RGB\04660.png,sim_data/masks\04660.png,0.00043982735951431096
sim_data/RGB\04661.png,sim_data/masks\04661.png,0.0006948008667677641
sim_data/RGB\04662.png,sim_data/masks\04662.png,-0.0003670363512355834
sim_data/RGB\04663.png,sim_data/masks\04663.png,-0.0010553877800703049
sim_data/RGB\04664.png,sim_data/masks\04664.png,0.00043201958760619164
sim_data/RGB\04665.png,sim_data/masks\04665.png,0.0003475331177469343
sim_data/RGB\04666.png,sim_data/masks\04666.png,0.0003575629962142557
sim_data/RGB\04667.png,sim_data/masks\04667.png,0.00015574102872051299
sim_data/RGB\04668.png,sim_data/masks\04668.png,-0.00015209417324513197
sim_data/RGB\04669.png,sim_data/masks\04669.png,-0.0004090018628630787
sim_data/RGB\04670.png,sim_data/masks\04670.png,-0.00038109204615466297
sim_data/RGB\04671.png,sim_data/masks\04671.png,-0.0016161066014319658
sim_data/RGB\04672.png,sim_data/masks\04672.png,0.0002485241857357323
sim_data/RGB\04673.png,sim_data/masks\04673.png,0.02393590658903122
sim_data/RGB\04674.png,sim_data/masks\04674.png,0.018479814752936363
sim_data/RGB\04675.png,sim_data/masks\04675.png,0.07172499597072601
sim_data/RGB\04676.png,sim_data/masks\04676.png,0.0538388267159462
sim_data/RGB\04677.png,sim_data/masks\04677.png,0.0063598789274692535
sim_data/RGB\04678.png,sim_data/masks\04678.png,0.0016220337711274624
sim_data/RGB\04679.png,sim_data/masks\04679.png,0.08907391130924225
sim_data/RGB\04680.png,sim_data/masks\04680.png,0.0936179831624031
sim_data/RGB\04681.png,sim_data/masks\04681.png,0.07023822516202927
sim_data/RGB\04682.png,sim_data/masks\04682.png,0.035120993852615356
sim_data/RGB\04683.png,sim_data/masks\04683.png,0.08128678053617477
sim_data/RGB\04684.png,sim_data/masks\04684.png,0.07330316305160522
sim_data/RGB\04685.png,sim_data/masks\04685.png,0.05447862669825554
sim_data/RGB\04686.png,sim_data/masks\04686.png,0.09130913764238358
sim_data/RGB\04687.png,sim_data/masks\04687.png,0.07258093357086182
sim_data/RGB\04688.png,sim_data/masks\04688.png,0.0458231195807457
sim_data/RGB\04689.png,sim_data/masks\04689.png,0.03507858142256737
sim_data/RGB\04690.png,sim_data/masks\04690.png,0.04178386926651001
sim_data/RGB\04691.png,sim_data/masks\04691.png,0.03369855508208275
sim_data/RGB\04692.png,sim_data/masks\04692.png,0.06905850768089294
sim_data/RGB\04693.png,sim_data/masks\04693.png,0.07978442311286926
sim_data/RGB\04694.png,sim_data/masks\04694.png,0.0734892413020134
sim_data/RGB\04695.png,sim_data/masks\04695.png,0.08917813003063202
sim_data/RGB\04696.png,sim_data/masks\04696.png,0.08744572848081589
sim_data/RGB\04697.png,sim_data/masks\04697.png,0.08269855380058289
sim_data/RGB\04698.png,sim_data/masks\04698.png,0.0788780003786087
sim_data/RGB\04699.png,sim_data/masks\04699.png,0.06824957579374313
sim_data/RGB\04700.png,sim_data/masks\04700.png,0.05081506073474884
sim_data/RGB\04701.png,sim_data/masks\04701.png,0.037892162799835205
sim_data/RGB\04702.png,sim_data/masks\04702.png,0.023591231554746628
sim_data/RGB\04703.png,sim_data/masks\04703.png,0.016090085729956627
sim_data/RGB\04704.png,sim_data/masks\04704.png,0.013424096629023552
sim_data/RGB\04705.png,sim_data/masks\04705.png,0.009011522866785526
sim_data/RGB\04706.png,sim_data/masks\04706.png,0.016144156455993652
sim_data/RGB\04707.png,sim_data/masks\04707.png,0.014078900218009949
sim_data/RGB\04708.png,sim_data/masks\04708.png,0.025427645072340965
sim_data/RGB\04709.png,sim_data/masks\04709.png,0.042276524007320404
sim_data/RGB\04710.png,sim_data/masks\04710.png,0.03179517015814781
sim_data/RGB\04711.png,sim_data/masks\04711.png,0.04541023075580597
sim_data/RGB\04712.png,sim_data/masks\04712.png,0.04743514955043793
sim_data/RGB\04713.png,sim_data/masks\04713.png,0.03828050568699837
sim_data/RGB\04714.png,sim_data/masks\04714.png,0.04524660483002663
sim_data/RGB\04715.png,sim_data/masks\04715.png,0.034701693803071976
sim_data/RGB\04716.png,sim_data/masks\04716.png,0.042012643069028854
sim_data/RGB\04717.png,sim_data/masks\04717.png,0.030750654637813568
sim_data/RGB\04718.png,sim_data/masks\04718.png,0.030750654637813568
sim_data/RGB\04719.png,sim_data/masks\04719.png,0.026746153831481934
sim_data/RGB\04720.png,sim_data/masks\04720.png,0.016919640824198723
sim_data/RGB\04721.png,sim_data/masks\04721.png,0.013801042921841145
sim_data/RGB\04722.png,sim_data/masks\04722.png,3.6414130590856075e-05
sim_data/RGB\04723.png,sim_data/masks\04723.png,-0.0013030217960476875
sim_data/RGB\04724.png,sim_data/masks\04724.png,-0.009226551279425621
sim_data/RGB\04725.png,sim_data/masks\04725.png,-0.00808565691113472
sim_data/RGB\04726.png,sim_data/masks\04726.png,-0.008958232589066029
sim_data/RGB\04727.png,sim_data/masks\04727.png,-0.007428955752402544
sim_data/RGB\04728.png,sim_data/masks\04728.png,-0.0054388223215937614
sim_data/RGB\04729.png,sim_data/masks\04729.png,-0.003815209027379751
sim_data/RGB\04730.png,sim_data/masks\04730.png,-0.003076291875913739
sim_data/RGB\04731.png,sim_data/masks\04731.png,-0.0012769224122166634
sim_data/RGB\04732.png,sim_data/masks\04732.png,-0.0006851122016087174
sim_data/RGB\04733.png,sim_data/masks\04733.png,0.00043534470023587346
sim_data/RGB\04734.png,sim_data/masks\04734.png,0.0004090018628630787
sim_data/RGB\04735.png,sim_data/masks\04735.png,0.0010541434166952968
sim_data/RGB\04736.png,sim_data/masks\04736.png,0.0008692843257449567
sim_data/RGB\04737.png,sim_data/masks\04737.png,0.0009027799242176116
sim_data/RGB\04738.png,sim_data/masks\04738.png,0.0007151259924285114
sim_data/RGB\04739.png,sim_data/masks\04739.png,0.00041931765736080706
sim_data/RGB\04740.png,sim_data/masks\04740.png,0.0002597214770503342
sim_data/RGB\04741.png,sim_data/masks\04741.png,0.00022002359037287533
sim_data/RGB\04742.png,sim_data/masks\04742.png,0.00022002359037287533
sim_data/RGB\04743.png,sim_data/masks\04743.png,-8.781160431681201e-05
sim_data/RGB\04744.png,sim_data/masks\04744.png,0.0
sim_data/RGB\04745.png,sim_data/masks\04745.png,0.0
sim_data/RGB\04746.png,sim_data/masks\04746.png,0.0
sim_data/RGB\04747.png,sim_data/masks\04747.png,0.0
sim_data/RGB\04748.png,sim_data/masks\04748.png,0.0
sim_data/RGB\04749.png,sim_data/masks\04749.png,-0.00043534470023587346
sim_data/RGB\04750.png,sim_data/masks\04750.png,0.00012418437108863145
sim_data/RGB\04751.png,sim_data/masks\04751.png,0.0
sim_data/RGB\04752.png,sim_data/masks\04752.png,0.0
sim_data/RGB\04753.png,sim_data/masks\04753.png,0.0
sim_data/RGB\04754.png,sim_data/masks\04754.png,0.0006155604496598244
sim_data/RGB\04755.png,sim_data/masks\04755.png,0.0
sim_data/RGB\04756.png,sim_data/masks\04756.png,0.0
sim_data/RGB\04757.png,sim_data/masks\04757.png,0.0
sim_data/RGB\04758.png,sim_data/masks\04758.png,0.0
sim_data/RGB\04759.png,sim_data/masks\04759.png,0.0
sim_data/RGB\04760.png,sim_data/masks\04760.png,0.0
sim_data/RGB\04761.png,sim_data/masks\04761.png,0.0
sim_data/RGB\04762.png,sim_data/masks\04762.png,0.0006155604496598244
sim_data/RGB\04763.png,sim_data/masks\04763.png,0.00017573311924934387
sim_data/RGB\04764.png,sim_data/masks\04764.png,0.0
sim_data/RGB\04765.png,sim_data/masks\04765.png,0.0
sim_data/RGB\04766.png,sim_data/masks\04766.png,0.0
sim_data/RGB\04767.png,sim_data/masks\04767.png,0.0
sim_data/RGB\04768.png,sim_data/masks\04768.png,0.0
sim_data/RGB\04769.png,sim_data/masks\04769.png,0.0
sim_data/RGB\04770.png,sim_data/masks\04770.png,0.0
sim_data/RGB\04771.png,sim_data/masks\04771.png,0.0
sim_data/RGB\04772.png,sim_data/masks\04772.png,0.0
sim_data/RGB\04773.png,sim_data/masks\04773.png,-0.000870533986017108
sim_data/RGB\04774.png,sim_data/masks\04774.png,0.0002485241857357323
sim_data/RGB\04775.png,sim_data/masks\04775.png,0.0006155604496598244
sim_data/RGB\04776.png,sim_data/masks\04776.png,0.0
sim_data/RGB\04777.png,sim_data/masks\04777.png,-0.00043982735951431096
sim_data/RGB\04778.png,sim_data/masks\04778.png,0.0
sim_data/RGB\04779.png,sim_data/masks\04779.png,-0.000870533986017108
sim_data/RGB\04780.png,sim_data/masks\04780.png,-0.0006948008667677641
sim_data/RGB\04781.png,sim_data/masks\04781.png,0.0002485241857357323
sim_data/RGB\04782.png,sim_data/masks\04782.png,-0.00017573311924934387
sim_data/RGB\04783.png,sim_data/masks\04783.png,0.0006155604496598244
sim_data/RGB\04784.png,sim_data/masks\04784.png,0.0006948008667677641
sim_data/RGB\04785.png,sim_data/masks\04785.png,0.0003670363512355834
sim_data/RGB\04786.png,sim_data/masks\04786.png,0.0
sim_data/RGB\04787.png,sim_data/masks\04787.png,0.0
sim_data/RGB\04788.png,sim_data/masks\04788.png,0.0
sim_data/RGB\04789.png,sim_data/masks\04789.png,0.0
sim_data/RGB\04790.png,sim_data/masks\04790.png,0.0
sim_data/RGB\04791.png,sim_data/masks\04791.png,0.0
sim_data/RGB\04792.png,sim_data/masks\04792.png,0.0
sim_data/RGB\04793.png,sim_data/masks\04793.png,0.0
sim_data/RGB\04794.png,sim_data/masks\04794.png,0.0
sim_data/RGB\04795.png,sim_data/masks\04795.png,0.0
sim_data/RGB\04796.png,sim_data/masks\04796.png,-0.00017573311924934387
sim_data/RGB\04797.png,sim_data/masks\04797.png,0.0
sim_data/RGB\04798.png,sim_data/masks\04798.png,0.0
sim_data/RGB\04799.png,sim_data/masks\04799.png,0.0
sim_data/RGB\04800.png,sim_data/masks\04800.png,0.0
sim_data/RGB\04801.png,sim_data/masks\04801.png,0.0
sim_data/RGB\04802.png,sim_data/masks\04802.png,-0.0006155604496598244
sim_data/RGB\04803.png,sim_data/masks\04803.png,0.00017573311924934387
sim_data/RGB\04804.png,sim_data/masks\04804.png,0.0
sim_data/RGB\04805.png,sim_data/masks\04805.png,0.0
sim_data/RGB\04806.png,sim_data/masks\04806.png,0.0006155604496598244
sim_data/RGB\04807.png,sim_data/masks\04807.png,-0.00017573311924934387
sim_data/RGB\04808.png,sim_data/masks\04808.png,0.0
sim_data/RGB\04809.png,sim_data/masks\04809.png,0.0
sim_data/RGB\04810.png,sim_data/masks\04810.png,0.0007912935689091682
sim_data/RGB\04811.png,sim_data/masks\04811.png,0.00043982735951431096
sim_data/RGB\04812.png,sim_data/masks\04812.png,0.00043982735951431096
